registration_series,registration_number,organization_name,expiry_date,fee_amount,bgmea_reg_no,bgmea_address,bgmea_phone,bgmea_email,rsc_factory_id,rsc_address,rsc_buyers,github_buyers,github_source,match_score,match_confidence
Ba: Bo:,10,Ahmed Specialised Textile Mill.,22-04-1987,3500,6543,,,mujib@smartjeansctg.com,,,,,,73.52941176470588,low
Ba: Bo:,14,M/S Yusuf Textile Mills.,19-08-1989,2500,5952,,,,,,,,,68.29268292682926,low
Ba: Bo:,17,A huabahan textile  & penting,25-09-2021,4500,4409,,,,,,,,,60.71428571428572,low
Ba: Bo:,25,Rahim Specialijed Textile,09-02-1977,2500,6543,,,mujib@smartjeansctg.com,,,,,,64.51612903225806,low
Ba: Bo:,36,Sinha Textiles Ltd,26-01-2000,5500,6973,,,md.emran28@yahoo.com,,,,,,83.33333333333334,confirmed
Ba: Bo:,39,Chandpur Textile Mills Ltd.,02-06-2003,4500,6508,,,dtml@dbg.com.bd,,,,,,85.71428571428572,confirmed
EP:,13,Ahmed Bawani Textile Mills Ltd.,30-11--0001,6500,5475,,,,,,,,,87.71929824561404,confirmed
EBL:,17,A Shubhan Textile.,27-09-2022,5500/-,5936,,,,,,,,,70.96774193548387,low
EBL:,22,Pahartali Textile & Hosiery Mills Ltd.,28-06-1998,3500,4776,,,mebtex@colbd.com,,,,,,71.64179104477613,low
EBL:,28,Monno Textile Mills Ltd.,30-11--0001,3500,708,,,monotex@bdmail.net,,,,,,90.19607843137256,confirmed
Ba: Bo:,82,Tayeh Ashrat.Textile ills Ltd.,25-12-1988,2500,,,,,,,,,,0,none
Ba: Bo:,81,Chillagong Textile Mills Ctd.,24-05-1998,5000,3675,,,k2ahsan@yahoo.com,,,,,,76.36363636363637,low
Ba: Bo:,94,Ena Textile,23-09-2021,2500,5936,,,,,,,,,83.33333333333334,confirmed
Ba: Bo:,98,Saleha Garments Ltd.,12-02-2022,6500/-,1105,,,sglimpexp@gmail.com,,,,,,90.0,confirmed
Ba: Bo:,131,Bahar Dyeing Works,03-07-2003,4500,,,,,,,,,,0,none
Ba: Bo:,144,Chittagong Drying Finishing & Printing Mills,27-06-2002,7000,2016,,,cotton@cottongroupbd.com.bd,,,,,,72.5,low
Ba: Bo:,156,Ashulia Apparels Ltd.,30-11--0001,2500,4257,,,ashuliaapparels@gmail.com,,,,,,100.0,confirmed
Ba: Bo:,168,B R Enterprise Dyeing & Finishing Mills,02-02-2017,4500,4725,,,mahtab@falcongroupbd.com,,,,,,67.53246753246754,low
Ba: Bo:,180,Monno Textile Mills.,06-03-1997,2500,708,,,monotex@bdmail.net,,,,,,76.59574468085107,low
Ba: Bo:,203,Sundarbon Textile Mills.,23-11-1994,3500,3985,,,info@sattartextile.com,,,,,,69.38775510204081,low
Ba: Bo:,209,Sinha Apparels Ltd.,12-07-1998,4500,4483,,,khosru@nipagroup.net,,,,,,92.3076923076923,confirmed
Ba: Bo:,210,Parmeta Fashion Ltd.,09-06-2021,5500,6138,,,subhasis@parbafashion.net,,,,,,89.47368421052632,confirmed
Ba: Bo:,228,Rafsan Dyeing,09-08-2018,5000,,,,,,,,,,0,none
Ba: Bo:,236,Azmiri Textile Procesing Mills.,09-12-2015,2500,4143,,,gopesh@apexholdings.com,,,,,,66.66666666666667,low
Ba: Bo:,249,Ashraf Textile Mills Ltd.,28-01-2007,3500,2154,,,arefin@arefingroupbd.com,,,,,,88.0,confirmed
Ba: Bo:,251,Silvetex Dyeinj & Finesing.,10-01-1986,3500,5915,,,navyhosiery@gmail.com,,,,,,62.5,low
Ba: Bo:,256,Syntex Printing Finishing Mills Ltd.,12-03-1998,5000,5915,,,navyhosiery@gmail.com,,,,,,68.49315068493152,low
Ba: Bo:,262,R.K. Textile & Processing Plant.,12-06-1996,3500,6983,,,nazimuddin@abedingroup.com,,,,,,63.76811594202898,low
Ba: Bo:,260,Rokeya Calendr & Textile Mills.,23-10-2012,3500,6829,,,matiur_rtml@yahoo.com,,,,,,67.79661016949152,low
Ba: Bo:,278,Caretex (Finishing Mills)Ltd.,07-09-2003,4500,5817,,,shahin@laurelsfashion.com,,,,,,61.224489795918366,low
Ba: Bo:,285,Atlantic Washing Plant Cod.,23-03-1996,4500,7012,,,mizanmahid7@gmail.com,,,,,,73.91304347826086,low
Ba: Bo:,286,Comiopoliton Textiles Ltd.,13-08-2001,4500,4233,,,ndaulah@dirdgroup.org,,,,,,77.77777777777779,low
Ba: Bo:,293,Rokeya Dyeing & Finishing Ind.Ltd.,19-11-1995,5500,1897,,,doel@doelgroup.com,,,,,,72.97297297297297,low
Ba: Bo:,295,Anjalce Textile Mills Ltd.,08-11-2004,5500,2154,,,arefin@arefingroupbd.com,,,,,,82.35294117647058,confirmed
Ba: Bo:,312,M/S Knit Asia Ltd.,10-08-2007,6500,3054,,,allabj@newasiabd.com,,,,,,87.5,confirmed
Ba: Bo:,317,M/S Ahmed Specialized Textile Mills Ltd.,03-05-1987,2500,6543,,,mujib@smartjeansctg.com,,,,,,77.92207792207793,low
Ba: Bo:,319,M/S United Fashion Trousers Ltd.,06-07-2007,3500,2478,,,tanvir@eastwestindpark.com,,,,,,93.33333333333333,confirmed
Ba: Bo:,320,M/S Crescent Textiles Ltd.,12-03-1992,6500,4371,,,md@dresdentextiles.com,,,,,,80.85106382978724,confirmed
Ba: Bo:,322,Danish Knitware Ltd.,01-06-2016,2500,5724,,,khasandkl@gmail.com,,,,,,87.17948717948718,confirmed
Ba: Bo:,329,Sharothee Textile Mills Ltd.,27-10-1991,6500,3985,,,info@sattartextile.com,,,,,,83.01886792452831,confirmed
Ba: Bo:,334,Swapna Textile Mills Ltd.,22-01-1992,6500,3985,,,info@sattartextile.com,,,,,,88.0,confirmed
Ba: Bo:,345,Premier Dyeing & Calendaring Ltd.,16-03-1995,3500,2222,,,fatullah@bol-online.com,,,,,,71.23287671232876,low
Ba: Bo:,347,Goodline Fabrics Ltd.,24-11-2001,4500,4458,,,,,,,,,76.92307692307692,low
Ba: Bo:,349,M/S Magnificent Garments Ltd.,05-12-2001,3500,509,,,mansoor@luckybd.com,,,,,,79.16666666666666,low
Ba: Bo:,357,Jony Textile Mills Ltd.,26-10-2022,6500,3675,,,k2ahsan@yahoo.com,,,,,,85.71428571428572,confirmed
Ba: Bo:,361,Khanpure Textile Mills Ltd.,08-07-2001,4500,6690,,,fairtextilemills@yahoo.com,,,,,,84.0,confirmed
Ba: Bo:,364,New Meghna Textile Mills Ltd.,03-05-2022,7000,3233,,,regent@spnetctg.com,,,,,,74.07407407407408,low
Ba: Bo:,365,M/S Abedin Washing Plant.,17-09-2010,4500,7012,,,mizanmahid7@gmail.com,,,,,,68.18181818181819,low
Ba: Bo:,367,Shilpi Textile Dyeing & Procssing Mills Ltd.,06-10-2001,5000,4143,,,gopesh@apexholdings.com,,,,,,68.42105263157895,low
Ba: Bo:,377,Fastnlla Fabrics Ltd.,04-04-1997,6500,6768,,,fatullah@gmail.com,,,,,,90.47619047619048,confirmed
Ba: Bo:,380,Jamuna Textiles Ltd.,22-03-2023,6500,5717,,,,,,,,,87.8048780487805,confirmed
Ba: Bo:,382,M.B.M. Garments Ltd.,20-12-2000,2500,61,,,info@mbm.group,,,,,,91.89189189189189,confirmed
Ba: Bo:,383,M/s Taniya Dyeing Printing & Finishing Mills,13-06-2022,6500,5915,,,navyhosiery@gmail.com,,,,,,74.07407407407408,low
Ba: Bo:,394,NZN Fashion Wears Ltd.,24-03-1993,3500,368,,,nasir@pacificjeans.com,,,,,,100.0,confirmed
Ba: Bo:,396,Meghna Textile Mills Ltd.,03-05-2022,5000,3763,,,garment@kdsgroup.net,,,,,,76.59574468085107,low
Ba: Bo:,400,Azad Knit Dyeing & Garments(Pvt). Ltd.,12-03-2019,5000,2670,,,pride@pride-grp.com,,,,,,68.75,low
Ba: Bo:,402,Dhaka Textile Mills Ltd.,26-04-2017,4500,3763,,,garment@kdsgroup.net,,,,,,86.95652173913044,confirmed
Ba: Bo:,403,Shishir Garments Ltd.,13-05-1994,2500,1105,,,sglimpexp@gmail.com,,,,,,87.8048780487805,confirmed
Ba: Bo:,404,Shishir Garments Ltd.,13-05-1995,2500,1105,,,sglimpexp@gmail.com,,,,,,87.8048780487805,confirmed
Ba: Bo:,407,M/S R.R. Textile Mills Ltd.,20-06-1999,4500,3233,,,regent@spnetctg.com,,,,,,76.92307692307692,low
Ba: Bo:,409,Tamijuddin Textile Mills Ltd.,16-07-2003,4500,2329,,,tamalh@bdmail.net,,,,,,81.4814814814815,confirmed
Ba: Bo:,417,Security Printing Press .,26-11-2001,4500,,,,,,,,,,0,none
Ba: Bo:,420,Indigo Washing Ltd.,29-11-1996,2500,4220,,,fifltd@citechco.net,,,,,,77.77777777777779,low
Ba: Bo:,429,Kurigram Textile Mills.,22-11-2005,2500,6130,,,,,,,,,72.72727272727273,low
Ba: Bo:,433,Rohman Hosery Dyeing & Printins.,07-09-2005,5500,,,,,,,,,,0,none
Ba: Bo:,438,Faridpur Textile Ind.Ltd.,25-04-1994,6500,3021,,,greenfair.bd@gmail.com,,,,,,75.0,low
Ba: Bo:,442,Mascot Garments Ltd.,16-04-2001,2500,310,,,tonmoy@mascotgrp.com,,,,,,100.0,confirmed
Ba: Bo:,451,Phenix Fabrics Ltd.,27-06-1992,3500,3407,,,commercial@mondol.net,,,,,,78.94736842105263,low
Ba: Bo:,453,Eagle Star Textile Mills Ltd.,22-07-2004,3500,3985,,,info@sattartextile.com,,,,,,85.18518518518519,confirmed
Ba: Bo:,452,M/S- Panther Textiles Ltd.,09-06-1994,4500,4547,,,moshiur@saturnbd.com,,,,,,78.26086956521739,low
Ba: Bo:,457,Baghdadth Textile Mills Ltd.,12-04-2021,4500,5184,,,info@farihagroup.com,,,,,,80.76923076923077,confirmed
Ba: Bo:,458,K.D.S. Garments Ind. Ltd.,15-07-2011,3500,2541,,,altaf@nassagroup.org,,,,,,81.63265306122449,confirmed
Ba: Bo:,466,Fashion Washing Dying Ltd.,29-10-1997,"6,000/-",974,,,dewantex@bdcom.com,,,,,,76.0,low
Ba: Bo:,465,Comilla Dycing & Scroor Printing Work,26-09-1992,"3,500/-",,,,,,,,,,0,none
Ba: Bo:,471,Saiham Knit Composite Ltd.,15-03-2023,6000/-,5330,,,md@saihamknit.com,,,,,,100.0,confirmed
Ba: Bo:,475,R.B. Textile Mills,29-10-2004,"3,500/-",5952,,,,,,,,,74.28571428571429,low
Ba: Bo:,482,M/S Opex Garments Ltd.,22-11-1996,"3,500/-",203,,,opex@bdmail.net,,,,,,90.0,confirmed
Ba: Bo:,485,Poly Fabrics Ltd,22-09-2022,"4,500/-",4002,,,commercial@mondol.net,,,,,,80.0,confirmed
Ba: Bo:,488,Eagle Star Textile Mills Ltd.,23-03-2004,"2,500/-",3985,,,info@sattartextile.com,,,,,,85.18518518518519,confirmed
Ba: Bo:,490,Arafat Fashion Garments Ltd.,01-03-1999,,353,,,,,,,,,100.0,confirmed
Ba: Bo:,489,Caretex (Finishing Mills)Ltd.,18-03-2019,5000,5817,,,shahin@laurelsfashion.com,,,,,,61.224489795918366,low
Ba: Bo:,493,M/S Amtex Dyeing and printing,07-03-2023,"3,500/-",,,,,,,,,,0,none
Ba: Bo:,496,M.M. Garments Ltd.,24-04-1996,"3,500/-",314,,,mngroup@bbts.net,,,,,,94.44444444444444,confirmed
Ba: Bo:,499,Shah Fatehullah Textile Mills Ltd.,09-05-1995,"3,500/-",5184,,,info@farihagroup.com,,,,,,75.86206896551724,low
Ba: Bo:,500,Shah Fatehullah Textile Mills Ltd.,09-05-1995,"3,500/-",5184,,,info@farihagroup.com,,,,,,75.86206896551724,low
Ba: Bo:,501,Shah Fatehullah Textile Mills Ltd.,09-05-1995,"3,500/-",5184,,,info@farihagroup.com,,,,,,75.86206896551724,low
Ba: Bo:,508,M.M. Garments Ltd.,26-06-2001,"3,500/-",314,,,mngroup@bbts.net,,,,,,94.44444444444444,confirmed
Ba: Bo:,511,R. R. Textile Mills Ltd.,23-07-1996,"3,500/-",3233,,,regent@spnetctg.com,,,,,,81.63265306122449,confirmed
Ba: Bo:,513,Elita Garments Industries Ltd.,22-07-1992,"3,500/-",2692,,,shahmo35@gmail.com,,,,,,87.09677419354838,confirmed
Ba: Bo:,516,Cutting & Garments Factory Ltd.,10-10-2011,"3,500/-",4997,,,arshad@tefl-int.com,,,,,,72.72727272727273,low
Ba: Bo:,517,Opex Garments Ltd.,21-06-2003,"3,500/-",203,,,opex@bdmail.net,,,,,,100.0,confirmed
Ba: Bo:,532,Mainamati Textile Mills Ltd.,01-11-2001,"3,500/-",3587,,,saad_milaco@yahoo.com,,,,,,74.57627118644068,low
Ba: Bo:,538,Rahman Hosiery Dyeing & Finishing Mills.,18-01-1998,"4,500/-",4725,,,mahtab@falcongroupbd.com,,,,,,66.66666666666667,low
Ba: Bo:,537,Kazi Nuri Alam Textile & easter line (pvt.) Ltd.,08-07-2016,"3,500/-",,,,,,,,,,0,none
Ba: Bo:,540,Sun Textile Mills Ltd.,25-01-1999,"4,500/-",2329,,,tamalh@bdmail.net,,,,,,89.36170212765957,confirmed
Ba: Bo:,553,Swapan Garments Ltd.,30-11--0001,"3,500/-",4966,,,bariapp@gmail.com,,,,,,90.0,confirmed
Ba: Bo:,554,Swapan Garments Ltd.,20-05-1994,"3,500/-",4966,,,bariapp@gmail.com,,,,,,90.0,confirmed
Ba: Bo:,556,Tamyuddin Textile Mills Ltd.,04-05-2004,"3,500/-",2329,,,tamalh@bdmail.net,,,,,,83.01886792452831,confirmed
Ba: Bo:,560,Eime Textile Spening Mills Ltd.,12-07-2002,,4143,,,gopesh@apexholdings.com,,,,,,79.36507936507937,low
Ba: Bo:,563,Textile Industries Development Centre,17-07-2005,"3,500/-",332,,,argenta_bd@yahoo.com,,,,,,60.31746031746032,low
Ba: Bo:,562,Madina Textile Processing MIlls,06-07-2001,"3,500/-",2329,,,tamalh@bdmail.net,,,,,,60.71428571428572,low
Ba: Bo:,566,Knittex Indeutries Ltd.,19-03-1999,"3,500/-",1908,,,asad@fuljhury.com,,,,,,95.65217391304348,confirmed
Ba: Bo:,568,Crescent Textiles Ltd.,30-08-1999,"4,500/-",4371,,,md@dresdentextiles.com,,,,,,88.37209302325581,confirmed
Ba: Bo:,570,Cheung Hing Sweater (BD) Ltd.,01-09-1997,"3,500/-",4555,,,an_zel@hotmail.com,,,,,,76.92307692307692,low
Ba: Bo:,571,Samad Textile Industries Ltd.,30-11--0001,"3,500/-",7125,,,amal.podder@metrokd.com,,,,,,90.0,confirmed
Ba: Bo:,569,M/S: New Progoti Dyeing & Printing Industries,16-05-2011,"3,500/-",1910,,,nrgroup@global-bd.net,,,,,,60.24096385542168,low
Ba: Bo:,572,M/S R.K. Textile & Processing Plant.,26-10-2016,5500,6983,,,nazimuddin@abedingroup.com,,,,,,60.273972602739725,low
Ba: Bo:,577,Knit Fashion Liited,24-10-1999,"3,500/-",5219,,,saiful@mastexbd.com,,,,,,88.88888888888889,confirmed
Ba: Bo:,578,Pakeja Dyeeing & Printing Ind. (p) Ltd.,26-11-2002,"4,500/-",1910,,,nrgroup@global-bd.net,,,,,,70.12987012987013,low
Ba: Bo:,583,Pabna Textile & Proxessing Ind. (P) Ltd.,30-11--0001,"5,500/-",2504,,,giant@giantbd.com,,,,,,62.68656716417911,low
Ba: Bo:,591,Tajmahal Dyeing & Printing Works,14-03-2000,"6,500/-",,,,,,,,,,0,none
Ba: Bo:,592,Raj washing plant Ltd.,22-10-2017,"3,500/-",7012,,,mizanmahid7@gmail.com,,,,,,63.41463414634146,low
Ba: Bo:,593,Khan Bro's Textile Mills Ltd.,27-01-2011,"6,000/-",6508,,,dtml@dbg.com.bd,,,,,,79.3103448275862,low
Ba: Bo:,603,Imperical Dyeing & Hosiery Mills.,23-04-1996,,,,,,,,,,,0,none
Ba: Bo:,604,Super Fabrics,24-04-1997,"6,500/-",4593,,,shahid@rupagroup.net,,,,,,66.66666666666667,low
Ba: Bo:,606,Jamuna Knitting & Dyeing Ltd.,11-04-2022,"6,500/-",1429,,,jamunabd@bol-online.com,,,,,,100.0,confirmed
Ba: Bo:,611,Medlar Garments Ltd.,30-03-1994,,499,,,medlar@sinha-medlar.com,,,,,,100.0,confirmed
Ba: Bo:,614,Shawn Textile Industries (P) Ltd.,22-03-2000,"5,000/-",7125,,,amal.podder@metrokd.com,,,,,,84.375,confirmed
Ba: Bo:,622,M/S Auto Textile,22-08-2000,"6,500/-",6606,,,akif@sansgroupbd.com,,,,,,66.66666666666667,low
Ba: Bo:,624,Apex Fashion Ware Ltd.,10-07-2017,"6,000/-",6231,,,gopesh@apexholdings.com,,,,,,95.45454545454545,confirmed
Ba: Bo:,627,Bechal Dyeing & Printing Works Ltd.,12-06-2002,"5,000/-",1910,,,nrgroup@global-bd.net,,,,,,63.01369863013699,low
Ba: Bo:,628,Shan Knitting & Processing Ltd.,04-06-2006,"3,500/-",2504,,,giant@giantbd.com,,,,,,72.41379310344827,low
Ba: Bo:,631,Intigrity Apparels,15-08-2007,"2,500/-",1958,,,choice@globalctg.net,,,,,,75.0,low
Ba: Bo:,633,Ocean Garments Ltd.,16-08-2000,"2,500/-",3026,,,info@onusgroup.com,,,,,,86.48648648648648,confirmed
Ba: Bo:,632,Ocean Garments Ltd.,16-08-1996,"2,500/-",3026,,,info@onusgroup.com,,,,,,86.48648648648648,confirmed
Ba: Bo:,634,Unitex apparels Ltd.,03-08-1998,"2,500/-",6173,,,alim@aleyabd.com,,,,,,66.66666666666667,low
Ba: Bo:,638,Habibur Rahman Textile MIlls Ltd.,11-08-2022,"3,500/-",6690,,,fairtextilemills@yahoo.com,,,,,,75.0,low
Ba: Bo:,637,Shannoon Textile Ltd.,08-07-1994,"4,500/-",6606,,,akif@sansgroupbd.com,,,,,,84.21052631578947,confirmed
Ba: Bo:,640,Comilla Dyeing & Scrieu Printing works (Pvt.) Ltd.,14-06-2021,"4,500/-",5171,,,info@sikdergroup.com,,,,,,63.829787234042556,low
Ba: Bo:,641,Wisdom Fabrics,30-11--0001,"5,000/-",4641,,,alam@irisgroupbd.com,,,,,,70.96774193548387,low
Ba: Bo:,642,Moniukta Dyeing Printing & Finishing Ltd.,10-04-2006,"4,500/-",5915,,,navyhosiery@gmail.com,,,,,,87.17948717948718,confirmed
Ba: Bo:,646,Shanta Garments Ltd.,30-11-2016,4500,176,,,jamil@sgl.shantagroup.com,,,,,,100.0,confirmed
Ba: Bo:,648,Star Fabrics,28-11-2002,"5,000/-",2360,,,fashionpark@greenaro.com,,,,,,70.96774193548387,low
Ba: Bo:,657,Sigma Garments Ind.,30-11--0001,"2,500/-",2541,,,altaf@nassagroup.org,,,,,,79.06976744186046,low
Ba: Bo:,658,Peninsula Garments Ltd.,08-07-2018,"5,000/-",595,,,mannan915@hotgmail.com,,,,,,89.79591836734694,confirmed
Ba: Bo:,660,Opex Garments Ltd.,07-12-1996,"5,000/-",203,,,opex@bdmail.net,,,,,,100.0,confirmed
Ba: Bo:,664,Tanvir Textile Mills Ltd.,15-06-2011,"4,500/-",3603,,,rafique@tejgaontextile.com,,,,,,86.27450980392157,confirmed
Ba: Bo:,665,Imperial Knitting Ind. Ltd.,20-01-2010,"5,000/-",4255,,,bkil_bhuiyan@bakhrabad.com,,,,,,75.0,low
Ba: Bo:,667,Haque Wears International (P) Ltd.,14-01-1997,"2,500/-",1224,,,navid@dhaka.net,,,,,,80.64516129032258,confirmed
Ba: Bo:,672,M.S. Garments Ltd.,25-03-2004,"5,000/-",314,,,mngroup@bbts.net,,,,,,94.44444444444444,confirmed
Ba: Bo:,675,Lalmai Footwear Limited,26-03-2023,"3,500/-",594,,,rakib@team.com.bd,,,,,,63.829787234042556,low
Ba: Bo:,677,Austin Apparel (P) Ltd.,08-05-2001,"2,500/-",3848,,,eliaschy@designapparelsbd.com,,,,,,81.63265306122449,confirmed
Ba: Bo:,678,Austin Apparel (P) Ltd.,23-05-2001,"2,500/-",3848,,,eliaschy@designapparelsbd.com,,,,,,81.63265306122449,confirmed
Ba: Bo:,680,Haque Dyeing & Printing Mills,13-05-1999,"7,000/-",6833,,,info@mosharafgroup.com,,,,,,67.56756756756756,low
Ba: Bo:,679,Austin Apparel (P) Ltd.,23-05-2001,"2,500/-",3848,,,eliaschy@designapparelsbd.com,,,,,,81.63265306122449,confirmed
Ba: Bo:,682,Pahartali Textile & Hosiery Mills,06-05-2018,"3,500/-",2009,,,athl@citechco.net,,,,,,62.295081967213115,low
Ba: Bo:,683,Rupa Garments,26-06-1996,2,702,,,,,,,,,92.85714285714286,confirmed
Ba: Bo:,684,Gulshan Garments (P) Ltd.,15-05-1994,"2,500/-",207,,,alif-group@bdonline.com,,,,,,77.55102040816327,low
Ba: Bo:,685,Gulshan Garments (P) Ltd.,15-05-1994,"2,500/-",207,,,alif-group@bdonline.com,,,,,,77.55102040816327,low
Ba: Bo:,686,Sazzad Hossain Dyeing & Printing Works.,01-05-2004,"3,500/-",4606,,,mahbub@tunghaigroup.com,,,,,,60.0,low
Ba: Bo:,688,Sportex & Apparels (P) Ltd.,27-05-1997,"2,500/-",249,,,,,,,,,94.73684210526316,confirmed
Ba: Bo:,687,The Mak Dyeing,18-06-2002,"4,500/-",4457,,,fdl@farshegroup.com,,,,,,62.5,low
Ba: Bo:,689,Sportex & Apparels (P) Ltd.,27-05-1997,"2,500/-",249,,,,,,,,,94.73684210526316,confirmed
Ba: Bo:,690,Pacific Sweaters Limited,09-05-2017,"2,500/-",1423,,,pacific_fuji@btsnet.net,,,,,,88.88888888888889,confirmed
Ba: Bo:,691,Pacific Sweaters Limited,18-07-2002,"2,500/-",1423,,,pacific_fuji@btsnet.net,,,,,,88.88888888888889,confirmed
Ba: Bo:,692,Padma Knitted Dyeing,19-05-2008,"4,500/-",5833,,,mahdifashion@outlook.com,,,,,,66.66666666666667,low
Ba: Bo:,694,Mascot Apparel Limited,29-06-2001,"2,500/-",1274,,,tapan@mascotgrp.com,,,,,,87.8048780487805,confirmed
Ba: Bo:,695,Mascot Apparel Limited,29-06-2001,"2,500/-",1274,,,tapan@mascotgrp.com,,,,,,87.8048780487805,confirmed
Ba: Bo:,696,Brothers Fashion Limited,01-06-2005,"2,500/-",594,,,rakib@team.com.bd,,,,,,100.0,confirmed
Ba: Bo:,697,Brothers Fashion Limited,01-06-2005,"2,500/-",594,,,rakib@team.com.bd,,,,,,100.0,confirmed
Ba: Bo:,698,Misami Garments Limited,22-06-1998,"2,500/-",119,,,bgmea@misami.com,,,,,,88.37209302325581,confirmed
Ba: Bo:,699,Gias textile Mills Ltd.,20-10-2010,"4,500/-",6690,,,fairtextilemills@yahoo.com,,,,,,82.6086956521739,confirmed
Ba: Bo:,700,Quality Garments Washing Ind.,24-06-2011,"3,500/-",4068,,,info@trzgroup.com,,,,,,69.0909090909091,low
Ba: Bo:,701,Titan Apparels Ltd.,27-06-1995,"2,500/-",5456,,,,,,,,,90.0,confirmed
Ba: Bo:,702,Titan Apparels Ltd.,19-06-1997,"2,500/-",5456,,,,,,,,,90.0,confirmed
Ba: Bo:,703,Diana Garments (R.t.) Ltd.,20-06-2003,"2,500/-",895,,,alana@citechco.net,,,,,,92.3076923076923,confirmed
Ba: Bo:,704,Diana Garments (R.t.) Ltd.,29-06-2004,"2,500/-",895,,,alana@citechco.net,,,,,,92.3076923076923,confirmed
Ba: Bo:,706,Miti Apparels Ltd.,30-11--0001,"2,500/-",5852,,,mintapparelbd@gmail.com,,,,,,91.42857142857143,confirmed
Ba: Bo:,707,Miti Apparels Ltd.,30-11--0001,"2,500/-",5852,,,mintapparelbd@gmail.com,,,,,,91.42857142857143,confirmed
Ba: Bo:,709,Bismillah Knit Wear Ltd.,30-11--0001,"2,500/-",5715,,,kamal@kemsgroup.com,,,,,,75.55555555555556,low
Ba: Bo:,711,Aegis Textile Mills Ltd.,21-07-2017,"3,500/-",2154,,,arefin@arefingroupbd.com,,,,,,89.79591836734694,confirmed
Ba: Bo:,715,Sonargaon Textile Mfg. Corp. Ltd.,09-08-1998,"7,000/-",708,,,monotex@bdmail.net,,,,,,66.66666666666667,low
Ba: Bo:,720,Borax Apparels Ltd.,30-11--0001,"3,500/-",1380,,,borax@bdcom.com,,,,,,100.0,confirmed
Ba: Bo:,722,Noman Fabrics Ltd.,16-05-2018,"7,000/-",5170,,,shahadat@nomanfashion.com,,,,,,81.81818181818181,confirmed
Ba: Bo:,724,Arrow Fashion (R.t.) Ltd.,24-07-1995,"5,000/-",4523,,,commercial@arrow-group.net,,,,,,76.0,low
Ba: Bo:,726,Sattar Knit Dyeing & Finishing Mills Ltd.,15-08-2002,"3,500/-",4725,,,mahtab@falcongroupbd.com,,,,,,86.07594936708861,confirmed
Ba: Bo:,708,Bismillah Knit Wear Ltd.,30-11--0001,"2,500/-",5715,,,kamal@kemsgroup.com,,,,,,75.55555555555556,low
Ba: Bo:,727,D.N. Textile Mills Ltd.,12-08-1996,"5,500/-",5167,,,pride@pride-grp.com,,,,,,91.30434782608697,confirmed
Ba: Bo:,733,Zilani Apparels Limited,17-08-2003,"2,500/-",5543,,,info@dslgroupbd.com,,,,,,85.71428571428572,confirmed
Ba: Bo:,732,Zilani Apparels Limited,17-08-2003,"2,500/-",5543,,,info@dslgroupbd.com,,,,,,85.71428571428572,confirmed
Ba: Bo:,734,Zilani Apparels Limited,17-08-2003,"2,500/-",5543,,,info@dslgroupbd.com,,,,,,85.71428571428572,confirmed
Ba: Bo:,735,Zilani Apparels Limited,27-08-2003,"2,500/-",5543,,,info@dslgroupbd.com,,,,,,85.71428571428572,confirmed
Ba: Bo:,738,Vi Vi Textile Mills (Pvt.) Ltd.,25-07-2006,"5,000/-",3587,,,saad_milaco@yahoo.com,,,,,,77.41935483870968,low
Ba: Bo:,739,Wisdom Fabrics,16-09-2002,"5,500/-",4641,,,alam@irisgroupbd.com,,,,,,70.96774193548387,low
Ba: Bo:,746,Shirt Makers Limited,25-10-1993,,1018,,,smkhan@shirtmakersltd.com,,,,,,86.48648648648648,confirmed
Ba: Bo:,747,Nasir Sweaters Ltd.,05-04-1998,"2,500/-",3666,,,noamisl@aitlbd.net,,,,,,89.47368421052632,confirmed
Ba: Bo:,750,Chittagong Dyeing Finishing & Printing Mills Ltd.,11-09-2005,"5,500/-",2016,,,cotton@cottongroupbd.com.bd,,,,,,82.35294117647058,confirmed
Ba: Bo:,749,Super Knitting & Dyeing Mills.,12-09-2004,"5,000/-",1840,,,compliance@superknittingbd.com,,,,,,92.3076923076923,confirmed
Ba: Bo:,753,Monwara Dyeing & Printing,30-11--0001,"5,000/-",1429,,,jamunabd@bol-online.com,,,,,,62.96296296296296,low
Ba: Bo:,751,Jamuna Knitting & Dyeing Ltd.,22-10-2002,"7,000/-",1429,,,jamunabd@bol-online.com,,,,,,100.0,confirmed
Ba: Bo:,752,Esquire Dyeing Ind. Ltd.,22-07-2022,6000/-,4477,,,info@mbm.group,,,,,,68.08510638297872,low
Ba: Bo:,759,Binni Garments Ltd.,23-04-1999,"2,500/-",497,,,binnigmts01@gmail.com,,,,,,97.2972972972973,confirmed
Ba: Bo:,758,Jenesis Fashion Ltd.,02-09-2002,"2,500/-",1369,,,tarique_ahmed@mj-group.com,,,,,,95.0,confirmed
Ba: Bo:,757,Jaansco Garments Industries Ltd.,25-11-2001,"2,500/-",1200,,,,,,,,,77.41935483870968,low
Ba: Bo:,762,Alauddin Textile (ATM) Pvt. Ltd.,18-10-2022,"6,000/-",4596,,,asif@urmigroup.net,,,,,,65.57377049180329,low
Ba: Bo:,764,Knittex Industries Ltd.,30-11--0001,"4,500/-",1908,,,asad@fuljhury.com,,,,,,100.0,confirmed
Ba: Bo:,765,Knittex Industries Ltd.,14-11-2000,"3,500/-",1908,,,asad@fuljhury.com,,,,,,100.0,confirmed
Ba: Bo:,770,Astras Garments Ltd.,16-01-2001,"2,500/-",74,,,murshedy@envoy-group.com,,,,,,97.43589743589743,confirmed
Ba: Bo:,771,Anvoy Garments Ltd.,15-10-2012,"2,500/-",430,,,murshedy@envoy-group.com,,,,,,94.73684210526316,confirmed
Ba: Bo:,769,Regal Garments Ltd.,15-01-2005,"2,500/-",867,,,murshedy@envoy-group.com,,,,,,100.0,confirmed
Ba: Bo:,772,Envoy Garments Ltd.,20-12-2002,"2,500/-",430,,,murshedy@envoy-group.com,,,,,,100.0,confirmed
Ba: Bo:,773,Jhumka Textile (Pvt) Ltd.,26-01-2022,"5,500/-",2447,,,,,,,,,77.55102040816327,low
Ba: Bo:,778,Haroon Dyeing & Printing Works,05-06-2005,"5,000/-",1429,,,jamunabd@bol-online.com,,,,,,61.01694915254237,low
Ba: Bo:,780,H.R. Textile Mills Ltd.,22-10-2008,"6,000/-",5167,,,pride@pride-grp.com,,,,,,100.0,confirmed
Ba: Bo:,781,Mita Textile Ltd.,09-01-2008,"2,500/-",6973,,,md.emran28@yahoo.com,,,,,,85.71428571428572,confirmed
Ba: Bo:,783,Knitex Industries Ltd.,06-12-2020,"6,500/-",1908,,,asad@fuljhury.com,,,,,,97.77777777777777,confirmed
Ba: Bo:,784,Shah Fatehullah Textile Mills Ltd.,26-12-2006,"2,500/-",5184,,,info@farihagroup.com,,,,,,75.86206896551724,low
Ba: Bo:,785,Shawon Textile Ind. (P) Ltd.,22-02-2002,"5,000/-",6980,,,salauddin.jakir@gmail.com,,,,,,81.63265306122449,confirmed
Ba: Bo:,787,Sattar Knit Dyeing & Finishing Mills Ltd.,07-02-1996,"7,000/-",4725,,,mahtab@falcongroupbd.com,,,,,,86.07594936708861,confirmed
Ba: Bo:,788,Fame Knitwears Limited,15-05-2005,"2,500/-",1630,,,shajal@sweater-makers.com,,,,,,87.8048780487805,confirmed
Ba: Bo:,790,Midway Apparels Ltd.,30-11--0001,"2,500/-",6544,,,alain@milanty-apparels.com,,,,,,87.8048780487805,confirmed
Ba: Bo:,791,Ashik Garments Ltd.,26-10-2002,"2,500/-",95,,,kamal@kemsgroup.com,,,,,,88.88888888888889,confirmed
Ba: Bo:,792,Ashik Garments Ltd.,10-08-1998,"2,500/-",95,,,kamal@kemsgroup.com,,,,,,88.88888888888889,confirmed
Ba: Bo:,795,Laurel Fabrics Ltd.,31-01-1997,"3,500/-",4458,,,,,,,,,81.08108108108108,confirmed
Ba: Bo:,794,Royal Knitting Mills,16-04-2006,"5,500/-",1904,,,nrgroup@global-bd.net,,,,,,72.72727272727273,low
Ba: Bo:,799,Five Ocess Washing Industries Ltd.,17-05-2007,"4,500/-",3608,,,info@givenseegroup.com,,,,,,68.96551724137932,low
Ba: Bo:,800,Popular Dyeing & Printing,19-06-2018,3500,1429,,,jamunabd@bol-online.com,,,,,,62.96296296296296,low
Ba: Bo:,801,Euro Knitting & Dyeing Industries Ltd.,13-01-1997,"5,000/-",1944,,,mazharul@fareastknit.com,,,,,,78.37837837837837,low
Ba: Bo:,802,Euro Knitting & Dyeing Industries Ltd.,13-01-1997,"5,500/-",1944,,,mazharul@fareastknit.com,,,,,,78.37837837837837,low
Ba: Bo:,803,Rahmat Textiles Limited,21-12-2014,"2,500/-",1041,,,rwd_int@yahoo.com,,,,,,81.81818181818181,confirmed
Ba: Bo:,804,I.V. Textile Mills Ltd.,22-02-2021,"4,500/-",5167,,,pride@pride-grp.com,,,,,,91.30434782608697,confirmed
Ba: Bo:,805,Epoc Garments Ltd.,12-07-2020,"2,500/-",875,,,murshedy@envoy-group.com,,,,,,97.2972972972973,confirmed
Ba: Bo:,806,Sonargaon Dyeing and Printing Ind. Ltd.,02-04-2000,,1910,,,nrgroup@global-bd.net,,,,,,67.53246753246754,low
Ba: Bo:,809,Manita Knit Fabrics Ltd.,05-03-2000,"5,000/-",6010,,,,,,,,,85.1063829787234,confirmed
Ba: Bo:,811,Saiham Textile Mills Ltd.,25-04-2022,"3,500/-",3985,,,info@sattartextile.com,,,,,,88.0,confirmed
Ba: Bo:,813,Messures Friends Fabrics (Pvt.) Ltd.,26-11-2002,"5,000/-",1875,,,faraz_fabrics@yahoo.com,,,,,,72.1311475409836,low
Ba: Bo:,814,Venguard Garments Ltd.,09-11-2022,"6,000/-",331,,,nafidnabi@gmail.com,,,,,,95.45454545454545,confirmed
Ba: Bo:,817,Demra Textile,08-06-2021,"6,500/-",5936,,,,,,,,,76.92307692307692,low
Ba: Bo:,822,Messures Somahar Sweaters Ltd.,15-02-2000,"2,500/-",3700,,,mermaid@bol-online.com,,,,,,74.50980392156863,low
Ba: Bo:,823,M Color Fabrics,26-04-2005,"4,500/-",930,,,ehsanbgmeactg@gmail.com,,,,,,62.06896551724138,low
Ba: Bo:,824,Messures United Hosiery Dyeing & Processing Industries,07-06-2010,"4,500/-",,,,,,,,,,0,none
Ba: Bo:,828,Messures Auto Textile Ltd.,20-07-2006,"6,500/-",5147,,,mtlhasan@gmail.com,,,,,,69.38775510204081,low
Ba: Bo:,829,Platinum Textile Mills Ltd.,24-09-1996,"4,500/-",2329,,,tamalh@bdmail.net,,,,,,84.61538461538461,confirmed
Ba: Bo:,831,Messures F.A.R. Apparels Ltd.,23-01-2012,"3,500/-",2256,,,meshu@globalctg.net,,,,,,75.0,low
Ba: Bo:,830,Messures Progressive Dyeing & Processing,30-11--0001,"4,500/-",,,,,,,,,,0,none
Ba: Bo:,835,Messures Mozahid Textile Corporation Ltd.,08-06-2009,"7,000/-",872,,,faruk@shaningroup.net,,,,,,64.70588235294117,low
Ba: Bo:,834,Messures Dynesti Textiles Ltd.,30-11--0001,"6,500/-",4266,,,pktlbd@gmail.com,,,,,,68.96551724137932,low
Ba: Bo:,838,Kallol Textiles Ltd.,04-06-2006,"6,500/-",925,,,info@purbanigroup.com,,,,,,82.05128205128204,confirmed
Ba: Bo:,837,Bangladesh Dyeing & Finishing Industries Ltd.,17-08-2022,"6,500/-",1897,,,doel@doelgroup.com,,,,,,91.76470588235294,confirmed
Ba: Bo:,840,Messures Ambar Apparels & Textiles Ltd. f,22-05-2001,"5,500/-",4195,,,junaied@mamappareltextile.com,,,,,,73.52941176470588,low
Ba: Bo:,839,Shatarupa Textiles Ltd.,10-05-2012,"4,500/-",2148,,,log@savartex.com,,,,,,85.71428571428572,confirmed
Ba: Bo:,844,Messures Uttara Apparels Ltd.,05-06-1998,"2,500/-",1436,,,megastar@bdmail.net,,,,,,78.43137254901961,low
Ba: Bo:,843,Messures Alit Garments Ind. Ltd.,13-12-2016,2500,20,,,ramzulseraj@gmail.com,,,,,,77.19298245614034,low
Ba: Bo:,845,Messures Bright Textile & Processing Mills,26-08-1999,"5,000/-",,,,,,,,,,0,none
Ba: Bo:,849,Messures Union Textiles Ltd.,13-06-2006,"6,500/-",5359,,,eftakher@uniformtextile.com,,,,,,70.83333333333333,low
Ba: Bo:,850,Messures Prime Textile Spening Mills Ltd.,23-08-2019,"2,500/-",4143,,,gopesh@apexholdings.com,,,,,,71.23287671232876,low
Ba: Bo:,852,Palli Textiles Ltd.,29-08-2003,"4,500/-",2412,,,pegasi@globalctg.net,,,,,,87.17948717948718,confirmed
Ba: Bo:,854,The Reliance Textile Ind.,26-08-1999,"3,500/-",4430,,,clefo@bbts.net,,,,,,65.3061224489796,low
Ba: Bo:,855,Apple Knit,11-09-2016,2500,2544,,,knitex@spnetctg.com,,,,,,60.0,low
Ba: Bo:,856,Nuaiba Fashions Ltd.,29-07-2008,"2,500/-",4542,,,enam@naabfashionltd.com,,,,,,89.47368421052632,confirmed
Ba: Bo:,857,Messures Sadar Textile Mills Ltd.,22-08-2002,"2,500/-",3985,,,info@sattartextile.com,,,,,,79.3103448275862,low
Ba: Bo:,859,Messures Shyamrock Knit Works Ltd.,10-08-1997,"2,500/-",5816,,,westknit@link3.net,,,,,,60.37735849056604,low
Ba: Bo:,860,R.K. Fashion Ltd.,29-05-2006,"5,500/-",1372,,,melodyrm@bdcom.com,,,,,,91.42857142857143,confirmed
Ba: Bo:,862,Osenia Fashion Apparels,21-08-2006,"2,500/-",6998,,,apparelfashionbdp@gmail.com,,,,,,76.19047619047619,low
Ba: Bo:,858,Roni Textile Mills,10-08-1997,"3,500/-",3233,,,regent@spnetctg.com,,,,,,74.4186046511628,low
Ba: Bo:,864,Osenia Fashion Apparels,28-08-2006,"2,500/-",6998,,,apparelfashionbdp@gmail.com,,,,,,76.19047619047619,low
Ba: Bo:,863,Osenia Fashion Apparels,21-08-2006,"2,500/-",6998,,,apparelfashionbdp@gmail.com,,,,,,76.19047619047619,low
Ba: Bo:,867,Vatex Palokton Dyeing Ltd.,30-11--0001,"6,000/-",6190,,,moontexdesign@gmail.com,,,,,,71.11111111111111,low
Ba: Bo:,866,Standard Garments Ind. Ltd.,15-08-2006,"2,500/-",5857,,,info.dir@shinshingroup.com,,,,,,84.0,confirmed
Ba: Bo:,868,Messures Knittex Dyeing & Printing Ltd.,08-11-2003,"6,000/-",5915,,,navyhosiery@gmail.com,,,,,,71.05263157894737,low
Ba: Bo:,869,Bogra Fabrics (P.) Ltd.,03-09-2004,"3,500/-",4523,,,commercial@arrow-group.net,,,,,,79.16666666666666,low
Ba: Bo:,871,Messures Premiure Dyeing & Calendering Ltd.,25-10-2017,"5,000/-",2222,,,fatullah@bol-online.com,,,,,,67.46987951807229,low
Ba: Bo:,872,Messures Shapla Scrin & Dyeing Printers,23-09-2022,"4,500/-",,,,,,,,,,0,none
Ba: Bo:,873,Chowdhury Knit Wire Ltd.,15-09-2006,"4,500/-",3368,,,shamim@ckl-bd.com,,,,,,79.16666666666666,low
Ba: Bo:,874,Aparupa Textile Mills Ltd.,09-08-2004,"4,500/-",6690,,,fairtextilemills@yahoo.com,,,,,,85.71428571428572,confirmed
Ba: Bo:,877,Messures Phonics Textile Mills Ltd.,07-10-2005,"6,500/-",3603,,,rafique@tejgaontextile.com,,,,,,68.85245901639344,low
Ba: Bo:,878,Messures Khalek Knitting & Garments Ind. (P.) Ltd.,25-10-1997,"2,500/-",5922,,,ikgpl@dhaka.net,,,,,,62.65060240963856,low
Ba: Bo:,880,Bombay Dyeing Printing & Finishing Ind. Ltd.,17-11-2005,"3,500/-",5915,,,navyhosiery@gmail.com,,,,,,79.01234567901234,low
Ba: Bo:,879,Messures Khalek Knitting & Garments Ind. (P.) Ltd.,07-10-2009,"5,000/-",5922,,,ikgpl@dhaka.net,,,,,,62.65060240963856,low
Ba: Bo:,881,Messures Well Sweaters Ltd.,08-10-2013,"2,500/-",5760,,,maishanur786@yahoo.com,,,,,,73.91304347826086,low
Ba: Bo:,883,Messures Osman Textile Mills,26-10-2004,"5,000/-",2329,,,tamalh@bdmail.net,,,,,,64.15094339622642,low
Ba: Bo:,887,Unision Knit Wire Ltd.,14-12-2002,,5156,,,rahim@uniongarmentsltd.com,,,,,,85.71428571428572,confirmed
Ba: Bo:,885,R. R. Fashion Ltd.,29-10-1999,"2,500/-",5905,,,nrrfashionltd@gmail.com,,,,,,91.89189189189189,confirmed
Ba: Bo:,886,A. N. Ashik Textiles Ltd.,10-10-1996,,1907,,,,,,,,,74.4186046511628,low
Ba: Bo:,891,Ruposi Fabrics Complex (Pvt.) Ltd.,13-10-2003,"3,500/-",2221,,,kamal.haider@rupashigroup.com,,,,,,94.11764705882352,confirmed
Ba: Bo:,892,Dandi Dyeing Ltd.,09-11-2011,"5,500/-",4166,,,imran@bandodesign.com,,,,,,76.47058823529412,low
Ba: Bo:,893,Messures Dandi Dyeing Ltd.,09-11-2011,"6,000/-",3487,,,info@ranl.net,,,,,,63.63636363636363,low
Ba: Bo:,894,Messures Favorite Garments Ltd.,16-03-2020,"2,500/-",287,,,arun2928@hotmail.com,,,,,,81.4814814814815,confirmed
Ba: Bo:,895,Uttaran Garments Ltd.,30-11--0001,"2,500/-",294,,,hasibapp@yahoo.com,,,,,,85.0,confirmed
Ba: Bo:,896,Messures Uttaran Garments Ltd.,30-11--0001,"2,500/-",346,,,masalam@asianapparels.com,,,,,,73.46938775510203,low
Ba: Bo:,898,Messures Palmal Garments Ltd.,27-11-2002,"5,000/-",644,,,mintu@mngroupbd.com,,,,,,75.0,low
Ba: Bo:,897,Messures Uttaran Garments Ltd.,30-11--0001,"2,500/-",346,,,masalam@asianapparels.com,,,,,,73.46938775510203,low
Ba: Bo:,900,Messures Sedlar Garments Ltd.,13-10-2012,"2,500/-",499,,,medlar@sinha-medlar.com,,,,,,81.63265306122449,confirmed
Ba: Bo:,902,New Arbi Textile Ind. Ltd.,29-10-2004,"2,500/-",5376,,,harunseamossrf@gmail.com,,,,,,76.59574468085107,low
Ba: Bo:,901,Global Fabrics (Pvt.) Ltd.,18-05-2017,"5,000/-",1875,,,faraz_fabrics@yahoo.com,,,,,,82.35294117647058,confirmed
Ba: Bo:,903,Surujjamal Textile Mills (Pvt.) Ltd.,07-11-1999,"2,500/-",3985,,,info@sattartextile.com,,,,,,72.1311475409836,low
Ba: Bo:,904,Pacific Knitting Co. Ltd.,30-11--0001,"2,500/-",3531,,,cotton@cottongroupbd.com.bd,,,,,,81.81818181818181,confirmed
Ba: Bo:,906,Messures Queens Apparels Ltd.,25-02-1998,"2,500/-",2796,,,s.makhdum@gmail.com,,,,,,76.0,low
Ba: Bo:,907,Royel Dresses International (Pvt.) Ltd.,11-11-1997,"2,500/-",2719,,,banking@yictg.com,,,,,,70.12987012987013,low
Ba: Bo:,908,Fariha Fashion Ltd.,08-05-2004,"6,000/-",2252,,,,,,,,,88.88888888888889,confirmed
Ba: Bo:,910,N.B. Apparels (Pvt.) Ltd.,13-12-2001,"2,500/-",1823,,,,,,,,,84.0,confirmed
Ba: Bo:,912,Arabic Textile Mills Ltd.,28-12-2004,"3,500/-",2154,,,arefin@arefingroupbd.com,,,,,,88.0,confirmed
Ba: Bo:,915,Ronson Knittings Ltd.,30-12-2010,"2,500/-",1817,,,ruslan@globalctg.net,,,,,,97.5609756097561,confirmed
Ba: Bo:,917,Palmal Garments Washing Ltd.,22-12-1997,"5,000/-",294,,,hasibapp@yahoo.com,,,,,,76.59574468085107,low
Ba: Bo:,916,Khadiza Textile Processing & Printing Industries Ltd.,30-01-2006,"4,500/-",6015,,,info@sonnettex.com,,,,,,65.06024096385542,low
Ba: Bo:,918,Al Arafat Dyeing Printing & Processing Mill,19-12-1997,"4,500/-",6833,,,info@mosharafgroup.com,,,,,,61.36363636363637,low
Ba: Bo:,920,Messures Amzad Textile Mills Ltd.,20-12-1997,"4,500/-",5475,,,,,,,,,74.57627118644068,low
Ba: Bo:,924,Far East Knitting & Dyeing Ind. Ltd.,20-12-1998,"2,500/-",1944,,,mazharul@fareastknit.com,,,,,,100.0,confirmed
Ba: Bo:,922,Parash moni Textile Mills Ltd.,24-12-2004,"5,500/-",708,,,monotex@bdmail.net,,,,,,77.19298245614034,low
Ba: Bo:,926,Messures Arman Textile &  Hosiery Ltd.,30-12-2009,"6,000/-",2009,,,athl@citechco.net,,,,,,83.07692307692307,confirmed
Ba: Bo:,925,Far East Knitting & Dyeing Ind. Ltd.,20-12-1998,"2,500/-",1944,,,mazharul@fareastknit.com,,,,,,100.0,confirmed
Ba: Bo:,930,Focus Fashions Ltd.,24-12-1999,"2,500/-",3906,,,jamil@fourhgroup.com,,,,,,87.17948717948718,confirmed
Ba: Bo:,932,Paradise Knitting & Dyeing Ltd.,05-12-1996,"4,500/-",2797,,,alana@citechco.net,,,,,,86.66666666666667,confirmed
Ba: Bo:,931,Al Salam Fabrics (Pvt.) Ltd.,14-07-2022,"5,500/-",4523,,,commercial@arrow-group.net,,,,,,79.24528301886792,low
Ba: Bo:,934,Century Knit Ware Ltd.,30-11--0001,"2,500/-",4756,,,info@radiancegroup-bd.com,,,,,,83.72093023255813,confirmed
Ba: Bo:,936,Be Fashions Ltd.,26-09-2005,"2,500/-",5652,,,,,,,,,94.11764705882352,confirmed
Ba: Bo:,937,Jodge Vuya Textile Mills,25-04-2016,"3,500/-",5952,,,,,,,,,68.29268292682926,low
Ba: Bo:,938,M Bitom Garments Ltd.,21-11-2000,"3,500/-",634,,,azimgarmentsltd@gmail.com,,,,,,82.05128205128204,confirmed
Ba: Bo:,940,Apparels Export Ltd.,30-11--0001,,1263,,,zainul@apparel-export.com,,,,,,97.43589743589743,confirmed
Ba: Bo:,941,Master Textile,30-11--0001,"3,500/-",7081,,,ceo@eagletextile.asia,,,,,,71.42857142857143,low
Ba: Bo:,942,Asoyan Textile Mills Ltd.,30-01-2010,"4,500/-",2154,,,arefin@arefingroupbd.com,,,,,,84.0,confirmed
Ba: Bo:,946,Venus Fashions Ltd.,29-12-2001,"2,500/-",1828,,,azimmf@azimgroup.com,,,,,,86.48648648648648,confirmed
Ba: Bo:,945,Messures Focus Fashions Ltd.,24-12-1999,"2,500/-",3344,,,gemtex@gtlbd.com,,,,,,73.91304347826086,low
Ba: Bo:,947,Venus Fashions Ltd.,29-12-2001,"2,500/-",1828,,,azimmf@azimgroup.com,,,,,,86.48648648648648,confirmed
Ba: Bo:,948,Venus Fashions Ltd.,29-12-2001,"2,500/-",1828,,,azimmf@azimgroup.com,,,,,,86.48648648648648,confirmed
Ba: Bo:,949,Venus Fashions Ltd.,29-12-2001,"2,500/-",1828,,,azimmf@azimgroup.com,,,,,,86.48648648648648,confirmed
Ba: Bo:,950,Hazi Dyeing & Printing Mills,28-11-2002,"4,500/-",6833,,,info@mosharafgroup.com,,,,,,68.49315068493152,low
Ba: Bo:,951,Softex Cotton (Pvt.) Ltd. (Sweater Division),07-03-2012,"2,500/-",1844,,,rezwan@softexsweater.com,,,,,,72.0,low
Ba: Bo:,952,Kazi Textile,17-01-1998,"4,500/-",5936,,,,,,,,,72.0,low
Ba: Bo:,956,S.S. Dyeing & Finishing Ind. Ltd.,28-05-2019,"4,500/-",5915,,,navyhosiery@gmail.com,,,,,,77.14285714285715,low
Ba: Bo:,957,A. F. M. Sweaters Ltd.,15-02-2003,"2,500/-",3728,,,knitexpo@spnetctg.com,,,,,,85.0,confirmed
Ba: Bo:,958,Aparupa Garments Industries Ltd.,19-02-1998,"2,500/-",2692,,,shahmo35@gmail.com,,,,,,87.5,confirmed
Ba: Bo:,960,Aparupa Garments Industries Ltd.,19-02-1998,"4,500/-",2692,,,shahmo35@gmail.com,,,,,,87.5,confirmed
Ba: Bo:,959,Sandiana Sweaters Ltd.,30-11--0001,"2,500/-",4414,,,info@palmalgarments.com,,,,,,87.8048780487805,confirmed
Ba: Bo:,961,Messures Aparupa Garments Industries,19-02-1998,"2,500/-",332,,,argenta_bd@yahoo.com,,,,,,70.96774193548387,low
Ba: Bo:,962,Messures Amena Fashion (P.) Ltd.,09-02-2005,"2,500/-",5553,,,,,,,,,72.41379310344827,low
Ba: Bo:,963,Messures Panna Textile Mills Ltd.,20-02-2001,"2,500/-",3985,,,info@sattartextile.com,,,,,,72.41379310344827,low
Ba: Bo:,964,Aminance Fashion Ltd.,26-07-2009,"2,500/-",2586,,,imamzimtex@bd.com,,,,,,87.17948717948718,confirmed
Ba: Bo:,965,Messures Korniya Dyeing  Ltd.,17-01-2005,"3,500/-",3487,,,info@ranl.net,,,,,,65.21739130434783,low
Ba: Bo:,966,Laxma Fashion Ltd.,19-02-2002,"2,500/-",3313,,,jamsgroupbd@yahoo.com,,,,,,85.71428571428572,confirmed
Ba: Bo:,967,Jamaluddin Textile (Pvt.) Ltd.,21-02-2022,"4,500/-",2447,,,,,,,,,77.77777777777779,low
Ba: Bo:,969,M/S R.A. Dyeing & Printing Industries (Pvt.) Ltd.,27-12-2018,"7,000/-",1910,,,nrgroup@global-bd.net,,,,,,75.86206896551724,low
Ba: Bo:,968,Sama Knitware,27-02-2004,"6,000/-",7134,,,ak.azad033@gmail.com,,,,,,75.0,low
Ba: Bo:,970,Switch Sweaters (Pvt.) Ltd.,30-11--0001,"2,500/-",1934,,,commercial@jams-group.com,,,,,,76.92307692307692,low
Ba: Bo:,971,Unicom Textile Mills Ltd.,02-11-2022,"6,000/-",5359,,,eftakher@uniformtextile.com,,,,,,80.0,confirmed
Ba: Bo:,974,Krishan Knitting Ltd.,04-01-2022,"2,500/-",2089,,,shibbirkklbd@gmail.com,,,,,,100.0,confirmed
Ba: Bo:,973,Lucent Apparels Ltd.,30-11--0001,"2,500/-",1680,,,lutfor@lumangroup.net,,,,,,87.17948717948718,confirmed
Ba: Bo:,976,Desin Knitts,30-11--0001,"2,500/-",6122,,,msknitdesign@gmail.com,,,,,,70.96774193548387,low
Ba: Bo:,977,Sonargaon textiles Ltd.,28-01-2022,"2,500/-",4547,,,moshiur@saturnbd.com,,,,,,79.06976744186046,low
Ba: Bo:,978,Raiyat Sweaters Ltd.,26-09-2008,"2,500/-",3812,,,info@naziat.co.cc,,,,,,90.0,confirmed
Ba: Bo:,979,A. J. Dresses Ltd.,12-09-2019,"2,500/-",3125,,,lasker@spnetctg.com,,,,,,82.35294117647058,confirmed
Ba: Bo:,981,Al Hamidi Textiles Ltd.,04-04-2022,"6,500/-",1412,,,mannan915@hotgmail.com,,,,,,82.92682926829268,confirmed
Ba: Bo:,980,Khaja Dyeing & Printing Works,24-03-2005,"4,500/-",1429,,,jamunabd@bol-online.com,,,,,,62.06896551724138,low
Ba: Bo:,982,Apparel Profile Ltd. f,12-04-2000,"2,500/-",5569,,,,,,,,,80.95238095238095,confirmed
Ba: Bo:,983,Jodge Vuya Textile Mills,19-04-2018,"4,500/-",5952,,,,,,,,,68.29268292682926,low
Ba: Bo:,972,Unicom Textile Mills Ltd.,16-04-2015,"6,500/-",5359,,,eftakher@uniformtextile.com,,,,,,80.0,confirmed
Ba: Bo:,985,Verture Apparels Ltd.,06-03-2008,"2,500/-",2879,,,vertex_ltd@onlinectg.net,,,,,,90.0,confirmed
Ba: Bo:,986,Messures Delta Dyeing & Fabrics,30-04-2002,"6,000/-",,,,,,,,,,0,none
Ba: Bo:,990,Valuka Superior Textile Mills Ltd.,07-04-1998,"4,500/-",1480,,,mamoon@dukefocus.com,,,,,,75.75757575757575,low
Ba: Bo:,992,Sun Seeds Apparels Ltd.,17-04-2005,"2,500/-",3009,,,asif@smeebd.com,,,,,,82.92682926829268,confirmed
Ba: Bo:,991,Messures S B Sweaters Ltd.,25-12-2004,"2,500/-",4660,,,ms.sweaterltd@gmail.com,,,,,,77.27272727272727,low
Ba: Bo:,993,Spartan Fashion Ltd.,17-01-2021,2500,5734,,,arman@spartanfashions.com,,,,,,97.5609756097561,confirmed
Ba: Bo:,995,"M, S, Dyeing & Finishing",23-04-2006,"5,500/-",5915,,,navyhosiery@gmail.com,,,,,,68.85245901639344,low
Ba: Bo:,994,The Chittagong Garments Ltd.,27-09-2005,"5,000/-",1120,,,ferhatabbas62@yahoo.com,,,,,,100.0,confirmed
Ba: Bo:,996,Lina Textile Industries Ltd.,10-04-1997,"5,000/-",6015,,,info@sonnettex.com,,,,,,79.3103448275862,low
Ba: Bo:,997,James Sweaters (Pvt.) Ltd.,12-03-2005,"2,500/-",1934,,,commercial@jams-group.com,,,,,,98.0392156862745,confirmed
Ba: Bo:,998,Fashion Trowsers Ltd.,05-05-2005,"2,500/-",727,,,tanvir@eastwestindpark.com,,,,,,95.23809523809523,confirmed
Ba: Bo:,1000,Dhaka Sweaters Industries Ltd.,14-04-2004,"2,500/-",3382,,,nazrul@diamondssweater.com,,,,,,85.24590163934427,confirmed
Ba: Bo:,1001,Unik Sweaters Industries Ltd.,20-01-2003,"2,500/-",6273,,,abrsweaters@gmail.com,,,,,,80.0,confirmed
Ba: Bo:,1002,Messures Kalyndi Textile,03-06-2001,"5,000/-",1538,,,landmark@bdmail.net,,,,,,60.0,low
Ba: Bo:,1003,Messures Asia Dyeing & Printing Works,12-05-2002,"4,500/-",,,,,,,,,,0,none
Ba: Bo:,1004,"Messures B, Brothers Garments",27-05-2000,"2,500/-",1737,,,,,,,,,68.96551724137932,low
Ba: Bo:,1005,"Messures B, Brothers Garments",27-05-2000,"2,500/-",1737,,,,,,,,,68.96551724137932,low
Ba: Bo:,1007,Manoyara Dyeing & Processing Ind.,23-06-2005,"6,500/-",6221,,,info@dslgroupbd.com,,,,,,66.66666666666667,low
Ba: Bo:,1009,Vega Sweaters (Pvt.) Ltd.,30-11--0001,"2,500/-",2176,,,wega@citechco.net,,,,,,80.70175438596492,confirmed
Ba: Bo:,1010,Kujlaxmi Apparels Ltd.,27-04-2004,"2,500/-",891,,,aziz@hamidgrp.com,,,,,,82.92682926829268,confirmed
Ba: Bo:,1011,"M, S, H, Garments",23-05-2000,"2,500/-",606,,,mdsalim@farzanagroup.com,,,,,,70.58823529411764,low
Ba: Bo:,1012,"M, S, H, Garments",23-05-2000,"2,500/-",606,,,mdsalim@farzanagroup.com,,,,,,70.58823529411764,low
Ba: Bo:,1013,Surjodoy Knitting Industries Ltd.,18-06-1997,"5,000/-",4007,,,sarkar@norpknit.com,,,,,,75.86206896551724,low
Ba: Bo:,1014,N M Knitt Dyeing & Washing Ind.,14-12-2011,"4,500/-",2855,,,mkdil@citech-bd.com,,,,,,67.64705882352942,low
Ba: Bo:,1017,M/S MitaTextile,28-12-2019,"4,500/-",6345,,,eti@gmsbd.com,,,,,,68.75,low
Ba: Bo:,1018,Balaka Color Knit Dyeing (P.),18-05-2006,"6,000/-",,,,,,,,,,0,none
Ba: Bo:,1020,Saladin Garments Ltd.,30-06-2000,"2,500/-",3703,,,ratul@centurygroup.info,,,,,,90.0,confirmed
Ba: Bo:,1021,Oli Knitting Fabrics Ltd.,22-05-2004,"6,500/-",2283,,,kazihossain@oliknitting.com,,,,,,100.0,confirmed
Ba: Bo:,1022,Fashion & Fabrics (P.) Ltd.,07-06-1999,"6,500/-",6970,,,raihan@silknurur.com,,,,,,81.4814814814815,confirmed
Ba: Bo:,1023,Kuliarchar Sweater Industries Ltd.,14-05-2018,"4,500/-",2102,,,,,,,,,88.88888888888889,confirmed
Ba: Bo:,1028,Dyanamic Textile Ind. Ltd.,30-11--0001,"3,500/-",3640,,,akabir@bestwoolbd.net,,,,,,80.76923076923077,confirmed
Ba: Bo:,1027,Narsingdi Seizing & Finishing Mills Ltd.,13-06-2011,"4,500/-",2624,,,apexmail@apex-tg.net,,,,,,72.0,low
Ba: Bo:,1026,The Padma Fabrics (P.) Ltd.,22-08-2017,"3,500/-",7020,,,fashionworld322@gmail.com,,,,,,68.08510638297872,low
Ba: Bo:,1032,Messures Ren Textile (P.) Ltd.,28-07-1998,"5,000/-",3233,,,regent@spnetctg.com,,,,,,69.0909090909091,low
Ba: Bo:,1031,G M Dyeing & Scrin Printing Ltd.,04-09-2025,3500,5915,,,navyhosiery@gmail.com,,,,,,72.46376811594203,low
Ba: Bo:,1030,Purbani Fabrics Ltd.,03-06-2022,"6,000/-",4593,,,shahid@rupagroup.net,,,,,,81.08108108108108,confirmed
Ba: Bo:,1033,Goriong (Bangladesh) Textile Ltd.,09-07-2001,"6,000/-",6007,,,,,,,,,78.68852459016394,low
Ba: Bo:,1034,Beril Apparels (P.) Ltd.,30-11--0001,"2,500/-",5121,,,raihanshams@delmasapparelsbd.com,,,,,,82.35294117647058,confirmed
Ba: Bo:,1036,Florence Fabrics Ltd.,22-07-2011,"2,500/-",2126,,,quamar@me.com,,,,,,100.0,confirmed
Ba: Bo:,1035,A Mozid & Dyeing & Printing Works,23-03-2023,"3,500/-",,,,,,,,,,0,none
Ba: Bo:,1038,Oil Mart Ltd. (Textile Unit ) A-47/48,18-09-2022,"4,500/-",,,,,,,,,,0,none
Ba: Bo:,1039,Institutional Textile Mills Ltd.,22-07-2018,"5,000/-",3675,,,k2ahsan@yahoo.com,,,,,,75.86206896551724,low
Ba: Bo:,1040,Neox Garments Ltd.,04-07-2009,"2,500/-",1437,,,,,,,,,88.88888888888889,confirmed
Ba: Bo:,1043,Asian Garments,18-08-2016,"4,500/-",6583,,,alnesargarments@gmail.com,,,,,,77.41935483870968,low
Ba: Bo:,1045,Unity Dyeing & Garments (P.),07-07-2006,"5,000/-",895,,,alana@citechco.net,,,,,,70.37037037037037,low
Ba: Bo:,1044,"G, S, Textile Industries",27-07-2001,"5,000/-",6015,,,info@sonnettex.com,,,,,,74.07407407407408,low
Ba: Bo:,1046,Arbit Fashion Works Ltd.,10-06-2010,"6,500/-",5951,,,bablu@nhk-ast.com,,,,,,80.95238095238095,confirmed
Ba: Bo:,1050,Chittagong Fashion Mellinium Textile Mills Ltd.,06-01-2023,"2,500/-",3075,,,afzal@chittagongfashion.com,,,,,,74.4186046511628,low
Ba: Bo:,1053,"H, A, Dyeing",07-07-1998,"2,500/-",,,,,,,,,,0,none
Ba: Bo:,1052,Sumsons Sweaters Ltd.,29-07-2011,"2,500/-",1579,,,info@samsonsbd.com,,,,,,95.23809523809523,confirmed
Ba: Bo:,1051,Azim Mannan Garments Ltd.,19-05-2005,"2,500/-",329,,,hrd@azimwovenctg.com,,,,,,92.5925925925926,confirmed
Ba: Bo:,1054,Ampire Dyeing Ltd.,02-11-2022,6500,3464,,,amity@amitydesign.net,,,,,,74.28571428571429,low
Ba: Bo:,1055,Barnali Textile & Printings,07-08-2004,"4,500/-",4143,,,gopesh@apexholdings.com,,,,,,64.40677966101696,low
Ba: Bo:,1062,Messures N M Khit Dyeing & Washing INdustries,30-11--0001,"3,500/-",,,,,,,,,,0,none
Ba: Bo:,1063,Messures Unitrade Fashions Ltd.,03-09-1997,"2,500/-",1359,,,info@unitradebd.com,,,,,,83.01886792452831,confirmed
Ba: Bo:,1064,Messures Unitrade Fashions Ltd.,03-09-1997,"2,500/-",1359,,,info@unitradebd.com,,,,,,83.01886792452831,confirmed
Ba: Bo:,1066,Messures Mahiuddin Textile,06-09-2000,"5,000/-",4596,,,asif@urmigroup.net,,,,,,65.45454545454545,low
Ba: Bo:,1068,Messures K. A. Textile Mills Ltd.,23-09-2001,"3,500/-",5167,,,pride@pride-grp.com,,,,,,75.0,low
Ba: Bo:,1065,Provati Dyeing & Scrin Printing Works Ltd.,25-09-2018,"3,500/-",4761,,,ndslfeni@gmail.com,,,,,,60.0,low
Ba: Bo:,1069,Jenira Textile Mills Ltd.,14-09-2006,"4,500/-",6690,,,fairtextilemills@yahoo.com,,,,,,87.5,confirmed
Ba: Bo:,1072,Khaja Dyeing & Calendaring & Finishing Mills,08-08-2016,4500,2016,,,cotton@cottongroupbd.com.bd,,,,,,70.0,low
Ba: Bo:,1070,Abed Textile Processing Mills Ltd.,18-08-2022,"6,000/-",4143,,,gopesh@apexholdings.com,,,,,,81.81818181818181,confirmed
Ba: Bo:,1075,Sams Dresses Ltd.,01-10-1997,"2,500/-",1099,,,,,,,,,100.0,confirmed
Ba: Bo:,1074,Sams Dresses Ltd.,01-10-1997,"2,500/-",1099,,,,,,,,,100.0,confirmed
Ba: Bo:,1076,Padda Shatel Arabic Apparels Ltd.,27-09-1997,"2,500/-",1621,,,murshedy@envoy-group.com,,,,,,71.69811320754718,low
Ba: Bo:,1077,Hollywood Fashion (P.) Ltd.,18-09-2008,,233,,,dr.humayun@pioneercasual.com,,,,,,92.85714285714286,confirmed
Ba: Bo:,1078,Messures Fabrico Washing Plant,04-09-1998,"2,500/-",7012,,,mizanmahid7@gmail.com,,,,,,65.3061224489796,low
Ba: Bo:,1080,Fashion Washing & Dying Ltd.,29-10-1997,,1496,,,design.excom@gmail.com,,,,,,73.46938775510203,low
Ba: Bo:,1082,Messures Shreepur Textile Mills,23-10-2006,"2,500/-",3233,,,regent@spnetctg.com,,,,,,60.71428571428572,low
Ba: Bo:,1083,Dynesti Knit Fashions Ltd.,10-10-2004,"2,500/-",2213,,,info@dynastygroupbd.com,,,,,,92.3076923076923,confirmed
Ba: Bo:,1085,Cheri Flower Knitware Ltd.,30-11--0001,"2,500/-",3368,,,shamim@ckl-bd.com,,,,,,72.0,low
Ba: Bo:,1086,Cheri Flower Knitware Ltd.,30-11--0001,"2,500/-",3368,,,shamim@ckl-bd.com,,,,,,72.0,low
Ba: Bo:,1087,Rasel Washing Plant,29-08-2020,"6,000/-",7012,,,mizanmahid7@gmail.com,,,,,,68.42105263157895,low
Ba: Bo:,1088,Kaolam Sweater Ltd.,30-11--0001,"2,500/-",5749,,,info@kalamsweater.com,,,,,,97.2972972972973,confirmed
Ba: Bo:,1089,Apubo Dying & Finishing Mills (P.) Ltd.,25-10-2006,,2016,,,cotton@cottongroupbd.com.bd,,,,,,80.0,confirmed
Ba: Bo:,1090,New Age Garments Ltd.,19-10-2012,"2,500/-",127,,,info@newage-group.com,,,,,,82.92682926829268,confirmed
Ba: Bo:,1091,New Age Apparels Ltd.,11-12-1999,"2,500/-",2168,,,info@newage-group.com,,,,,,82.92682926829268,confirmed
Ba: Bo:,1093,Milvitex (Dying & Finishing),26-09-1996,"5,000/-",2016,,,cotton@cottongroupbd.com.bd,,,,,,65.625,low
Ba: Bo:,1094,Lenny Fashions Ltd.,05-11-2017,3500,2184,,,waseem.siddiqui@lennyfashions.co,,,,,,100.0,confirmed
Ba: Bo:,1096,Asia Apparels Ltd.,02-06-1999,"7,000/-",1231,,,asian@spenectg.com,,,,,,97.2972972972973,confirmed
Ba: Bo:,1095,Asia Apparels Ltd.,01-06-2000,"2,500/-",1231,,,asian@spenectg.com,,,,,,97.2972972972973,confirmed
Ba: Bo:,1097,Chad Dying & Printing Mills,26-11-1997,"5,000/-",6833,,,info@mosharafgroup.com,,,,,,61.111111111111114,low
Ba: Bo:,1099,Sinha Garments & Textile Ltd.,08-09-1998,"2,500/-",3835,,,info@sunman.net,,,,,,93.33333333333333,confirmed
Ba: Bo:,1103,Sea Sore Apparels Ltd.,05-05-2016,"2,500/-",2215,,,seashore@techno-bd.net,,,,,,97.77777777777777,confirmed
Ba: Bo:,1108,M/S. Sonargaon Textile Mfg. Corp. Ltd.,16-12-2000,"7,000/-",708,,,monotex@bdmail.net,,,,,,64.61538461538461,low
Ba: Bo:,1107,Daffodil Washing Plat Ltld.,29-11-1999,"6,000/-",7012,,,mizanmahid7@gmail.com,,,,,,69.56521739130434,low
Ba: Bo:,1110,Convince Apparels Ltd.,15-03-2022,"5,000/-",3744,,,cal@convincebd.biz,,,,,,100.0,confirmed
Ba: Bo:,1111,Messures Ark Washing Ltd.,29-12-2016,4500,7003,,,md@pacificbluejeans.com,,,,,,73.46938775510203,low
Ba: Bo:,1112,Messures Ateun Garments Ltd.,02-12-1997,"2,500/-",1491,,,beaumonde@colbd.com,,,,,,73.07692307692308,low
Ba: Bo:,1114,Messures Ateun Garments Ltd.,02-12-1997,"2,500/-",1491,,,beaumonde@colbd.com,,,,,,73.07692307692308,low
Ba: Bo:,1113,Messures Ateun Garments Ltd.,02-12-1997,"2,500/-",1491,,,beaumonde@colbd.com,,,,,,73.07692307692308,low
Ba: Bo:,1115,Messures Ateun Garments Ltd.,02-12-1997,"2,500/-",1491,,,beaumonde@colbd.com,,,,,,73.07692307692308,low
Ba: Bo:,1116,Modern Garments Washing Plant,30-11--0001,,7012,,,mizanmahid7@gmail.com,,,,,,66.66666666666667,low
Ba: Bo:,1120,Messures Holy Fabrics,21-12-2005,"4,500/-",2655,,,ctg@asianapparels.com,,,,,,61.53846153846154,low
Ba: Bo:,1121,Sparro Apparels Ltd.,03-01-2021,"5,000/-",191,,,shawn@sparrow-group.com,,,,,,97.5609756097561,confirmed
Ba: Bo:,1132,Peninsula Garments Ltd.,24-08-1997,,595,,,mannan915@hotgmail.com,,,,,,89.79591836734694,confirmed
Ba: Bo:,1133,Sun Flower Garments Ltd.,21-09-2011,,307,,,azerasul@sumanfashion.com,,,,,,78.43137254901961,low
Ba: Bo:,1137,Rally Textile Mills Ltd.,15-05-2005,"3,500/-",2329,,,tamalh@bdmail.net,,,,,,81.63265306122449,confirmed
Ba: Bo:,1138,Abir Knitting Textile & Garments Ind. (P.) Ltd.,24-01-2009,"5,500/-",4409,,,,,,,,,66.66666666666667,low
Ba: Bo:,1141,Tonni Knitware Ltd.,24-04-2001,"2,500/-",899,,,,,,,,,89.47368421052632,confirmed
Ba: Bo:,1142,Chittagong Knitwares (P.) Ltd.,11-04-2011,"2,500/-",2272,,,rickylee@ckl1996.com,,,,,,93.5483870967742,confirmed
Ba: Bo:,1143,Yakub Garments Ltd.,16-08-2017,"2,500/-",360,,,info@sunman.net,,,,,,100.0,confirmed
Ba: Bo:,1145,Delta Fashions Industries Ltd.,24-04-2001,"2,500/-",6661,,,ceo@circularfashion.industries,,,,,,83.87096774193549,confirmed
Ba: Bo:,1144,Delta Fashions Industries Ltd.,10-01-2012,"2,500/-",6661,,,ceo@circularfashion.industries,,,,,,83.87096774193549,confirmed
Ba: Bo:,1148,Laxma Fashion Ltd.,12-03-2002,"2,500/-",3313,,,jamsgroupbd@yahoo.com,,,,,,85.71428571428572,confirmed
Ba: Bo:,1147,The Sinfa Knitts,30-11--0001,"2,500/-",5872,,,alom@moonluxknitbd.com,,,,,,62.857142857142854,low
Ba: Bo:,1150,Precission Kniting Systems Ltd.,12-04-2012,"6,000/-",2367,,,pksl@globalctg.net,,,,,,95.08196721311475,confirmed
Ba: Bo:,1153,Al-Hamd Textile Mills Ltd.,30-11--0001,"2,500/-",5475,,,,,,,,,84.61538461538461,confirmed
Ba: Bo:,1151,Bess Textile Ltd.,16-02-2022,"6,500/-",2621,,,shibli@basetextile.com,,,,,,88.23529411764706,confirmed
Ba: Bo:,1152,Klaston Apparels & Textiles Ltd.,24-01-2002,"2,500/-",4062,,,lemond@lemond-fashion.com,,,,,,85.71428571428572,confirmed
Ba: Bo:,1156,Messures Young One Sports Wear Ltd.,24-05-2002,"2,500/-",3405,,,commercial@yorkbd.com,,,,,,67.85714285714286,low
Ba: Bo:,1154,Rainbo Dying & Finishing Mills (P.) Ltd.,10-06-2009,"6,500/-",2016,,,cotton@cottongroupbd.com.bd,,,,,,76.31578947368422,low
Ba: Bo:,1159,Ha-Meem Washing Plaut,18-02-2005,"5,500/-",7012,,,mizanmahid7@gmail.com,,,,,,70.0,low
Ba: Bo:,1161,Messures Dhaka Textile Mills,25-05-2006,"4,500/-",3763,,,garment@kdsgroup.net,,,,,,64.0,low
Ba: Bo:,1162,Haris Dying & Knited Fabrics Ltd.,30-11--0001,"5,000/-",1944,,,mazharul@fareastknit.com,,,,,,66.66666666666667,low
Ba: Bo:,1163,Euta Apparels Ltd.,07-06-2000,"2,500/-",2926,,,mansoor@luckybd.com,,,,,,88.88888888888889,confirmed
Ba: Bo:,1164,Euro Bangla Sweaters Ltd.,30-01-2004,"2,500/-",6051,,,ananna.sweaters@yahoo.com,,,,,,75.55555555555556,low
Ba: Bo:,1167,Saint Garments Ltd.,22-06-2012,"2,500/-",509,,,mansoor@luckybd.com,,,,,,100.0,confirmed
Ba: Bo:,1169,A R M Washing Ltd .,09-06-2012,"4,500/-",7003,,,md@pacificbluejeans.com,,,,,,74.4186046511628,low
Ba: Bo:,1168,Anjali Textile Mills,05-01-2002,"5,000/-",6130,,,,,,,,,78.04878048780488,low
Ba: Bo:,1172,A. G. Textile Mills Ltd.,16-03-2007,"5,000/-",5167,,,pride@pride-grp.com,,,,,,89.36170212765957,confirmed
Ba: Bo:,1173,Apex Weaving & Finishing Mills Ltd.,14-06-2021,5500,2624,,,apexmail@apex-tg.net,,,,,,100.0,confirmed
Ba: Bo:,1171,International Fashion & Fair,12-06-2005,"2,500/-",2805,,,absar@topstarfashionbd.com,,,,,,75.40983606557377,low
Ba: Bo:,1174,Apex Weaving & Finishing Mills Ltd.,14-06-2021,"6,500/-",2624,,,apexmail@apex-tg.net,,,,,,100.0,confirmed
Ba: Bo:,1176,Messures Momin Textile,20-02-2019,4500,,,,,,,,,,0,none
Ba: Bo:,1179,V- Mark Fashion (P.) Ltd.,05-07-1998,,1119,,,ershadullah786@gmail.com,,,,,,82.14285714285714,confirmed
Ba: Bo:,1180,V- Mark Fashion (P.) Ltd.,05-07-1998,,1119,,,ershadullah786@gmail.com,,,,,,82.14285714285714,confirmed
Ba: Bo:,1182,Fabric Washing Plant,17-06-2015,,7012,,,mizanmahid7@gmail.com,,,,,,82.05128205128204,confirmed
Ba: Bo:,1185,Mohammadi Washing Dying & Garments Factory,19-06-1998,,6472,,,amanul.hossain@hams.com.bd,,,,,,64.86486486486487,low
Ba: Bo:,1184,Mohammadi Washing Dying & Garments,19-06-1998,,6472,,,amanul.hossain@hams.com.bd,,,,,,69.6969696969697,low
Ba: Bo:,1186,Oyega FAshion Sweater (P.) Ltd.,08-07-2002,"2,500/-",2176,,,wega@citechco.net,,,,,,76.19047619047619,low
Ba: Bo:,1190,Garden Textile Mills (P.) Ltd.,02-06-2019,5000,2154,,,arefin@arefingroupbd.com,,,,,,80.0,confirmed
Ba: Bo:,1189,Fabric Fair Dying & Printing Mills,04-04-2006,5500,6833,,,info@mosharafgroup.com,,,,,,63.29113924050633,low
Ba: Bo:,1193,Nur Dying & Printing Works,24-06-1999,5500,,,,,,,,,,0,none
Ba: Bo:,1192,Padma Polycotton Knit Fabrics Ltd.,23-06-2012,7000,2413,,,admin@padmapolycotton.net,,,,,,100.0,confirmed
Ba: Bo:,1194,Ideal Textile Mills Ltd.,02-06-1998,7000,6690,,,fairtextilemills@yahoo.com,,,,,,85.1063829787234,confirmed
Ba: Bo:,1195,Bilasi Textile Ind. (P.) Ltd.,02-07-1998,3500,2447,,,,,,,,,71.69811320754718,low
Ba: Bo:,1196,Bangladesh Dying & Finishing Industries Ltd.,11-07-2001,2500,1897,,,doel@doelgroup.com,,,,,,90.47619047619048,confirmed
Ba: Bo:,1198,Messures Amin Dying & Kniting Mills,11-07-2011,6000,3676,,,info@metrokd.com,,,,,,72.46376811594203,low
Ba: Bo:,1199,Evergreen TExtiles Ltd.,23-07-2007,6500,2581,,,egreen.bd@gmail.com,,,,,,78.26086956521739,low
Ba: Bo:,1201,Nisa Sweater Ltd.,16-07-2009,2500,6066,,,sweater@sikdertradegroup.com,,,,,,86.48648648648648,confirmed
Ba: Bo:,1200,Rupaly Dying & Printing,18-04-2012,3500,,,,,,,,,,0,none
Ba: Bo:,1202,Anjel Fabrics Pvt. Ltd.,30-11--0001,3500,2524,,,ameenfa@gmail.com,,,,,,73.17073170731707,low
Ba: Bo:,1204,E-Tapar Fashion,12-05-2009,2500,5985,,,jamil@fourhgroup.com,,,,,,71.42857142857143,low
Ba: Bo:,1205,Messures Hamid Fashion Ltd.,18-06-2002,2500,4000,,,muktader@hamidtex.com,,,,,,81.63265306122449,confirmed
Ba: Bo:,1206,Mahmuda Textile & Processing Ltd.,19-07-2006,4500,3424,,,muazuddin@worldnetbd.net,,,,,,69.0909090909091,low
Ba: Bo:,1207,Sikotex Fabrics Ltd.,17-08-2002,6500,2484,,,mehdihasan@seacotexgroup.com,,,,,,87.8048780487805,confirmed
Ba: Bo:,1209,Solaiman Textile Mills Ltd.,13-10-2000,4500,2329,,,tamalh@bdmail.net,,,,,,84.61538461538461,confirmed
Ba: Bo:,1212,Saima Samira Textile mills Ltd,23-01-2022,4500,6973,,,md.emran28@yahoo.com,,,,,,70.83333333333333,low
Ba: Bo:,1211,Azad Textile & Processing Mills,15-07-2012,7000,4143,,,gopesh@apexholdings.com,,,,,,69.84126984126983,low
Ba: Bo:,1214,K D S Garments Industries Ltd.,22-06-2022,6000/-,1200,,,,,,,,,86.66666666666667,confirmed
Ba: Bo:,1215,Mass Fashion Ltd.,23-08-2008,2500,740,,,massmoonbd@gmail.com,,,,,,100.0,confirmed
Ba: Bo:,1217,Ambar Apparels & Textiles Ltd.,13-07-1998,6500,4195,,,junaied@mamappareltextile.com,,,,,,80.70175438596492,confirmed
Ba: Bo:,1218,Star Dying & Finishing Mills,20-07-2022,5000/-,2016,,,cotton@cottongroupbd.com.bd,,,,,,71.875,low
Ba: Bo:,1221,Fatulla Fabrics Ltd.,05-12-2004,6500,6768,,,fatullah@gmail.com,,,,,,97.5609756097561,confirmed
Ba: Bo:,1222,Fatulla Fabrics Ltd.,11-07-2016,7000,6768,,,fatullah@gmail.com,,,,,,97.5609756097561,confirmed
Ba: Bo:,1223,"M, S, Dying & Finishing Industries",27-09-2000,6500,1897,,,doel@doelgroup.com,,,,,,62.16216216216216,low
Ba: Bo:,1224,Chittagong Knitware (Pvt.) Ltd.,01-08-2017,2500,2272,,,rickylee@ckl1996.com,,,,,,95.23809523809523,confirmed
Ba: Bo:,1225,Kachpur Dying & Printing Works,03-09-2000,4500,,,,,,,,,,0,none
Ba: Bo:,1227,New Olimphia Textile Mills Ltd,15-02-2023,3500,2329,,,tamalh@bdmail.net,,,,,,72.72727272727273,low
Ba: Bo:,1226,Amex Kniting & Dying Industries Ltd.,09-09-2022,6500,4785,,,arb-knittdye@yahoo.com,,,,,,76.05633802816901,low
Ba: Bo:,1228,New Taton Knitware Co. Ltd.,20-05-2016,6500,4338,,,faisal@pentagonknit.com,,,,,,72.0,low
Ba: Bo:,1230,Sojib Knitware & Garments Ltd.,23-04-2004,6000,1432,,,skgl@hrcworks.com,,,,,,93.33333333333333,confirmed
Ba: Bo:,1231,Messures Shitol Textile Mills,15-06-2022,4500,3985,,,info@sattartextile.com,,,,,,62.96296296296296,low
Ba: Bo:,1233,Topaj Garments Ltd.,30-11--0001,2500,1442,,,cna@topazgrp.com,,,,,,94.73684210526316,confirmed
Ba: Bo:,1236,Ero Kniting Tat Dying Ind: Ltd.,19-10-2005,6500,1944,,,mazharul@fareastknit.com,,,,,,74.62686567164178,low
Ba: Bo:,1237,Horonbil Apparels Ltd.,30-11--0001,2500,2377,,,wahidul@norbangroup.com,,,,,,93.02325581395348,confirmed
Ba: Bo:,1242,Tithi Textile Mills (Pvt.) Ltd.,14-10-2000,3500,3587,,,saad_milaco@yahoo.com,,,,,,77.41935483870968,low
Ba: Bo:,1243,Naser Garments,11-01-1998,6000,423,,,master@dhaka.net,,,,,,76.47058823529412,low
Ba: Bo:,1246,R. R. Fashions Ltd.,19-10-2005,2500,1372,,,melodyrm@bdcom.com,,,,,,91.89189189189189,confirmed
Ba: Bo:,1248,Saleha Garments Ltd.,30-11--0001,2500,1105,,,sglimpexp@gmail.com,,,,,,90.0,confirmed
Ba: Bo:,1249,Newcon Garments Ltd.,09-06-2006,2500,386,,,medona@citechco.net,,,,,,85.0,confirmed
Ba: Bo:,1250,Kasonson FAshions (Pvt.) Ltd.,12-10-2003,2500,1662,,,moin@kentctg.com,,,,,,79.24528301886792,low
Ba: Bo:,1252,Ruiya Textile Mills (Pvt.) Ltd.,30-11--0001,3500,3992,,,ritatexf@dhaka.net,,,,,,81.4814814814815,confirmed
Ba: Bo:,1257,Jame Knitware Fabrics Co. Ltd.,01-11-1998,6000,5426,,,da_vincl_bd@yahoo.com,,,,,,72.1311475409836,low
Ba: Bo:,1262,Seven Silk & Kniting Diles (Pvt.) Ltd.,30-09-2001,7000,2313,,,shovon@shovongroup-bd.com,,,,,,75.32467532467533,low
Ba: Bo:,1263,Eco Textile,08-04-2004,4500,5903,,,,,,,,,75.0,low
Ba: Bo:,1265,Tasnia Fabrics Ltd.,11-12-2017,5000,3547,,,arif@mascoknit.com,,,,,,97.43589743589743,confirmed
Ba: Bo:,1266,House of Sun Sohim Knitware Ltd.,17-11-2004,2500,6057,,,info@mmfcl.ad.com,,,,,,62.96296296296296,low
Ba: Bo:,1268,S R S Knit Dying Mills,10-11-2021,4500,6668,,,palmalexport@palmalgarments.com,,,,,,64.0,low
Ba: Bo:,1269,Messures Valment Fashions Ltd.,12-07-2012,2500,4488,,,aziz-vfl@valmontgroup-bd.com,,,,,,78.43137254901961,low
Ba: Bo:,1273,Mohin Fabrics Ltd.,30-11--0001,5500,4002,,,commercial@mondol.net,,,,,,86.48648648648648,confirmed
Ba: Bo:,1271,Gomti Textiles Ltd.,14-12-2017,6000,2443,,,akhter@gumtitex.com,,,,,,94.73684210526316,confirmed
Ba: Bo:,1272,Sharif Textile & Seizing Mills Ltd.,14-05-2022,3500,3985,,,info@sattartextile.com,,,,,,73.33333333333334,low
Ba: Bo:,1276,Sikdar Apparels Ltd.,30-11--0001,2500,5356,,,,,,,,,89.47368421052632,confirmed
Ba: Bo:,1277,Five & Five Dying & Printing Works Ltd.,26-12-2022,6000,5915,,,navyhosiery@gmail.com,,,,,,65.78947368421053,low
Ba: Bo:,1278,Bogra Fabrics (P.) Ltd.,16-05-2022,4500,4523,,,commercial@arrow-group.net,,,,,,79.16666666666666,low
Ba: Bo:,1279,Rijency Garments Ltd.,08-12-2017,4500,378,,,ajith.wijesinghe@regencybd.net,,,,,,90.47619047619048,confirmed
Ba: Bo:,1280,Kakoli Dying & Printing Works,25-01-2022,3500,,,,,,,,,,0,none
Ba: Bo:,1281,Moyajjem Knit & Dying Industries Ltd.,02-10-2009,6500,4007,,,sarkar@norpknit.com,,,,,,70.96774193548387,low
Ba: Bo:,1283,Messures Jilani Dying Calendering & Finishing Mills,30-11--0001,5000,2222,,,fatullah@bol-online.com,,,,,,65.93406593406593,low
Ba: Bo:,1285,Horan Textile Ltd.,12-01-2007,6500,5422,,,,,,,,,89.47368421052632,confirmed
Ba: Bo:,1290,Unicom Textile Mills Ltd.,20-12-2019,7000,5359,,,eftakher@uniformtextile.com,,,,,,80.0,confirmed
Ba: Bo:,1288,Add Fashions Ltd.,30-11--0001,2500,5161,,,info@3afl.com,,,,,,90.9090909090909,confirmed
Ba: Bo:,1292,Mohammad Hanif Chowdhury-Garments,26-01-2001,2500,2743,,,amin@chowdhurygarmentsltd.com,,,,,,67.85714285714286,low
Ba: Bo:,1293,Mohammad Hanif Chowdhury-Garments,26-01-2001,2500,2743,,,amin@chowdhurygarmentsltd.com,,,,,,67.85714285714286,low
Ba: Bo:,1294,Varbena Knitware Ltd.,19-02-2001,2500,6056,,,ashraf@r3a-bd.com,,,,,,78.04878048780488,low
Ba: Bo:,1298,Rima Dying & Finishing Mills,16-10-2002,4500,2016,,,cotton@cottongroupbd.com.bd,,,,,,71.875,low
Ba: Bo:,1299,Abedins Textile Mills Ltd.,09-01-2023,3500,2154,,,arefin@arefingroupbd.com,,,,,,90.19607843137256,confirmed
Ba: Bo:,1301,Unique Dying & Finishing Mills,30-11--0001,6000,2016,,,cotton@cottongroupbd.com.bd,,,,,,69.6969696969697,low
Ba: Bo:,1302,Uttara Kniting & Dying Ltd.,19-03-2006,6000,2797,,,alana@citechco.net,,,,,,82.14285714285714,confirmed
Ba: Bo:,1305,Sinha Washing Plant Ltd.,28-03-2019,5500,7012,,,mizanmahid7@gmail.com,,,,,,69.76744186046511,low
Ba: Bo:,1306,Rupa Washing,30-11--0001,3500,6117,,,badal@tusuka.com,,,,,,64.51612903225806,low
Ba: Bo:,1309,Asian Textile Mills Ltd.,27-04-2020,6500,2154,,,arefin@arefingroupbd.com,,,,,,89.79591836734694,confirmed
Ba: Bo:,1310,Euta Washing Ltd.,30-11--0001,2500,4220,,,fifltd@citechco.net,,,,,,82.35294117647058,confirmed
Ba: Bo:,1311,Euta Washing Ltd.,30-11--0001,2500,4220,,,fifltd@citechco.net,,,,,,82.35294117647058,confirmed
Ba: Bo:,1313,Global Specialized Washing Ltd.,23-02-2023,5000/-,2903,,,gsgl2@spnetctg.com,,,,,,64.70588235294117,low
Ba: Bo:,1321,Karnofully Knity & Dying Ltd.,24-04-2002,9000,1429,,,jamunabd@bol-online.com,,,,,,68.96551724137932,low
Ba: Bo:,1325,Khan Sons Textiles Ltd.,11-01-2018,3500,6606,,,akif@sansgroupbd.com,,,,,,80.0,confirmed
Ba: Bo:,1327,Shanta Washing Plant Ltd.,12-04-2020,6500,7012,,,mizanmahid7@gmail.com,,,,,,68.18181818181819,low
Ba: Bo:,1330,Madina Textile,20-04-2004,2500,5936,,,,,,,,,81.4814814814815,confirmed
Ba: Bo:,1331,Sinha Dying & Finishing Ltd.,24-04-2022,7000,5915,,,navyhosiery@gmail.com,,,,,,80.0,confirmed
Ba: Bo:,1332,Sinha Dying & Finishing Ltd.,17-04-2022,7000,5915,,,navyhosiery@gmail.com,,,,,,80.0,confirmed
Ba: Bo:,1333,Sinha Dying & Finishing Ltd.,24-04-2022,7000,5915,,,navyhosiery@gmail.com,,,,,,80.0,confirmed
Ba: Bo:,1335,Nur Textile Processing,09-03-2004,2500,5903,,,,,,,,,62.857142857142854,low
Ba: Bo:,1337,D. N. R. S. Fashions,13-04-2022,2500,1372,,,melodyrm@bdcom.com,,,,,,73.6842105263158,low
Ba: Bo:,1338,M Z M Sweater (P.) Ltd.,30-11--0001,2500,4660,,,ms.sweaterltd@gmail.com,,,,,,78.04878048780488,low
Ba: Bo:,1339,Esquare Knit Wear Ltd.,22-05-2018,5000,6163,,,info@eurogroup-bd.com,,,,,,87.8048780487805,confirmed
Ba: Bo:,1341,Sweaters Bootic Ltd.,23-05-2000,2500,3285,,,roman.haider@cosmicbd.com,,,,,,85.0,confirmed
Ba: Bo:,1343,Sydney Fashions Ltd.,19-11-2017,2500,1685,,,sydney@bangla.net,,,,,,100.0,confirmed
Ba: Bo:,1348,M B M Garments Ltd.,12-06-2022,4500,1409,,,nassa@nassagroup.org,,,,,,88.88888888888889,confirmed
Ba: Bo:,1349,The Silver Garments (Bang:) Ltd.,11-06-2002,2500,655,,,,,,,,,86.56716417910448,confirmed
Ba: Bo:,1353,Taslima Dying & Finishing Mills (P.) Ltd.,30-11--0001,,2016,,,cotton@cottongroupbd.com.bd,,,,,,75.32467532467533,low
Ba: Bo:,1352,Sonrega Knitex,27-02-2003,5000,6439,,,ali@wegaknitex.com,,,,,,66.66666666666667,low
Ba: Bo:,1351,Inova Textiles,13-06-2005,5000,5936,,,,,,,,,74.07407407407408,low
Ba: Bo:,1356,Tarash Knitwares (P.) Ltd.,05-06-2003,2500,4113,,,,,,,,,76.92307692307692,low
Ba: Bo:,1355,Islam Garments Ltd. (Hosiery),13-01-2011,6500,1214,,,atiq@islam-garments.com,,,,,,92.06349206349206,confirmed
Ba: Bo:,1357,City Apparels Internationals Ltd.,30-11--0001,2500,4390,,,aptintl@bbts.net,,,,,,80.0,confirmed
Ba: Bo:,1359,Lei Fashions Ltd.,13-07-2021,3500,6609,,,jamil@fourhgroup.com,,,,,,88.88888888888889,confirmed
Ba: Bo:,1365,Sun Knit Textiles Ltd.,13-07-2005,2500,4687,,,rising@rising-group.com,,,,,,85.1063829787234,confirmed
Ba: Bo:,1366,Azim Mannan Garments Ltd.,15-11-2003,2500,329,,,hrd@azimwovenctg.com,,,,,,92.5925925925926,confirmed
Ba: Bo:,1364,Parkdew Dresses Ltd.,12-03-2012,2500,4799,,,office@parkscenebd.com,,,,,,92.6829268292683,confirmed
Ba: Bo:,1368,Vision Washing Ltd,21-02-2022,5000,6117,,,badal@tusuka.com,,,,,,70.27027027027026,low
Ba: Bo:,1370,R R Sweaters Ltd.,04-06-2018,2500,2490,,,rahat@rracrylic.com,,,,,,91.42857142857143,confirmed
Ba: Bo:,1371,Seven Silk & Kniting Mills,02-07-2001,4500,2313,,,shovon@shovongroup-bd.com,,,,,,73.84615384615385,low
Ba: Bo:,1376,Messures Genesis Fashions Ltd.,07-07-2011,2500,1369,,,tarique_ahmed@mj-group.com,,,,,,80.0,confirmed
Ba: Bo:,1379,The Rose Garments International (P.) Ltd.,23-08-2005,2500,2719,,,banking@yictg.com,,,,,,81.0126582278481,confirmed
Ba: Bo:,1381,Karnafully Textile Mills Ltd.,06-07-2003,6500,6690,,,fairtextilemills@yahoo.com,,,,,,80.76923076923077,confirmed
Ba: Bo:,1380,Messures Sonali Twisting & Kniting Industries Ltd.,22-07-2011,5000,834,,,manik@textowengroup.com,,,,,,61.1764705882353,low
Ba: Bo:,1383,Shasha Garments Ltd.,11-08-2000,2500,1105,,,sglimpexp@gmail.com,,,,,,100.0,confirmed
Ba: Bo:,1384,Shasha Garments Ltd.,11-08-2000,2500,1105,,,sglimpexp@gmail.com,,,,,,100.0,confirmed
Ba: Bo:,1385,Shasha Garments Ltd.,11-08-2000,2500,1105,,,sglimpexp@gmail.com,,,,,,100.0,confirmed
Ba: Bo:,1387,Shasha Garments Ltd.,11-08-2000,2500,1105,,,sglimpexp@gmail.com,,,,,,100.0,confirmed
Ba: Bo:,1386,Shasha Garments Ltd.,11-08-2000,2500,1105,,,sglimpexp@gmail.com,,,,,,100.0,confirmed
Ba: Bo:,1388,Textile Processing Ind: Ltd.,29-08-2005,6000,2504,,,giant@giantbd.com,,,,,,76.36363636363637,low
Ba: Bo:,1391,Sattar Knit Dyeing & Finishing Mills,23-09-2011,5000,4725,,,mahtab@falcongroupbd.com,,,,,,78.37837837837837,low
Ba: Bo:,1394,Apparel Aid Ltd.,04-09-2012,,4174,,,info@akikapparels.com,,,,,,88.23529411764706,confirmed
Ba: Bo:,1395,Sharmin Textile Dying & Printing Ind:,23-10-2022,4500,2797,,,alana@citechco.net,,,,,,60.60606060606061,low
Ba: Bo:,1396,Dipti Dying & Kniting Finishing Mill,29-01-2009,4500,2837,,,antimknitting@yahoo.com,,,,,,76.71232876712328,low
Ba: Bo:,1398,H Textile Mills Ltd.,12-09-2022,6000,5167,,,pride@pride-grp.com,,,,,,93.02325581395348,confirmed
Ba: Bo:,1399,Vi Vi Akota Textile,10-09-1999,4500,5936,,,,,,,,,62.5,low
Ba: Bo:,1401,Ahsan Textile,22-02-2001,3500,5936,,,,,,,,,84.61538461538461,confirmed
Ba: Bo:,1400,V-Knit Wear & Composite Ltd.,21-04-2021,3500,4935,,,mahim@v-knitwear.com,,,,,,94.54545454545455,confirmed
Ba: Bo:,1405,Janani Textile,09-10-2002,4500,5936,,,,,,,,,81.4814814814815,confirmed
Ba: Bo:,1403,M.M. Garments Ltd.,12-09-2008,6500,314,,,mngroup@bbts.net,,,,,,94.44444444444444,confirmed
Ba: Bo:,1404,Ahmed Dying & Printing,28-09-2006,2500,3890,,,info@akhfashions.com,,,,,,62.5,low
Ba: Bo:,1406,Timi Textile Mills (Pvt.) Ltd.,10-10-2006,5000,3587,,,saad_milaco@yahoo.com,,,,,,78.68852459016394,low
Ba: Bo:,1407,Messures Chad Dying & Printing,07-08-2002,5500,,,,,,,,,,0,none
Ba: Bo:,1409,Nirob Fashion (Pvt.) Ltd.,28-10-2002,2500,3930,,,tipunfl@dhaka.net,,,,,,85.71428571428572,confirmed
Ba: Bo:,1410,Flash Fashions Ltd.,30-09-2009,2500,4568,,,hasan@fashionflashbd.com,,,,,,97.2972972972973,confirmed
Ba: Bo:,1411,Saleha Garments Ltd.,30-11--0001,2500,1105,,,sglimpexp@gmail.com,,,,,,90.0,confirmed
Ba: Bo:,1413,Artificial Plant & Radiment Kniting Dying Ltd.,13-10-2005,,3422,,,union@hrcworks.com,,,,,,64.86486486486487,low
Ba: Bo:,1414,Koyo sweaters Ltd.,30-11--0001,2500,3738,,,cosmosweater@gmail.com,,,,,,81.08108108108108,confirmed
Ba: Bo:,1418,Hamid Fabrics,26-10-2016,4500,4641,,,alam@irisgroupbd.com,,,,,,66.66666666666667,low
Ba: Bo:,1420,Rafti Apparels Ltd.,29-10-1999,,6659,,,kutubuddin@rafiaapparels.com,,,,,,94.73684210526316,confirmed
Ba: Bo:,1419,Rafti Apparels Ltd.,29-10-1999,,6659,,,kutubuddin@rafiaapparels.com,,,,,,94.73684210526316,confirmed
Ba: Bo:,1421,Rafti Apparels Ltd.,29-10-1999,,6659,,,kutubuddin@rafiaapparels.com,,,,,,94.73684210526316,confirmed
Ba: Bo:,1422,Rafti Apparels Ltd.,29-10-1999,,6659,,,kutubuddin@rafiaapparels.com,,,,,,94.73684210526316,confirmed
Ba: Bo:,1424,Sepal Garments Ltd.,02-02-2023,2500,632,,,tipumunshi25@gmail.com,,,,,,100.0,confirmed
Ba: Bo:,1425,Sweater Bootic Ltd.,15-05-2004,2500,3677,,,shameem@dotcombd.net,,,,,,84.21052631578947,confirmed
Ba: Bo:,1430,Harod Garments Ltd.,24-11-2002,2500,1092,,,harrods@colbd.com,,,,,,95.0,confirmed
Ba: Bo:,1438,Sinha Apparels Ltd.,12-12-2016,3500,4483,,,khosru@nipagroup.net,,,,,,92.3076923076923,confirmed
Ba: Bo:,1439,Sinha Apparels Ltd.,17-12-2010,,4483,,,khosru@nipagroup.net,,,,,,92.3076923076923,confirmed
Ba: Bo:,1442,B K Knit Fashion  Ltd.,06-12-2003,3500,2712,,,hf@colbd.com,,,,,,88.37209302325581,confirmed
Ba: Bo:,1448,Moslin Textile Mills Ltd.,18-01-2001,6500,2329,,,tamalh@bdmail.net,,,,,,96.0,confirmed
Ba: Bo:,1449,Sharif Textile,12-01-2006,4500,6973,,,md.emran28@yahoo.com,,,,,,68.75,low
Ba: Bo:,1450,Sparro Apparels Ltd.,16-01-2022,5000,191,,,shawn@sparrow-group.com,,,,,,97.5609756097561,confirmed
Ba: Bo:,1455,H H Textile,19-10-1999,2500,3628,,,,,,,,,68.96551724137932,low
Ba: Bo:,1460,Port Land Textile,14-02-2017,5000,1538,,,landmark@bdmail.net,,,,,,78.78787878787878,low
Ba: Bo:,1462,Sunman  Textile Ltd.,03-02-2022,6000/-,6606,,,akif@sansgroupbd.com,,,,,,88.88888888888889,confirmed
Ba: Bo:,1463,Noami Dressers,21-02-2001,5000,7008,,,faisal@matrixbd.net,,,,,,71.42857142857143,low
Ba: Bo:,1464,J K Fabrics Ltd.,21-01-2019,6500,4380,,,a.chowdhury@newasiabd.com,,,,,,84.84848484848484,confirmed
Ba: Bo:,1467,Desh Textile Processing Mills,11-02-2001,,4143,,,gopesh@apexholdings.com,,,,,,68.85245901639344,low
Ba: Bo:,1469,Israt Knit Dying & Finishing Mills,30-11--0001,4500,4725,,,mahtab@falcongroupbd.com,,,,,,77.77777777777779,low
Ba: Bo:,1472,Eligence Sweater Ind: Ltd.,11-02-1999,2500,4101,,,sales@danasweater.com,,,,,,73.46938775510203,low
Ba: Bo:,1471,Wind Mill Sweater,30-11--0001,2500,4145,,,rkarim_tws@hotmail.com,,,,,,63.41463414634146,low
Ba: Bo:,1473,Polmol Garments Hosiery Ltd.,15-12-2012,,6561,,,babu@turagbd.net,,,,,,76.19047619047619,low
Ba: Bo:,1476,Moonlux Apparels Ltd.,17-01-2021,2500,5641,,,moheuddin@moonluxbd.com,,,,,,100.0,confirmed
Ba: Bo:,1477,Yousuf Ali Textile,24-05-2021,3500,6665,,,mazibctg@gmail.com,,,,,,70.0,low
Ba: Bo:,1479,Mape Washing & Dying Ltd.,22-03-2003,4500,4220,,,fifltd@citechco.net,,,,,,66.66666666666667,low
Ba: Bo:,1481,Sun Fabrics,17-02-2006,6500,6932,,,immanwar@gmail.com,,,,,,69.56521739130434,low
Ba: Bo:,1482,Hasan Textile Processing Ind:,30-04-2003,6000,4266,,,pktlbd@gmail.com,,,,,,63.1578947368421,low
Ba: Bo:,1483,Latifa Textile Mills (P.) Ltd.,03-04-2004,6000,6690,,,fairtextilemills@yahoo.com,,,,,,79.24528301886792,low
Ba: Bo:,1486,ABC Knit Dyeing & Finishing Mills Ltd.,03-04-2022,5500,4725,,,mahtab@falcongroupbd.com,,,,,,100.0,confirmed
Ba: Bo:,1484,Oshen Sweaters Ltd.,03-05-2015,2500,3574,,,opex@bdmail.net,,,,,,86.48648648648648,confirmed
Ba: Bo:,1485,Lina Textile Industries Ltd.,24-01-2002,6000,6015,,,info@sonnettex.com,,,,,,79.3103448275862,low
Ba: Bo:,1488,Kung King Textile (Bangladesh) Ltd.,15-06-2011,5500,6007,,,,,,,,,76.19047619047619,low
Ba: Bo:,1489,Kung King Textile (Bangladesh) Ltd.,21-04-2012,6500,6007,,,,,,,,,76.19047619047619,low
Ba: Bo:,1491,Jelith Fabrics Ltd.,26-04-2011,5000,4458,,,,,,,,,81.08108108108108,confirmed
Ba: Bo:,1490,Munnu Fabrics Ltd.,07-04-2012,6500,4002,,,commercial@mondol.net,,,,,,81.08108108108108,confirmed
Ba: Bo:,1492,Jesko Sweater Ltd.,30-11--0001,,4855,,,polash@kaptexbd.com,,,,,,85.71428571428572,confirmed
Ba: Bo:,1496,James Apparels (P:) Ltd.,25-05-2012,5000,4544,,,info@jamsapparels.com,,,,,,89.79591836734694,confirmed
Ba: Bo:,1500,Sohagpur Textile Mills Ltd.,08-05-2001,3500,3985,,,info@sattartextile.com,,,,,,84.61538461538461,confirmed
Ba: Bo:,1498,Nasent Knitware (P:) Ltd.,30-05-2005,2500,3087,,,shahid@rupagroup.net,,,,,,73.46938775510203,low
Ba: Bo:,1501,Messures Ruposhdi Textile,24-08-2012,3500,,,,,,,,,,0,none
Ba: Bo:,1502,Venus Textile Printing Works,10-07-2001,4500,,,,,,,,,,0,none
Ba: Bo:,1510,S K Sweaters Ltd.,30-11--0001,2500,3659,,,sfsweaters@gmail.com,,,,,,90.9090909090909,confirmed
Ba: Bo:,1512,Padma Textile Mills Ltd.,10-06-2020,7000,3985,,,info@sattartextile.com,,,,,,85.71428571428572,confirmed
Ba: Bo:,1511,Tung High Sweaters Ltd.,28-05-2005,2500,2464,,,info@tunghaigroup.com,,,,,,93.33333333333333,confirmed
Ba: Bo:,1513,Padma Textile Mills Ltd.,10-06-2020,4500,3985,,,info@sattartextile.com,,,,,,85.71428571428572,confirmed
Ba: Bo:,1514,Padma Textile Mills Ltd.,03-06-2011,7000,3985,,,info@sattartextile.com,,,,,,85.71428571428572,confirmed
Ba: Bo:,1516,New Age Apparels Ltd.,28-04-2008,2500,2168,,,info@newage-group.com,,,,,,82.92682926829268,confirmed
Ba: Bo:,1518,FORTUNE FASHION,30-11--0001,2500,6519,,,selim.hronefashions@gmail.com,,,,,,62.857142857142854,low
Ba: Bo:,1519,Fashion Club Apparels Ltd.,19-03-2002,2500,3598,,,,,,,,,85.18518518518519,confirmed
Ba: Bo:,1520,Bangladesh Dying & Finishing Industries Ltd.,11-06-2001,2500,1897,,,doel@doelgroup.com,,,,,,90.47619047619048,confirmed
Ba: Bo:,1521,Moni Fashion Ltd.,08-04-2012,2500,4020,,,sakhawat@assurancemonigroup.com,,,,,,100.0,confirmed
Ba: Bo:,1523,Queens Apparels Ltd.,14-06-2000,2500,935,,,mensal@bttb.net,,,,,,87.17948717948718,confirmed
Ba: Bo:,1522,R G R Sweater Ltd.,17-06-2009,2500,2488,,,rakib@assurancemonigroup.com,,,,,,88.23529411764706,confirmed
Ba: Bo:,1526,Euta Washing Ltd.,23-06-2005,4500,4220,,,fifltd@citechco.net,,,,,,82.35294117647058,confirmed
Ba: Bo:,1528,Young Ones Fashions Ltd.,09-06-2004,2500,1269,,,anayet@intramex-bd.com,,,,,,79.06976744186046,low
Ba: Bo:,1530,FAIR KNITING LTD.,18-07-2005,5500,6394,,,mohiuddin@cliftongroupbd.com,,,,,,63.1578947368421,low
Ba: Bo:,1531,N K K Sweaters Ltd.,06-11-2022,2500,1694,,,mazidtalukdar@yahoo.com,,,,,,83.33333333333334,confirmed
Ba: Bo:,1533,Dynamic Textile Ind: Ltd.,30-11--0001,2500,3640,,,akabir@bestwoolbd.net,,,,,,78.43137254901961,low
Ba: Bo:,1538,Fine Tex Washing Corporation,30-11--0001,2500,3526,,,pacificpfl@gmail.com,,,,,,65.51724137931035,low
Ba: Bo:,1539,Life Textile (P:) Ltd.,13-08-2022,5500,2447,,,,,,,,,91.30434782608697,confirmed
Ba: Bo:,1540,Malek Kniting & Garments Ltd.,26-08-2001,2500,3293,,,,,,,,,83.01886792452831,confirmed
Ba: Bo:,1542,Mastrade International Garments Ltd.,10-08-2022,2500,235,,,internat@dhaka.net,,,,,,85.71428571428572,confirmed
Ba: Bo:,1543,A B Sweaters Ltd.,28-05-2017,2500,4732,,,basher@abgsweater.com,,,,,,94.11764705882352,confirmed
Ba: Bo:,1544,A B Sweaters Ltd.,28-05-2017,2500,4732,,,basher@abgsweater.com,,,,,,94.11764705882352,confirmed
Ba: Bo:,1546,Standard Fashions Ltd.,17-04-2009,2500,2472,,,zahid@sadaffashions.com,,,,,,87.8048780487805,confirmed
Ba: Bo:,1545,Pik Fashion Ltd.,14-04-2019,2500,1370,,,mika@globalctg.net,,,,,,90.9090909090909,confirmed
Ba: Bo:,1541,Khalek Kniting & Garments Ind: (Pvt.) Ltd.,26-08-2002,2500,5922,,,ikgpl@dhaka.net,,,,,,74.66666666666666,low
Ba: Bo:,1549,Natural Washing Plant,24-09-2017,4500,7012,,,mizanmahid7@gmail.com,,,,,,75.0,low
Ba: Bo:,1548,Molla Dying & Printing Ind:,09-03-2023,3500,5915,,,navyhosiery@gmail.com,,,,,,65.625,low
Ba: Bo:,1553,Taj Kniting Industries Ltd.,26-08-2018,6000,2307,,,factory@tajknitting.com,,,,,,84.0,confirmed
Ba: Bo:,1551,Unique Sweater Ind:,20-01-2003,2500,5685,,,,,,,,,68.42105263157895,low
Ba: Bo:,1552,Shamsul Alamin Fabrics Ltd.,10-12-2010,2500,2524,,,ameenfa@gmail.com,,,,,,71.11111111111111,low
Ba: Bo:,1555,Resh Oya Knitwares Ltd.,06-06-2012,6500,6404,,,liton@reazknitwear.com,,,,,,73.17073170731707,low
Ba: Bo:,1556,Sarjan Textile Mills Ltd.,22-03-2023,6000,3985,,,info@sattartextile.com,,,,,,88.0,confirmed
Ba: Bo:,1558,I V Textile Mills Ltd.,21-07-2005,4500,3763,,,garment@kdsgroup.net,,,,,,86.36363636363636,confirmed
Ba: Bo:,1557,Monnu Fabrics Ltd.,09-08-2022,7000,4002,,,commercial@mondol.net,,,,,,86.48648648648648,confirmed
Ba: Bo:,1560,Brothers Dying & Printing Ind:,06-09-2011,4500,,,,,,,,,,0,none
Ba: Bo:,1562,Medlar Fashions Ltd.,22-02-2012,2500,941,,,info@medona-bd.com,,,,,,90.0,confirmed
Ba: Bo:,1563,Dragoni Fashions Ltd.,24-05-2019,2500,1111,,,info@crowngroupbd.com,,,,,,100.0,confirmed
Ba: Bo:,1566,Regent Textile (Pvt.) Ltd.,20-09-2010,6500,3992,,,ritatexf@dhaka.net,,,,,,85.71428571428572,confirmed
Ba: Bo:,1567,Staling Fashion Wares Ltd.,30-08-2016,2500,1389,,,rahat@sterlinggroupbd.com,,,,,,88.46153846153845,confirmed
Ba: Bo:,1570,Fancy Fashion Sweaters Ltd.,20-09-2005,2500,2594,,,shams@fancybd.com,,,,,,100.0,confirmed
Ba: Bo:,1568,M N Sweaters Ltd.,27-01-2005,2500,1694,,,mazidtalukdar@yahoo.com,,,,,,100.0,confirmed
Ba: Bo:,1571,Farnur Garments Ltd.,30-11--0001,2500,2254,,,farnoor@citechco.net,,,,,,92.6829268292683,confirmed
Ba: Bo:,1572,Jisan Kniting Complex Ltd.,30-11--0001,6500,2978,,,amanknit@gnbd.net,,,,,,71.11111111111111,low
Ba: Bo:,1575,Averest Sweaters Ltd.,07-06-2016,2500,2706,,,everest@globalctg.net,,,,,,95.23809523809523,confirmed
Ba: Bo:,1577,Alif Apparels Ltd.,26-08-2019,2500,6678,,,mail@tahmeedhuq.com,,,,,,91.89189189189189,confirmed
Ba: Bo:,1578,T S Sweaters Ltd.,30-11--0001,2500,3659,,,sfsweaters@gmail.com,,,,,,90.9090909090909,confirmed
Ba: Bo:,1580,B K Knit Fashion  Ltd.,30-11--0001,5000,2712,,,hf@colbd.com,,,,,,88.37209302325581,confirmed
Ba: Bo:,1581,City Knited Dying,23-07-2001,4500,2206,,,dilan@capital-bd.com,,,,,,60.0,low
Ba: Bo:,1583,Apparels Wash Co.,01-02-2009,2500,1929,,,abir.mkfl@gmail.com,,,,,,75.0,low
Ba: Bo:,1585,Fakir Knitwares,22-06-2022,6000,3979,,,fazaman@fakirgroup.com,,,,,,80.0,confirmed
Ba: Bo:,1584,Mashaha Kniting & Dying Ind: Ltd.,26-09-2021,5500,2855,,,mkdil@citech-bd.com,,,,,,85.71428571428572,confirmed
Ba: Bo:,1586,Rupa Washing,20-10-2000,3500,6117,,,badal@tusuka.com,,,,,,64.51612903225806,low
Ba: Bo:,1589,Kimia Garments Ind: Ltd.,17-10-2021,4500,2541,,,altaf@nassagroup.org,,,,,,95.83333333333334,confirmed
Ba: Bo:,1592,Padma Washing & Dying Ltd.,30-11--0001,5000,2619,,,md@wellgroupbd.com,,,,,,66.66666666666667,low
Ba: Bo:,1593,Chowdhury Garments Ltd.,26-11-2002,2500,2743,,,amin@chowdhurygarmentsltd.com,,,,,,100.0,confirmed
Ba: Bo:,1595,K A Textile Mills,30-11--0001,6500,3763,,,garment@kdsgroup.net,,,,,,76.92307692307692,low
Ba: Bo:,1596,Biswas Garments Ltd.,07-11-2006,,1221,,,babu@biswasgroup.com,,,,,,100.0,confirmed
Ba: Bo:,1598,Jamalpur Fashions Ltd.,17-11-2009,,1914,,,mosharraf_h@standard-group.com,,,,,,83.72093023255813,confirmed
Ba: Bo:,1600,Loder Garments Ltd.,30-11--0001,2500,558,,,uniqueblimited@yahoo.com,,,,,,92.6829268292683,confirmed
Ba: Bo:,1599,associate Garments Ltd.,30-11--0001,2500,310,,,tonmoy@mascotgrp.com,,,,,,83.72093023255813,confirmed
Ba: Bo:,1609,Send York Kniting Ltd.,21-12-2004,2500,3250,,,opex@bdmail.net,,,,,,73.17073170731707,low
Ba: Bo:,1608,Sima Textile Private Ltd.,12-10-2022,3500,6973,,,md.emran28@yahoo.com,,,,,,74.4186046511628,low
Ba: Bo:,1611,Global Specialized Garments,28-12-2003,2500,2903,,,gsgl2@spnetctg.com,,,,,,81.25,confirmed
Ba: Bo:,1613,Five & Five Dying & Printing Works Ltd.,26-12-2022,4500/-,5915,,,navyhosiery@gmail.com,,,,,,65.78947368421053,low
Ba: Bo:,1617,Rupom Dying & Printing Ind: Ltd.,30-11--0001,2500,1910,,,nrgroup@global-bd.net,,,,,,77.14285714285715,low
Ba: Bo:,1618,Three Star Tape Printing Ind:,30-11--0001,2500,,,,,,,,,,0,none
Ba: Bo:,1620,Alhaj Textile Mills Ltd.,23-11-2022,2500,6690,,,fairtextilemills@yahoo.com,,,,,,85.1063829787234,confirmed
Ba: Bo:,1621,S K Sweaters Ltd.,30-11--0001,2500,3659,,,sfsweaters@gmail.com,,,,,,90.9090909090909,confirmed
Ba: Bo:,1623,Disar Fashions Ltd.,30-11--0001,,3005,,,wahab@daygroupbd.com,,,,,,88.88888888888889,confirmed
Ba: Bo:,1625,Rahim Textile Mills Ltd.,25-01-2023,6500,2329,,,tamalh@bdmail.net,,,,,,81.63265306122449,confirmed
Ba: Bo:,1626,A M C Sweaters Ltd.,15-07-2018,2500,2866,,,monojpaul@groupdanny.com,,,,,,88.88888888888889,confirmed
Ba: Bo:,1627,A M C Sweaters Ltd.,15-07-2018,2500,2866,,,monojpaul@groupdanny.com,,,,,,88.88888888888889,confirmed
Ba: Bo:,1632,A N Asik Textile Ltd.,25-01-2008,6000,1907,,,,,,,,,76.92307692307692,low
Ba: Bo:,1635,N N Sweaters Ltd.,24-02-2008,2500,1694,,,mazidtalukdar@yahoo.com,,,,,,94.11764705882352,confirmed
Ba: Bo:,1636,Bangladesh Spenning & Kniting (P:) Ltd.,09-02-2006,5500,2861,,,tonyche@bsklbd.com,,,,,,77.5,low
Ba: Bo:,1637,Nasa Washing Ltd.,06-01-2006,5000,6117,,,badal@tusuka.com,,,,,,83.33333333333334,confirmed
Ba: Bo:,1639,Fakir Knitwares Ltd.,24-03-2022,6500,3979,,,fazaman@fakirgroup.com,,,,,,95.0,confirmed
Ba: Bo:,1641,Madina Textile Mills Ltd.,17-07-2022,6000/-,3587,,,saad_milaco@yahoo.com,,,,,,78.57142857142857,low
Ba: Bo:,1640,Sweater Farm Ltd.,21-02-2002,2500,3747,,,shajal@sweater-makers.com,,,,,,91.42857142857143,confirmed
Ba: Bo:,1642,Nasir Dying & Printing Finishing Ind: (P:) Ltd.,14-03-2002,4500,5915,,,navyhosiery@gmail.com,,,,,,76.19047619047619,low
Ba: Bo:,1643,Nur Dying & Printing Works,25-03-2005,5000,,,,,,,,,,0,none
Ba: Bo:,1646,S F Jesim Apparels Ltd.,20-03-2006,2500,2746,,,fuad@sfdenim.com,,,,,,80.85106382978724,confirmed
Ba: Bo:,1648,Sharp Kniting & Dying Ltd.,29-03-2019,6500,2797,,,alana@citechco.net,,,,,,94.54545454545455,confirmed
Ba: Bo:,1650,Soikot Textile Ind. Ltd.,18-08-2016,3500,6980,,,salauddin.jakir@gmail.com,,,,,,84.44444444444444,confirmed
Ba: Bo:,1649,Usha Sweaters Co.  Ltd.,30-11--0001,2500,4561,,,adofia@connectbd.com,,,,,,80.0,confirmed
Ba: Bo:,1651,Dressman Ltd.,15-02-2011,2500,117,,,abdullah@dressmen-bd.com,,,,,,92.3076923076923,confirmed
Ba: Bo:,1652,Bright Textile Industries (P:) Ltd.,25-02-2009,4500,6015,,,info@sonnettex.com,,,,,,70.76923076923076,low
Ba: Bo:,1653,Millennium Knitware Factory Ltd.,11-03-2012,3500,3381,,,zafar_ep@yahoo.com,,,,,,67.85714285714286,low
Ba: Bo:,1654,Millennium Knitware Factory Ltd.,11-03-2012,3500,3381,,,zafar_ep@yahoo.com,,,,,,67.85714285714286,low
Ba: Bo:,1656,Diamond Knitware Ltd.,23-02-2023,2500/-,2616,,,,,,,,,95.23809523809523,confirmed
Ba: Bo:,1655,Intercon Fabrics Ltd.,04-02-2021,4500,4641,,,alam@irisgroupbd.com,,,,,,78.94736842105263,low
Ba: Bo:,1658,Pasmin Sweater Ltd.,05-05-2005,2500,1727,,,pashmina@siriusbroadband.com,,,,,,95.0,confirmed
Ba: Bo:,1657,Bright Textile Mills,17-03-2001,3500,6130,,,,,,,,,78.04878048780488,low
Ba: Bo:,1663,Abedin Garments Ltd.,21-07-2022,2500,34,,,info@group-qa.com,,,,,,100.0,confirmed
Ba: Bo:,1665,Fine Tex Knitwares Ltd.,27-11-2020,2500,5625,,,,,,,,,78.04878048780488,low
Ba: Bo:,1666,Fine Tex Knitwares Ltd.,27-11-2020,2500,5625,,,,,,,,,78.04878048780488,low
Ba: Bo:,1667,Fuzi Knitware Ltd.,13-02-2017,2500,2894,,,awal@rupayansweater.com,,,,,,86.48648648648648,confirmed
Ba: Bo:,1669,R M Sweater (P:) Ltd.,30-11--0001,2500,4660,,,ms.sweaterltd@gmail.com,,,,,,82.05128205128204,confirmed
Ba: Bo:,1668,Dekko Readywears Ltd.,28-06-2016,2500,4190,,,info@dekkoisho.com,,,,,,100.0,confirmed
Ba: Bo:,1671,Fashion Exposer Ltd.,08-04-2016,2500,2703,,,shajal@sweater-makers.com,,,,,,92.6829268292683,confirmed
Ba: Bo:,1672,Atlanta Sweater Ltd.,11-08-2005,2500,4529,,,aleaya_ltd2005@yahoo.com,,,,,,87.17948717948718,confirmed
Ba: Bo:,1674,Hamim Washing Plant,14-12-2012,6000,7012,,,mizanmahid7@gmail.com,,,,,,84.21052631578947,confirmed
Ba: Bo:,1673,Associate Garments Ltd.,30-11--0001,2500,412,,,info@princegroupbd.com,,,,,,95.65217391304348,confirmed
Ba: Bo:,1675,Rocky Textile Mills (P:) Ltd.,12-04-2022,5000,3763,,,garment@kdsgroup.net,,,,,,74.50980392156863,low
Ba: Bo:,1676,Rocky Kniting Mills (P:) Ltd.,23-04-2022,5000,3132,,,rockygrp@bdcom.com,,,,,,93.33333333333333,confirmed
Ba: Bo:,1682,Unistar Sweater (Bangladesh) Ltd.,30-11--0001,2500,3121,,,info@standard-group.com,,,,,,76.66666666666666,low
Ba: Bo:,1683,Como Apparels Ltd.,25-09-2009,2500,6725,,,huddin@mail.beximtex.com,,,,,,88.88888888888889,confirmed
Ba: Bo:,1688,Hemtech Apparels Ltd.,18-05-2001,2500,6101,,,heritageapparelsltd@gmail.com,,,,,,83.72093023255813,confirmed
Ba: Bo:,1694,Locnath Printing & Processing Ind:,22-06-2006,5000,1157,,,bbkpil@yahoo.com,,,,,,64.86486486486487,low
Ba: Bo:,1695,Shamrock Knitware Ltd.,27-04-2001,2500,2625,,,sarknl@bangla.net,,,,,,85.0,confirmed
Ba: Bo:,1701,Urmy Garments Ltd.,22-06-2005,2500,571,,,asif@urmigroup.net,,,,,,94.44444444444444,confirmed
Ba: Bo:,1703,Abed Textile Processing Mills Ltd.,20-06-2006,6000,4143,,,gopesh@apexholdings.com,,,,,,81.81818181818181,confirmed
Ba: Bo:,1704,R K Fabrics Ltd.,24-06-2002,4500,4593,,,shahid@rupagroup.net,,,,,,84.84848484848484,confirmed
Ba: Bo:,1707,Zakir Textile,22-04-2009,4500,5359,,,eftakher@uniformtextile.com,,,,,,60.60606060606061,low
Ba: Bo:,1708,John Global Fashion (Bangladesh) Ltd.,29-06-2012,2500,2931,,,,,,,,,81.25,confirmed
Ba: Bo:,1709,Thats East Fashions Ltd.,06-06-2008,2500,805,,,azad@hameemgroup.com,,,,,,80.85106382978724,confirmed
Ba: Bo:,1712,R G R Sweaters Ltd.,19-06-2008,2500,2490,,,rahat@rracrylic.com,,,,,,86.48648648648648,confirmed
Ba: Bo:,1713,A S B Sweaters Ltd.,30-11--0001,2500,4732,,,basher@abgsweater.com,,,,,,88.88888888888889,confirmed
Ba: Bo:,1714,Euta Garments Ltd.,09-07-2006,2500,2732,,,kg.morshed@eurozonebd.com,,,,,,87.17948717948718,confirmed
Ba: Bo:,1716,The New Delta Apparels Ltd,05-12-2022,2500,1219,,,deltadhaka@dhaka.net,,,,,,98.11320754716981,confirmed
Ba: Bo:,1715,De apparels Ltd,10-05-2022,4500,6173,,,alim@aleyabd.com,,,,,,82.35294117647058,confirmed
Ba: Bo:,1718,Grameen Knitware Ltd.,23-07-2018,4500,2938,,,ashraf@grameentelecom.net.bd,,,,,,95.23809523809523,confirmed
Ba: Bo:,1719,Grameen Knitware Ltd.,10-06-2022,4500,2938,,,ashraf@grameentelecom.net.bd,,,,,,95.23809523809523,confirmed
Ba: Bo:,1720,Sydney Fashions Ltd.,19-11-2017,2500,1685,,,sydney@bangla.net,,,,,,100.0,confirmed
Ba: Bo:,1726,Dhaka Textile Mills Ltd.,18-04-2022,6000,3763,,,garment@kdsgroup.net,,,,,,86.95652173913044,confirmed
Ba: Bo:,1724,Narsingdi Seizing & Finishing Mills Ltd.,20-07-2022,4500/-,2624,,,apexmail@apex-tg.net,,,,,,72.0,low
Ba: Bo:,1727,Aginis Garments (P:) Ltd.,09-06-2008,2500,979,,,anika@anikagarments.com,,,,,,82.35294117647058,confirmed
Ba: Bo:,1731,Jilani Apparels Ltd.,17-08-2003,2500,2926,,,mansoor@luckybd.com,,,,,,89.47368421052632,confirmed
Ba: Bo:,1732,Hams Washing & Dying Ltd.,04-08-2005,,6472,,,amanul.hossain@hams.com.bd,,,,,,66.66666666666667,low
Ba: Bo:,1735,Jaber & Jobayer Fabrics Ltd.,03-08-2017,7000,4019,,,asean@globalctg.net,,,,,,66.66666666666667,low
Ba: Bo:,1737,Ahosan Sweaters Ltd.,28-08-2017,2500,4657,,,anamknit@gnbd.net,,,,,,89.47368421052632,confirmed
Ba: Bo:,1739,R Co Sweaters Ltd.,12-07-2011,2500,6423,,,moshiur@jm-exportltd.com,,,,,,88.88888888888889,confirmed
Ba: Bo:,1738,R Co Sweaters Ltd.,13-07-2004,2500,6423,,,moshiur@jm-exportltd.com,,,,,,88.88888888888889,confirmed
Ba: Bo:,1741,Ring Sahin Textiles Ltd.,09-08-2022,,5698,,,info@ragadi.net,,,,,,79.06976744186046,low
Ba: Bo:,1740,Sonargaon Dying Processing & Finishing  Mills Ltd.,30-11--0001,3500,5915,,,navyhosiery@gmail.com,,,,,,72.09302325581395,low
Ba: Bo:,1742,Ring Sahin Textiles Ltd.,09-08-2022,,5698,,,info@ragadi.net,,,,,,79.06976744186046,low
Ba: Bo:,1743,Kushiara Composit Knit Ind: Ltd.,09-07-2022,6000,3052,,,kushiara@samadgroupbd.com,,,,,,93.93939393939394,confirmed
Ba: Bo:,1747,Phonics Fabrics Ltd.,30-11--0001,4500,2655,,,ctg@asianapparels.com,,,,,,78.94736842105263,low
Ba: Bo:,1750,Florence Fashions Ltd.,08-08-2012,2500,2965,,,marzuq@florencefashions.net,,,,,,100.0,confirmed
Ba: Bo:,1751,S M Textile Mills,19-08-2001,4500,5952,,,,,,,,,76.47058823529412,low
Ba: Bo:,1753,Messures Pearl Garments Ltd.,07-08-2006,2500,346,,,masalam@asianapparels.com,,,,,,76.59574468085107,low
Ba: Bo:,1752,Messures Pearl Garments Ltd.,07-06-2006,2500,346,,,masalam@asianapparels.com,,,,,,76.59574468085107,low
Ba: Bo:,1754,Fabulous Fashions Ltd.,29-03-2018,2500,3648,,,yousuf@fabulousfashion-bd.com,,,,,,100.0,confirmed
Ba: Bo:,1756,Chrest Garments Ltd.,25-09-2012,2500,1256,,,kalam@chaity.com,,,,,,85.0,confirmed
Ba: Bo:,1755,Up Date Fashions Ltd.,07-09-2012,2500,6325,,,rana@uniongroup.com,,,,,,85.0,confirmed
Ba: Bo:,1758,Starling Washing Plant Ltd.,10-09-2005,3500,4279,,,mosharraf_h@standard-group.com,,,,,,66.66666666666667,low
Ba: Bo:,1757,Starling Washing Plant Ltd.,10-09-2005,3500,4279,,,mosharraf_h@standard-group.com,,,,,,66.66666666666667,low
Ba: Bo:,1759,Starling Washing Plant Ltd.,10-09-2005,3500,4279,,,mosharraf_h@standard-group.com,,,,,,66.66666666666667,low
Ba: Bo:,1760,Ananto Fashion Ltd.,17-08-2012,2500,2993,,,info@ananta-bd.com,,,,,,94.73684210526316,confirmed
Ba: Bo:,1762,James Sweaters (Pvt.) Ltd.,23-03-2012,2500,1934,,,commercial@jams-group.com,,,,,,98.0392156862745,confirmed
Ba: Bo:,1764,Pan Win Fashions Ltd.,27-07-2021,2500,2932,,,sarwar@panwin.org,,,,,,92.6829268292683,confirmed
Ba: Bo:,1765,H R Textile Mills Ltd.,08-06-2019,6000,5167,,,pride@pride-grp.com,,,,,,88.88888888888889,confirmed
Ba: Bo:,1766,Europe Apparels Ltd.,30-11--0001,2500,1657,,,manco@globalctg.net,,,,,,94.73684210526316,confirmed
Ba: Bo:,1767,Shyamoli Garments Ltd.,03-09-2012,4500,641,,,samoli@siriusbb.com,,,,,,97.67441860465115,confirmed
Ba: Bo:,1769,Aliance Garments Ltd.,05-08-2005,2500,890,,,chairman@alliancegroupbd.com,,,,,,97.67441860465115,confirmed
Ba: Bo:,1771,Fortune Apparels Ltd.,30-10-2001,2500,2947,,,masalam@asianapparels.com,,,,,,100.0,confirmed
Ba: Bo:,1770,Beximco Apparels Ltd.,31-10-2005,,721,,,rpirker@merchentex.com,,,,,,85.0,confirmed
Ba: Bo:,1772,Fortune Apparels Ltd.,16-10-2005,2500,2947,,,masalam@asianapparels.com,,,,,,100.0,confirmed
Ba: Bo:,1773,Fortune Apparels Ltd.,09-10-2005,2500,2947,,,masalam@asianapparels.com,,,,,,100.0,confirmed
Ba: Bo:,1774,Fortuna Apparels Ltd.,09-10-2005,3500,2947,,,masalam@asianapparels.com,,,,,,95.23809523809523,confirmed
Ba: Bo:,1776,Saiba Textile Mills (P:) Ltd.,01-10-2005,,3985,,,info@sattartextile.com,,,,,,81.4814814814815,confirmed
Ba: Bo:,1778,Meghna Washing Plant Ltd.,30-11--0001,4500,7012,,,mizanmahid7@gmail.com,,,,,,72.72727272727273,low
Ba: Bo:,1782,Beximco Fashion,21-10-2021,2500,2898,,,zahidjewel160@gmail.com,,,,,,83.33333333333334,confirmed
Ba: Bo:,1785,Simanto Textile Mill,09-03-2022,3500,3985,,,info@sattartextile.com,,,,,,71.11111111111111,low
Ba: Bo:,1786,Arkit Sweater Ltd.,30-11--0001,,3903,,,afwl@dhaka.net,,,,,,86.48648648648648,confirmed
Ba: Bo:,1787,Hachakpur Sweater Ind: Ltd.,12-08-2018,3500,4101,,,sales@danasweater.com,,,,,,76.0,low
Ba: Bo:,1790,Khalek Kniting & Garments Ind: (Pvt.) Ltd.,02-01-2009,5500,5922,,,ikgpl@dhaka.net,,,,,,74.66666666666666,low
Ba: Bo:,1788,Beximco Fashions Ltd.,21-10-2021,2500,2898,,,zahidjewel160@gmail.com,,,,,,100.0,confirmed
Ba: Bo:,1789,Fortune Apparels Ltd.,19-10-2016,2500,2947,,,masalam@asianapparels.com,,,,,,100.0,confirmed
Ba: Bo:,1795,The Delta Composit Kniting Ind: Ltd.,17-11-2001,2500,3032,,,dckilgs@bdmail.net,,,,,,93.33333333333333,confirmed
Ba: Bo:,1796,Chowdhury Knitwares Ltd.,12-10-2022,6500,3368,,,shamim@ckl-bd.com,,,,,,95.83333333333334,confirmed
Ba: Bo:,1797,Messures Fareast Dresses Ltd.,11-08-2008,2500,4009,,,afl-1@azmatgroup.com,,,,,,81.63265306122449,confirmed
Ba: Bo:,1798,Messures Fareast Dresses Ltd.,11-08-2009,2500,4009,,,afl-1@azmatgroup.com,,,,,,81.63265306122449,confirmed
Ba: Bo:,1799,National Dying & Printing Mills Ltd.,19-11-2001,2500,6833,,,info@mosharafgroup.com,,,,,,66.66666666666667,low
Ba: Bo:,1800,S K Textile Dying & Printing,30-11--0001,2500,4467,,,hasan@lizfashion.com,,,,,,66.66666666666667,low
Ba: Bo:,1801,Basic Apparels Ltd.,27-11-2005,2500,721,,,rpirker@merchentex.com,,,,,,100.0,confirmed
Ba: Bo:,1803,Savar Textiles Ltd.,29-11-2001,3500,2148,,,log@savartex.com,,,,,,100.0,confirmed
Ba: Bo:,1806,A B Textiles (P:) Ltd.,12-01-2012,4500,6080,,,info@cnagroupbd.com,,,,,,82.92682926829268,confirmed
Ba: Bo:,1804,Tanya Textiles Ltd.,12-11-2001,5500,4654,,,mdshimul@tanzilatextile.com,,,,,,87.17948717948718,confirmed
Ba: Bo:,1805,Tanya Textiles Ltd.,17-08-2016,6500,4654,,,mdshimul@tanzilatextile.com,,,,,,87.17948717948718,confirmed
Ba: Bo:,1809,Public Health Textile Mills Ltd.,24-10-2011,5500,2329,,,tamalh@bdmail.net,,,,,,77.19298245614034,low
Ba: Bo:,1810,Public Health Grameen Textile Mills Ltd.,19-07-2022,5500,2154,,,arefin@arefingroupbd.com,,,,,,67.6923076923077,low
Ba: Bo:,1813,Babilon Dresses Ltd.,30-11--0001,4500,2370,,,babylon@babylon-bd.com,,,,,,95.0,confirmed
Ba: Bo:,1814,FASHION 2000 LTD.,26-12-2005,2500,6519,,,selim.hronefashions@gmail.com,,,,,,64.86486486486487,low
Ba: Bo:,1818,Knit Asia Ltd.,30-11--0001,2500,3054,,,allabj@newasiabd.com,,,,,,100.0,confirmed
Ba: Bo:,1819,Knit Asia Ltd.,30-11--0001,2500,3054,,,allabj@newasiabd.com,,,,,,100.0,confirmed
Ba: Bo:,1820,S F Apparels Ltd.,08-12-2004,2500,5781,,,,,,,,,90.9090909090909,confirmed
Ba: Bo:,1826,Shovon Washing Plant Ltd.,13-12-2006,4500,7012,,,mizanmahid7@gmail.com,,,,,,68.18181818181819,low
Ba: Bo:,1828,House of Sun Shine Knitware Ltd.,30-11--0001,2500,6047,,,nhaque@shagore.com,,,,,,64.40677966101696,low
Ba: Bo:,1829,Globe Textile Mills Ltd.,08-12-2010,5500,3763,,,garment@kdsgroup.net,,,,,,82.6086956521739,confirmed
Ba: Bo:,1831,Molla Dying & Printing Ind:,28-11-2022,4500,5915,,,navyhosiery@gmail.com,,,,,,65.625,low
Ba: Bo:,1830,Shamser Apparels Ltd.,05-01-2006,2500,3022,,,benjir@shamshergroup.org,,,,,,97.67441860465115,confirmed
Ba: Bo:,1834,Jaber & Jobayer Fabrics Ltd.,23-11-2015,7000,4019,,,asean@globalctg.net,,,,,,66.66666666666667,low
Ba: Bo:,1837,Kimia Garments Ind: Ltd.,05-01-2020,4500,2541,,,altaf@nassagroup.org,,,,,,95.83333333333334,confirmed
Ba: Bo:,1840,Prium Fashion Ltd.,03-01-2010,2500,2539,,,ctg@asianapparels.com,,,,,,91.89189189189189,confirmed
Ba: Bo:,1841,Newtex Apparels Ware Ltd.,16-01-2006,2500,1031,,,info@newwavebd.com,,,,,,86.95652173913044,confirmed
Ba: Bo:,1842,Andilib Textile Mills,26-12-2022,4500,6130,,,,,,,,,76.19047619047619,low
Ba: Bo:,1846,Soniya Dying & Printing Industries,30-10-2022,4500,1910,,,nrgroup@global-bd.net,,,,,,63.888888888888886,low
Ba: Bo:,1847,Seatex Sweater Ltd.,08-02-2012,2500,4133,,,,,,,,,87.17948717948718,confirmed
Ba: Bo:,1850,Honest Textile,28-02-2022,4500,3628,,,,,,,,,75.0,low
Ba: Bo:,1849,Savar Dying & Finishing Ind: Ltd.,22-02-2007,,5915,,,navyhosiery@gmail.com,,,,,,71.42857142857143,low
Ba: Bo:,1852,Multi Line Sweaters Ltd.,03-02-2003,2500,5283,,,mynul@midlinefashion.com,,,,,,88.88888888888889,confirmed
Ba: Bo:,1854,Samahar Sweaters Ltd.,02-02-2001,2500,4414,,,info@palmalgarments.com,,,,,,90.0,confirmed
Ba: Bo:,1856,Fullcharm Fashion Knitters Ltd.,28-06-2022,2500,3006,,,commercial@fullraybd.com,,,,,,100.0,confirmed
Ba: Bo:,1855,Fullcharm Fashion Knitters Ltd.,28-06-2022,3500,3006,,,commercial@fullraybd.com,,,,,,100.0,confirmed
Ba: Bo:,1857,Active Composite Mills Ltd.,08-03-2021,3500,3565,,,babu@rising-group.com,,,,,,100.0,confirmed
Ba: Bo:,1859,Anoyar Dying & Printing Works,15-03-2009,4500,,,,,,,,,,0,none
Ba: Bo:,1858,Out Right Fashion Ltd.,05-03-2012,2500,2207,,,momtaz@outrightfashion.com,,,,,,93.02325581395348,confirmed
Ba: Bo:,1860,4 Star Fashions Ltd.,05-03-2002,2500,3081,,,suman@4starfashions.com,,,,,,100.0,confirmed
Ba: Bo:,1862,Aba Sweaters Ltd.,30-11--0001,2500,4657,,,anamknit@gnbd.net,,,,,,91.42857142857143,confirmed
Ba: Bo:,1861,Toyo Composit Knit Garmrnts Ltd.,24-04-2012,2500,2248,,,thaque@bol-online.com,,,,,,95.38461538461537,confirmed
Ba: Bo:,1864,Queens Apparels Ltd.,30-11--0001,6500,935,,,mensal@bttb.net,,,,,,87.17948717948718,confirmed
Ba: Bo:,1863,Alif Garments Ltd.,04-11-2010,2500,95,,,kamal@kemsgroup.com,,,,,,97.14285714285714,confirmed
Ba: Bo:,1867,Vintex Apparels Ltd.,23-03-2012,2500,780,,,wingroup@wingroupbd.com,,,,,,95.0,confirmed
Ba: Bo:,1865,Frosty Fashion Ltd.,12-06-2002,2500,4835,,,badsha@fiatfashion.net,,,,,,83.33333333333334,confirmed
Ba: Bo:,1866,Ashian Sweaters Ltd.,22-03-2002,2500,4657,,,anamknit@gnbd.net,,,,,,89.47368421052632,confirmed
Ba: Bo:,1870,Rahman Hosiery Dyeing & Finishing Mills (P:) Ltd.,12-01-2006,6500,4725,,,mahtab@falcongroupbd.com,,,,,,73.5632183908046,low
Ba: Bo:,1871,Sajrda Dying Printing & Processing,30-11--0001,3500,,,,,,,,,,0,none
Ba: Bo:,1877,Radiant Sweater Ind: Ltd.,15-10-2021,2500,3098,,,nazemul@sayem-group.com,,,,,,85.71428571428572,confirmed
Ba: Bo:,1881,Evana Textile Mills,24-03-2022,5500,6130,,,,,,,,,75.0,low
Ba: Bo:,1883,Hamid Textile Mills Ltd.,16-04-2012,6000,6690,,,fairtextilemills@yahoo.com,,,,,,89.36170212765957,confirmed
Ba: Bo:,1885,Love Craft Garments (P:) Ltd.,27-04-2017,2500,4549,,,garmentshome@nationalgroupbd.com,,,,,,75.47169811320755,low
Ba: Bo:,1886,K D S Textile Mills Ltd.,12-04-2022,6000,3763,,,garment@kdsgroup.net,,,,,,86.95652173913044,confirmed
Ba: Bo:,1887,Messures Chadpur Textile Mills,03-03-2003,5000,6508,,,dtml@dbg.com.bd,,,,,,64.40677966101696,low
Ba: Bo:,1891,Mantrast Sweater Ltd.,21-03-2011,2500,3090,,,admin@mantrust.net,,,,,,95.23809523809523,confirmed
Ba: Bo:,1892,Mantrast Sweater Ltd.,21-03-2011,2500,3090,,,admin@mantrust.net,,,,,,95.23809523809523,confirmed
Ba: Bo:,1893,Voyager Apparels Ltd.,16-09-2021,2500,3634,,,taher@shangugroup.com,,,,,,100.0,confirmed
Ba: Bo:,1895,Millinnium Sweater Ltd.,11-05-2005,2500,3068,,,info@dynastygroupbd.com,,,,,,95.65217391304348,confirmed
Ba: Bo:,1894,Dird Washing Plant Ltd.,08-03-2022,5500,7012,,,mizanmahid7@gmail.com,,,,,,76.19047619047619,low
Ba: Bo:,1897,Colour Fair Dying & Finishing Ltd.,13-04-2006,6500,2016,,,cotton@cottongroupbd.com.bd,,,,,,74.28571428571429,low
Ba: Bo:,1896,Kakoli Dying & Printing Works,25-01-2022,6000,,,,,,,,,,0,none
Ba: Bo:,1898,Multi Dying & Fabrics (P:) Ltd.,11-03-2022,3500,4670,,,zaman@divinetextile.com,,,,,,64.0,low
Ba: Bo:,1900,Ashraf Dying & Printing Mills,21-04-2016,4500,,,,,,,,,,0,none
Ba: Bo:,1903,T S Sweaters Ltd.,23-04-2004,2500,3659,,,sfsweaters@gmail.com,,,,,,90.9090909090909,confirmed
Ba: Bo:,1907,Halim Vuiyan Textile & Sizing Mills,26-09-2022,3500,,,,,,,,,,0,none
Ba: Bo:,1908,Hosen Calendering & Finishing Mills Ltd.,09-04-2006,2500,4725,,,mahtab@falcongroupbd.com,,,,,,76.92307692307692,low
Ba: Bo:,1909,Silk Roots Apparels Ltd.,01-01-2018,2500,4459,,,tutulstml@agni.com,,,,,,85.71428571428572,confirmed
Ba: Bo:,1911,Omega Sweaters Ltd.,09-04-2004,2500,3151,,,mostofa@mnrgroupbd.com,,,,,,100.0,confirmed
Ba: Bo:,1914,B B Sweaters Industries Ltd.,30-11--0001,2500,6273,,,abrsweaters@gmail.com,,,,,,88.13559322033898,confirmed
Ba: Bo:,1918,Shahi Dyeing & Finishing Mills,27-03-2019,3500,2016,,,cotton@cottongroupbd.com.bd,,,,,,72.72727272727273,low
Ba: Bo:,1920,Prass Garments Ltd.,25-04-2012,2500,6639,,,wasiur_rahman78@yahoo.com,,,,,,87.8048780487805,confirmed
Ba: Bo:,1928,Kalyndi Textile,02-06-2002,4500,5936,,,,,,,,,71.42857142857143,low
Ba: Bo:,1929,Messures N Z N Fashion Wares Ltd.,24-05-2018,6000,368,,,nasir@pacificjeans.com,,,,,,72.72727272727273,low
Ba: Bo:,1930,J F Textiles Ltd.,14-05-2005,4500,4869,,,,,,,,,84.84848484848484,confirmed
Ba: Bo:,1931,Big Boys Apparels Ltd.,01-06-2002,2500,5608,,,pgc@padmagroupbd.com,,,,,,85.0,confirmed
Ba: Bo:,1933,E O S Textile Mills Ltd.,23-05-2022,5000,3763,,,garment@kdsgroup.net,,,,,,82.6086956521739,confirmed
Ba: Bo:,1935,Cabcon Textile Mills Ltd.,02-04-2014,6500,6690,,,fairtextilemills@yahoo.com,,,,,,83.33333333333334,confirmed
Ba: Bo:,1936,Fakir Fashion Ltd.,21-04-2022,6500,6587,,,akon@fakirfashion.com,,,,,,100.0,confirmed
Ba: Bo:,1937,Jikon Garments Ltd.,23-06-2017,2500,3229,,,mail@daygroupbd.com,,,,,,89.47368421052632,confirmed
Ba: Bo:,1939,Dip Textile Mills Ltd.,27-12-2022,5000,3763,,,garment@kdsgroup.net,,,,,,90.9090909090909,confirmed
Ba: Bo:,1941,Anchor Dyeing & Accessories Ltd.,27-02-2018,4500,5949,,,md.emran28@yahoo.com,,,,,,64.70588235294117,low
Ba: Bo:,1943,F K N Textiles Ltd.,11-05-2022,3500,3257,,,sadek.pandg@gmail.com,,,,,,81.08108108108108,confirmed
Ba: Bo:,1944,Messures Roni Textile Mills,18-06-2005,5000,6829,,,matiur_rtml@yahoo.com,,,,,,69.0909090909091,low
Ba: Bo:,1945,M S Roni Textile Mills,28-11-2006,5500,3233,,,regent@spnetctg.com,,,,,,72.34042553191489,low
Ba: Bo:,1949,T M R Knit Fabrics Ltd.,20-06-2001,6000,2460,,,tosyknit@gmail.com,,,,,,84.44444444444444,confirmed
Ba: Bo:,1950,Audit Fit Fashion Ltd.,21-05-2015,2500,5880,,,,,,,,,82.92682926829268,confirmed
Ba: Bo:,1953,M M Washing Plant Ltd.,30-11--0001,5500,7012,,,mizanmahid7@gmail.com,,,,,,73.17073170731707,low
Ba: Bo:,1951,Textile Fashions Ltd.,29-06-2014,2500,2798,,,textile2@speedbd.com,,,,,,97.5609756097561,confirmed
Ba: Bo:,1954,Amena Dying & Printing,14-07-2022,3500,3890,,,info@akhfashions.com,,,,,,62.5,low
Ba: Bo:,1956,Montex Apparels Ltd.,08-06-2016,2500,3595,,,zakir@nistyles.com,,,,,,92.3076923076923,confirmed
Ba: Bo:,1958,Galont Fashions Ltd.,19-07-2016,2500,2725,,,asian@spenectg.com,,,,,,92.6829268292683,confirmed
Ba: Bo:,1959,Galant Fashions Ltd.,19-06-2016,2500,2725,,,asian@spenectg.com,,,,,,97.5609756097561,confirmed
Ba: Bo:,1962,Apparels Profile,12-07-2004,2500,2348,,,monir@metrocombd.com,,,,,,82.35294117647058,confirmed
Ba: Bo:,1970,KDS Apparels Mills,26-12-2022,6000/-,3972,,,garments@kdsgroup.net,,,,,,74.28571428571429,low
Ba: Bo:,1973,Global Knitware Ltd.,30-11--0001,2500,5207,,,romel@gkl-bd.com,,,,,,92.6829268292683,confirmed
Ba: Bo:,1972,Orkid sweater Ltd,21-09-2022,2500/-,2850,,,azimmf@azimgroup.com,,,,,,83.33333333333334,confirmed
Ba: Bo:,1975,Mahmuda Textile & Processing Mills Ltd.,25-07-2005,5500,4143,,,gopesh@apexholdings.com,,,,,,70.4225352112676,low
Ba: Bo:,1976,The- Delta Composit Kniting Ind: Ltd.,19-04-2021,6500,3032,,,dckilgs@bdmail.net,,,,,,92.10526315789474,confirmed
Ba: Bo:,1982,M/S Voyejer Textile (Pvt.) Ltd.,29-08-2017,6000,3992,,,ritatexf@dhaka.net,,,,,,70.37037037037037,low
Ba: Bo:,1980,STAR LIGHT SWEATER LTD.,02-04-2019,2500,,,,,,,,,,0,none
Ba: Bo:,1981,Logs Apparels Ltd.,27-08-2004,2500,2812,,,hamza@logosbd.net,,,,,,97.2972972972973,confirmed
Ba: Bo:,1983,Well Done Apparels Ltd.,28-11-2017,2500,5755,,,mz_the@yahoo.com,,,,,,81.81818181818181,confirmed
Ba: Bo:,1984,Sap Fashion Ltd.,29-07-2020,3500,4323,,,sayed@sagfashion.com,,,,,,93.75,confirmed
Ba: Bo:,1985,S M E Sweaters Ltd.,14-06-2012,2500,4660,,,ms.sweaterltd@gmail.com,,,,,,91.89189189189189,confirmed
Ba: Bo:,1987,J N J Fabrics & Textile Ltd.,17-07-2022,4500,2655,,,ctg@asianapparels.com,,,,,,69.56521739130434,low
Ba: Bo:,1988,Messures Angashree Dying & Printing,17-08-2022,3500,,,,,,,,,,0,none
Ba: Bo:,1992,Harf Fashion Ware Ltd.,30-11--0001,,2260,,,info@harpfashion.com,,,,,,88.88888888888889,confirmed
Ba: Bo:,1994,Unifil Textile Mills Ltd.,16-07-2010,3500,3763,,,garment@kdsgroup.net,,,,,,76.59574468085107,low
Ba: Bo:,1995,Perfect Washing & Dying Plant,21-08-2005,3500,7012,,,mizanmahid7@gmail.com,,,,,,62.5,low
Ba: Bo:,1996,Perfect Washing & Dying Plant,19-08-2017,3500,7012,,,mizanmahid7@gmail.com,,,,,,62.5,low
Ba: Bo:,1997,Perfect Washing & Dying Plant Ltd.,16-08-2022,3500,6833,,,info@mosharafgroup.com,,,,,,63.29113924050633,low
Ba: Bo:,1998,Fashion Exnoser Ltd.,07-08-2005,2500,5427,,,ahmed@exensivefashionltd.com,,,,,,87.8048780487805,confirmed
Ba: Bo:,2000,Capital Sweater Ltd.,31-07-2003,2500,5242,,,shahin106@gmail.com,,,,,,84.21052631578947,confirmed
Ba: Bo:,2001,Anjir Apparels Ltd.,18-08-2012,3500,3231,,,anzirterrytowels@gmail.com,,,,,,94.73684210526316,confirmed
Ba: Bo:,2003,Five Star Dying & Printing,13-08-2001,4500,2797,,,alana@citechco.net,,,,,,61.81818181818181,low
Ba: Bo:,2004,Arnab Fashion Ware Ltd.,22-01-2018,2500,3072,,,aromafwl@bijoy.net,,,,,,86.95652173913044,confirmed
Ba: Bo:,2006,"G, M, S, Composit Kniting Ind: Ltd.",10-02-2021,2500,3425,,,eti@gmsbd.com,,,,,,80.59701492537313,confirmed
Ba: Bo:,2007,Mousumi Knit Composite Ltd.,03-06-2014,2500,5526,,,,,,,,,98.18181818181819,confirmed
Ba: Bo:,2008,Global Outerwear Limited,25-09-2022,2500,2603,,,farhan.azim@azimgroup.com,,,,,,88.88888888888889,confirmed
Ba: Bo:,2011,Sajal Apparels Ltd.,12-11-2008,2500,1553,,,titash@pradeshta.net,,,,,,89.47368421052632,confirmed
Ba: Bo:,2012,Applique Fashion Wear Ltd.,25-11-2001,2500,6231,,,gopesh@apexholdings.com,,,,,,87.5,confirmed
Ba: Bo:,2013,Debonair Fashions Ltd.,23-11-2010,2500,3011,,,babylon@babylon-bd.com,,,,,,87.8048780487805,confirmed
Ba: Bo:,2014,Rupa Apparels Ltd.,30-08-2012,2500,2662,,,rupa@citechco.net,,,,,,100.0,confirmed
Ba: Bo:,2015,Sanji Textile,12-07-2012,3500,5936,,,,,,,,,76.92307692307692,low
Ba: Bo:,2016,Sanji Textile Mills Ltd.,12-07-2012,3500,3985,,,info@sattartextile.com,,,,,,85.71428571428572,confirmed
Ba: Bo:,2017,Pahartali Textile & Hosiery Mills,26-08-2005,3500,2009,,,athl@citechco.net,,,,,,62.295081967213115,low
Ba: Bo:,2018,Sun Fabrics Ltd.,27-08-2005,5500,2525,,,sinhafwl1@yahoo.com,,,,,,88.23529411764706,confirmed
Ba: Bo:,2019,Odesha Fashion Ltd.,05-09-2017,2500,1962,,,adnan@zaastex.com,,,,,,92.3076923076923,confirmed
Ba: Bo:,2023,Pasmina Sweater Ltd.,30-11--0001,2500,1727,,,pashmina@siriusbroadband.com,,,,,,97.5609756097561,confirmed
Ba: Bo:,2022,M A M Garments Ltd.,30-11--0001,2500,1409,,,nassa@nassagroup.org,,,,,,88.88888888888889,confirmed
Ba: Bo:,2025,Askar Washing Plant,22-06-2012,3500,7012,,,mizanmahid7@gmail.com,,,,,,78.94736842105263,low
Ba: Bo:,2024,STAR LIGHT SWEATER LTD.,24-04-2022,2500,,,,,,,,,,0,none
Ba: Bo:,2021,Shash Fashion Ware Ltd.,11-09-2012,2500,6976,,,naksfashionwearltd@gmail.com,,,,,,84.44444444444444,confirmed
Ba: Bo:,2028,Rupa Knitware (P:) Ltd.,11-01-2016,2500,3087,,,shahid@rupagroup.net,,,,,,89.36170212765957,confirmed
Ba: Bo:,2029,Rupa Knitware (P:) Ltd.,11-01-2016,2500,3087,,,shahid@rupagroup.net,,,,,,89.36170212765957,confirmed
Ba: Bo:,2034,Naf Washing International,23-08-2004,2500,7024,,,nrfi72@gmail.com,,,,,,71.42857142857143,low
Ba: Bo:,2036,Super Fine Spenners & Kniters (P:) Ltd.,11-09-2012,2500,2861,,,tonyche@bsklbd.com,,,,,,72.5,low
Ba: Bo:,2037,Auto Textile Ltd.,12-07-2010,6500,2443,,,akhter@gumtitex.com,,,,,,83.33333333333334,confirmed
Ba: Bo:,2040,B H Sweater World (P:) Ltd.,30-11--0001,2500,5044,,,,,,,,,72.72727272727273,low
Ba: Bo:,2044,R K Fabrics Ltd.,11-10-2005,5000,4593,,,shahid@rupagroup.net,,,,,,84.84848484848484,confirmed
Ba: Bo:,2046,Bangladesh Spenning & Kniting (P:) Ltd.,14-10-2005,6500,2861,,,tonyche@bsklbd.com,,,,,,77.5,low
Ba: Bo:,2047,Bengal Fine Knitex Ltd.,30-11--0001,5500,2648,,,bfklbd@gmail.com,,,,,,100.0,confirmed
Ba: Bo:,2050,Flamin Go Apparels,05-11-2001,2500,1830,,,commercial@jhrgroup.net,,,,,,73.6842105263158,low
Ba: Bo:,2053,B S A Garments Industries (P:) Ltd.,06-11-2018,2500,1200,,,,,,,,,80.0,confirmed
Ba: Bo:,2052,B S A Garments Industries (P:) Ltd.,06-11-2018,2500,1200,,,,,,,,,80.0,confirmed
Ba: Bo:,2054,B S A Fashion Ltd.,06-11-2018,2500,3016,,,aba@abagroupbd.com,,,,,,85.71428571428572,confirmed
Ba: Bo:,2056,B S A Fashion Ltd.,06-11-2018,2500,3016,,,aba@abagroupbd.com,,,,,,85.71428571428572,confirmed
Ba: Bo:,2055,B S A Fashion Ltd.,06-11-2018,2500,3016,,,aba@abagroupbd.com,,,,,,85.71428571428572,confirmed
Ba: Bo:,2057,B S A Fashion Ltd.,06-11-2018,2500,3016,,,aba@abagroupbd.com,,,,,,85.71428571428572,confirmed
Ba: Bo:,2058,Felcon Knitware (P:) Ltd.,30-11--0001,,5286,,,commercial@mondol.net,,,,,,70.58823529411764,low
Ba: Bo:,2059,"A, R, C, Sweaters Ltd.",26-10-2010,2500,6423,,,moshiur@jm-exportltd.com,,,,,,85.0,confirmed
Ba: Bo:,2060,Monnu Fabrics Ltd.,30-08-2021,7000,4002,,,commercial@mondol.net,,,,,,86.48648648648648,confirmed
Ba: Bo:,2063,Hamid Textile Mills Ltd.,14-11-2013,6500,6690,,,fairtextilemills@yahoo.com,,,,,,89.36170212765957,confirmed
Ba: Bo:,2065,South China Bleaching and Dyeing Factory Ltd.,26-11-2022,7000,,,,,,,,,,0,none
Ba: Bo:,2070,M. I. T Apparels Ltd.,26-07-2018,2500,4983,,,imamzimtex@bd.com,,,,,,82.05128205128204,confirmed
Ba: Bo:,2071,Orbitex Knitware Ltd.,11-11-2005,2500,952,,,md@debonairgroupbd.com,,,,,,95.23809523809523,confirmed
Ba: Bo:,2072,Sams Kniting & Sweaters Ind: Ltd.,30-11--0001,2500,2615,,,sks6@globalctg.net,,,,,,91.17647058823529,confirmed
Ba: Bo:,2074,M & M Dresses Ltd.,28-06-2016,2500,2799,,,faruk@shaningroup.net,,,,,,100.0,confirmed
Ba: Bo:,2076,Lenny Fashions Ltd.,09-11-2021,5500,2184,,,waseem.siddiqui@lennyfashions.co,,,,,,100.0,confirmed
Ba: Bo:,2079,A K Fashions Ltd.,14-12-2005,2500,3236,,,anwar@ajintl.com,,,,,,94.11764705882352,confirmed
Ba: Bo:,2080,New Age Fashion Ware Ltd.,19-09-2016,2500,6231,,,gopesh@apexholdings.com,,,,,,80.85106382978724,confirmed
Ba: Bo:,2082,Newaj Textile Mills,19-12-2005,3500,5952,,,,,,,,,72.22222222222221,low
Ba: Bo:,2087,Rokib Textile & Sizing Mills,15-02-2022,5000,6829,,,matiur_rtml@yahoo.com,,,,,,64.28571428571428,low
Ba: Bo:,2090,Ali Dying Printing & Processing Mills,20-12-2003,4500,6833,,,info@mosharafgroup.com,,,,,,65.85365853658536,low
Ba: Bo:,2091,Madina Dying Printing & Processing Ind:,28-09-2020,5000,6833,,,info@mosharafgroup.com,,,,,,61.904761904761905,low
Ba: Bo:,2092,Elite Garments Ind: Ltd.,13-12-2022,2500,20,,,ramzulseraj@gmail.com,,,,,,93.87755102040816,confirmed
Ba: Bo:,2094,M B Dying Printing & Finishing Mills Ltd.,01-12-2005,7000,5915,,,navyhosiery@gmail.com,,,,,,84.61538461538461,confirmed
Ba: Bo:,2095,RFS Fashion Wear Ltd.,20-09-2022,5000,2537,,,,,,,,,90.47619047619048,confirmed
Ba: Bo:,2096,Sonargaon Dying & Printing Ind: Ltd.,26-12-2008,5000,1910,,,nrgroup@global-bd.net,,,,,,70.27027027027026,low
Ba: Bo:,2100,Care Composit Textile Mills Ltd.,12-08-2006,4500,5703,,,info@silverlinebd.com,,,,,,80.59701492537313,confirmed
Ba: Bo:,2101,Fashion Knit Garments Ltd.,30-11--0001,2500,2670,,,pride@pride-grp.com,,,,,,100.0,confirmed
Ba: Bo:,2102,M. P. Sweaters Ltd.,22-05-2015,2500,4246,,,mpsweaters@hotmail.com,,,,,,97.2972972972973,confirmed
Ba: Bo:,2083,Sardar Apparels Ltd.,06-07-2017,2500,1553,,,titash@pradeshta.net,,,,,,92.3076923076923,confirmed
Ba: Bo:,2104,Maxim Fashions Ltd.,24-12-2017,2500,3213,,,ferdous@ibm-team.net,,,,,,100.0,confirmed
Ba: Bo:,2105,Ibrahim Knitex,24-01-2023,6000,7155,,,arhamknittexbd@gmail.com,,,,,,66.66666666666667,low
Ba: Bo:,2107,Sanji Textile Mills Ltd.,10-07-2022,4500/-,3985,,,info@sattartextile.com,,,,,,85.71428571428572,confirmed
Ba: Bo:,2109,Saroj Garments Ltd.,26-04-2012,2500,3000,,,farida_hossain@goldenworldltd.com,,,,,,97.43589743589743,confirmed
Ba: Bo:,2111,Paradise Washing Plant Ltd.,20-01-2002,6500,7012,,,mizanmahid7@gmail.com,,,,,,69.56521739130434,low
Ba: Bo:,2115,Anupom Sweater Ltd.,23-02-2019,2500,4692,,,amersalim@knitasia.com,,,,,,86.48648648648648,confirmed
Ba: Bo:,2119,Chunji Knit Ltd.,11-02-2015,2500,2435,,,chunji@chunjibd.com,,,,,,90.9090909090909,confirmed
Ba: Bo:,2120,Al-Arafah Textile & Processing Ind:,30-11--0001,4500,,,,,,,,,,0,none
Ba: Bo:,2130,Sportsware Garments Ltd.,20-02-2008,2500,1061,,,sports-ctg@techno-bd.net,,,,,,95.83333333333334,confirmed
Ba: Bo:,2132,Haton of Sun Sine Knitware Ltd:,24-02-2005,2500,,,,,,,,,,0,none
Ba: Bo:,2144,Messures Vuiyan Dying & Finishing Mills,29-03-2021,3500,2016,,,cotton@cottongroupbd.com.bd,,,,,,64.0,low
Ba: Bo:,2146,Banalota Washing,08-07-2011,3500,7012,,,mizanmahid7@gmail.com,,,,,,62.857142857142854,low
Ba: Bo:,2148,Messures Mazeda Dying Printing & Processing,29-03-2006,4500,6833,,,info@mosharafgroup.com,,,,,,61.36363636363637,low
Ba: Bo:,2150,Aditware Fashion Ltd.,05-04-2012,2500,5880,,,,,,,,,85.0,confirmed
Ba: Bo:,2152,Darin Washing Plant Ltd.,23-06-2017,4500,7012,,,mizanmahid7@gmail.com,,,,,,79.06976744186046,low
Ba: Bo:,2153,Al-Falah Fashions Apparels Ltd.,24-03-2004,2500,6670,,,nahid@nazltd.com,,,,,,76.19047619047619,low
Ba: Bo:,2154,MANS FASHION LTD.,09-03-2011,2500,6417,,,mostofa@mnrgroupbd.com,,,,,,68.75,low
Ba: Bo:,2155,Apparels Promoters Ltd.,12-09-2022,4500/-,3110,,,mujib@smartjeansctg.com,,,,,,97.77777777777777,confirmed
Ba: Bo:,2156,Monoyara Textile Mills (P:) Ltd.,14-03-2021,3500,708,,,monotex@bdmail.net,,,,,,88.13559322033898,confirmed
Ba: Bo:,2157,Goriong Fashions Ltd.,11-09-2022,3500,1239,,,nusrat@gooryongfashions.com,,,,,,93.02325581395348,confirmed
Ba: Bo:,2163,Meher Garments Ltd.,17-03-2007,2500,346,,,masalam@asianapparels.com,,,,,,100.0,confirmed
Ba: Bo:,2162,Maiko Knitware Ltd.,03-04-2003,2500,6071,,,,,,,,,83.33333333333334,confirmed
Ba: Bo:,2164,Meher Garments Ltd.,19-03-2016,2500,346,,,masalam@asianapparels.com,,,,,,100.0,confirmed
Ba: Bo:,2166,Ahsan Garments Ltd.,26-04-2012,2500,521,,,shahid@ehsan-moonlight.com,,,,,,94.73684210526316,confirmed
Ba: Bo:,2167,Amity Fashion Ware Ltd.,26-04-2003,5500,7170,,,anis@styllabd.com,,,,,,84.44444444444444,confirmed
Ba: Bo:,2168,Misha Sweater Ind: Ltd.,27-03-2005,2500,6066,,,sweater@sikdertradegroup.com,,,,,,79.06976744186046,low
Ba: Bo:,2169,Adiba Apparels Ltd.,30-11--0001,2500,6460,,,adiyatapparelsltd@gmail.com,,,,,,92.3076923076923,confirmed
Ba: Bo:,2170,Eastern Dresses Ltd.,03-03-2010,2500,2001,,,stislam@gmail.com,,,,,,100.0,confirmed
Ba: Bo:,2171,Classic Fashion Concept Ltd.,28-02-2013,2500,3324,,,azim@classicbd.com,,,,,,100.0,confirmed
Ba: Bo:,2174,Body Fashion (P:) Ltd.,19-04-2022,2500,3272,,,,,,,,,93.33333333333333,confirmed
Ba: Bo:,2176,Unity Composite Mills (Pvt) Ltd.,14-11-2021,6500,3813,,,nashir@onecomposite.com,,,,,,78.57142857142857,low
Ba: Bo:,2179,The Fashion Island Ltd.,27-04-2006,2500,2534,,,nazrul@rivieragroup-bd.com,,,,,,100.0,confirmed
Ba: Bo:,2180,Laxoma Sweaters Ltd.,15-04-2022,2500,3265,,,"info@lakhsna,net",,,,,,87.8048780487805,confirmed
Ba: Bo:,2181,Laxoma Sweaters Ltd.,15-06-2022,2500,3265,,,"info@lakhsna,net",,,,,,87.8048780487805,confirmed
Ba: Bo:,2185,Body Fashion (P:) Ltd.,20-04-2012,3500,3272,,,,,,,,,93.33333333333333,confirmed
Ba: Bo:,2184,Knittex Industries Ltd.,27-05-2021,6500,1908,,,asad@fuljhury.com,,,,,,100.0,confirmed
Ba: Bo:,2188,Intimate Textile Ltd.,10-05-2012,,3922,,,hoque@anlima.com,,,,,,85.0,confirmed
Ba: Bo:,2187,Crown Sweater Ltd.,05-05-2016,2500,6028,,,sunny@abanti.net,,,,,,85.0,confirmed
Ba: Bo:,2189,Artistic Apparels Ltd.,13-09-2016,2500,3447,,,mujib@artisticapparelsltd.com,,,,,,100.0,confirmed
Ba: Bo:,2191,FINE SWEATERS LTD.,03-04-2018,2500,6450,,,rayarahman@mrssweaterltd.com,,,,,,62.06896551724138,low
Ba: Bo:,2193,Pakiza Apparels Ltd.,07-03-2019,2500,6681,,,mijan.r@fpg.com.bd,,,,,,90.0,confirmed
Ba: Bo:,2194,Rupa Washing,05-05-2006,4500,6117,,,badal@tusuka.com,,,,,,64.51612903225806,low
Ba: Bo:,2198,MOMAJUDDIN TEXTILE LTD.,07-05-2010,2500,,,,,,,,,,0,none
Ba: Bo:,2197,Tamanna Knitwares,19-05-2004,2500,4482,,,yasartanim@gmail.com,,,,,,68.42105263157895,low
Ba: Bo:,2199,Adnan Sweaters Ltd.,30-11--0001,2500,6051,,,ananna.sweaters@yahoo.com,,,,,,92.3076923076923,confirmed
Ba: Bo:,2200,Bhuiya Textile and Calendering Mills Ltd.,20-07-2022,2500/-,4596,,,asif@urmigroup.net,,,,,,68.57142857142857,low
Ba: Bo:,2204,Birds R N R Fashions Ltd.,19-11-2017,2500,4028,,,mustafa@birds-group.com,,,,,,91.66666666666666,confirmed
Ba: Bo:,2205,Knit Plus Ltd.,19-10-2019,6000,5146,,,ishtiaque@knitplusltd.com,,,,,,83.87096774193549,confirmed
Ba: Bo:,2206,Jaman Specialised Textile Mills,28-12-2006,4500,6543,,,mujib@smartjeansctg.com,,,,,,73.52941176470588,low
Ba: Bo:,2210,Rahman Knit Garments Ltd.,28-04-2018,2500,2613,,,rkgl@dandylink.com,,,,,,84.7457627118644,confirmed
Ba: Bo:,2215,Simko Dresses Ltd.,11-06-2012,2500,2972,,,simco@simcocorp.com,,,,,,94.44444444444444,confirmed
Ba: Bo:,2221,Keya Knit Compost Ltd.,05-09-2017,6000,4288,,,kgroup@keya-bd.com,,,,,,95.65217391304348,confirmed
Ba: Bo:,2223,Sams Kniting & Sweaters Ind. Ltd.,19-11-2022,2500/-,2615,,,sks6@globalctg.net,,,,,,94.11764705882352,confirmed
Ba: Bo:,2224,"Alauddin Textile Mills (A,T,M) Pvt. Ltd.",17-01-2023,6000,4596,,,asif@urmigroup.net,,,,,,72.46376811594203,low
Ba: Bo:,2225,Top Star Dresses Ltd.,14-06-2006,2500,7005,,,altamash1961@gmail.com,,,,,,89.47368421052632,confirmed
Ba: Bo:,2228,Well Done Apparels Ltd.,28-11-2017,2500,5755,,,mz_the@yahoo.com,,,,,,81.81818181818181,confirmed
Ba: Bo:,2232,Messures Habib Textile Mills,19-06-2022,4500,6690,,,fairtextilemills@yahoo.com,,,,,,66.66666666666667,low
Ba: Bo:,2234,Uni Rang Jong Dying & Printing Ltd.,08-06-2009,6500,1910,,,nrgroup@global-bd.net,,,,,,68.49315068493152,low
Ba: Bo:,2235,Sajma Dying & Printing Industries,30-11--0001,4500,1910,,,nrgroup@global-bd.net,,,,,,64.7887323943662,low
Ba: Bo:,2236,Shefard Textile (BD) Ltd.,17-03-2022,6500,5979,,,shahid@soorty.com,,,,,,80.0,confirmed
Ba: Bo:,2237,Metro Kniting & Dying Mills Ltd.,02-03-2022,6000,3676,,,info@metrokd.com,,,,,,96.96969696969697,confirmed
Ba: Bo:,2239,Sinha Kniting Ltd.,27-04-2021,7000,3250,,,opex@bdmail.net,,,,,,97.2972972972973,confirmed
Ba: Bo:,2240,New Maynamoti Dying & Printing Ind:,18-07-2017,2500,1910,,,nrgroup@global-bd.net,,,,,,60.273972602739725,low
Ba: Bo:,2242,Jahangir Textile & Sizing Mills,12-02-2017,4500,4143,,,gopesh@apexholdings.com,,,,,,63.49206349206349,low
Ba: Bo:,2245,Karnofully Knitware Ltd.,17-02-2017,2500,5724,,,khasandkl@gmail.com,,,,,,74.4186046511628,low
Ba: Bo:,2244,Pan Tex Sweaters Ltd.,19-07-2010,3500,3475,,,pantex@bttb.net.bd,,,,,,82.92682926829268,confirmed
Ba: Bo:,2248,Arif Fashion,03-05-2015,3500,3837,,,tariq@ahmedfashions.com,,,,,,80.0,confirmed
Ba: Bo:,2249,Kolombia Garments Ltd.,22-07-2016,2500,327,,,hrd@azimwovenctg.com,,,,,,85.71428571428572,confirmed
Ba: Bo:,2250,Kolombia Garments Ltd.,22-07-2016,2500,327,,,hrd@azimwovenctg.com,,,,,,85.71428571428572,confirmed
Ba: Bo:,2252,Arkit Sweater Ltd.,21-09-2022,2500/-,3903,,,afwl@dhaka.net,,,,,,86.48648648648648,confirmed
Ba: Bo:,2251,B H I L Apparels Ltd.,15-07-2010,2500,6498,,,faruk@borderless-japan.com,,,,,,84.21052631578947,confirmed
Ba: Bo:,2253,Arkid Sweater Ltd.,21-09-2022,2500/-,3448,,,mannan@rizonasweaterbd.com,,,,,,84.21052631578947,confirmed
Ba: Bo:,2256,Intimate Textile Ltd.,03-09-2011,2500,3922,,,hoque@anlima.com,,,,,,85.0,confirmed
Ba: Bo:,2258,Washis Fashion Ltd.,27-07-2020,2500,3438,,,kamal@oasisbd.net,,,,,,91.89189189189189,confirmed
Ba: Bo:,2260,Sonargaon Fency Printing & Dying Ltd.,24-06-2022,4500,5915,,,navyhosiery@gmail.com,,,,,,64.86486486486487,low
Ba: Bo:,2259,Montex Fabrics Ltd.,25-07-2010,6000,3407,,,commercial@mondol.net,,,,,,100.0,confirmed
Ba: Bo:,2262,Somahar Sweaters Ltd.,30-04-2017,2500,4342,,,azimmf@azimgroup.com,,,,,,90.0,confirmed
Ba: Bo:,2261,Mahbub Dying Printing & Finishing Mill,24-07-2002,6000,5915,,,navyhosiery@gmail.com,,,,,,77.33333333333333,low
Ba: Bo:,2265,Twis Textile Washing & Alide Ind: Ltd.,13-03-2010,2500,5152,,,info_spirax@yahoo.com,,,,,,75.0,low
Ba: Bo:,2266,Nor West Sweaters Ltd.,30-11--0001,2500,5760,,,maishanur786@yahoo.com,,,,,,78.04878048780488,low
Ba: Bo:,2272,Sovon Silk & Kniting Mills,24-07-2022,7000,2313,,,shovon@shovongroup-bd.com,,,,,,64.61538461538461,low
Ba: Bo:,2255,Kachpur Dying & Printing Works,24-07-2007,6000,,,,,,,,,,0,none
Ba: Bo:,2276,Iden Apparels Ltd.,30-11--0001,2500,1848,,,nassa@nassagroup.org,,,,,,94.44444444444444,confirmed
Ba: Bo:,2277,Abdullah Sweater,30-11--0001,2500,6419,,,alamgir@matrixsweaters.com,,,,,,64.86486486486487,low
Ba: Bo:,2278,International Knitware & Apparels Ltd.,10-06-2005,2500,3723,,,arana@beximtex.com,,,,,,82.35294117647058,confirmed
Ba: Bo:,2283,Bengal Fohin Knitex Ltd.,25-08-2004,5000,2648,,,bfklbd@gmail.com,,,,,,93.61702127659575,confirmed
Ba: Bo:,2286,Kolombia Washing Plant Ltd.,12-06-2020,5000,7012,,,mizanmahid7@gmail.com,,,,,,69.56521739130434,low
Ba: Bo:,2288,Reliable Fashion Ltd.,14-07-2011,2500,3156,,,syed.nurul@wellbd.com,,,,,,84.21052631578947,confirmed
Ba: Bo:,2290,Kosmos Sweaters Ltd.,17-09-2018,2500,3452,,,cosmos@cosmosdiganta.com,,,,,,95.0,confirmed
Ba: Bo:,2294,Paragon Sweaters Ltd.,07-08-2012,2500,4065,,,saiful.alam@renaissance.com.bd,,,,,,85.71428571428572,confirmed
Ba: Bo:,2296,Aboni Textiles Ltd.,14-08-2021,6500,1907,,,,,,,,,86.48648648648648,confirmed
Ba: Bo:,2299,Rose Sweaters Ltd.,14-09-2004,2500,3529,,,md@rosesweater.com,,,,,,97.14285714285714,confirmed
Ba: Bo:,2300,Anowara Fashions Ltd.,13-09-2022,2500/-,3380,,,yasinali@valiantbd.com,,,,,,100.0,confirmed
Ba: Bo:,2301,M/s Anowara Fashions Ltd.,09-09-2022,2500/-,3380,,,yasinali@valiantbd.com,,,,,,91.30434782608697,confirmed
Ba: Bo:,2302,Nur Garments Ltd.,09-09-2022,2500/-,381,,,valiant@abnetbd.com,,,,,,91.42857142857143,confirmed
Ba: Bo:,2303,Nur Garments Ltd.,13-09-2022,2500/-,381,,,valiant@abnetbd.com,,,,,,91.42857142857143,confirmed
Ba: Bo:,2307,Arizone Sweater Ltd.,10-09-2011,2500,3448,,,mannan@rizonasweaterbd.com,,,,,,95.0,confirmed
Ba: Bo:,2308,Voltex Sweaters Ltd.,19-09-2016,2500,5414,,,,,,,,,87.17948717948718,confirmed
Ba: Bo:,2312,NEW GENERATION FASHION LTD.,14-08-2012,2500,6519,,,selim.hronefashions@gmail.com,,,,,,68.08510638297872,low
Ba: Bo:,2313,M/S National Textile & Processing Ind:,12-03-2018,4500,,,,,,,,,,0,none
Ba: Bo:,2315,Unity Washing Plant,08-09-2015,2500,7012,,,mizanmahid7@gmail.com,,,,,,68.42105263157895,low
Ba: Bo:,2314,Five Star Dying & Printing,30-11--0001,5000,2797,,,alana@citechco.net,,,,,,61.81818181818181,low
Ba: Bo:,2317,Agen Knitware Ltd.,21-11-2012,2500,2096,,,info@nz-bd.com,,,,,,82.35294117647058,confirmed
Ba: Bo:,2318,M N C Apparels Ltd.,05-10-2009,2500,5791,,,t-ino@gavans.com,,,,,,85.71428571428572,confirmed
Ba: Bo:,2319,M N C Apparels Ltd.,29-10-2015,2500,5791,,,t-ino@gavans.com,,,,,,85.71428571428572,confirmed
Ba: Bo:,2322,"G, M, S, Composit Kniting Ind: Ltd.",03-09-2018,6500,3425,,,eti@gmsbd.com,,,,,,80.59701492537313,confirmed
Ba: Bo:,2321,Knit Heaven Al Hakim Centre,01-04-2015,2500,,,,,,,,,,0,none
Ba: Bo:,2324,Diamond Sweater Ltd.,09-09-2020,2500,4060,,,infosys@landmark-grpbd.com,,,,,,86.48648648648648,confirmed
Ba: Bo:,2325,Dorin Garments Ltd.,23-10-2017,2500,568,,,tahzeeb@doreen.com.bd,,,,,,92.3076923076923,confirmed
Ba: Bo:,2326,Dorin Garments Ltd.,23-10-2017,2500,568,,,tahzeeb@doreen.com.bd,,,,,,92.3076923076923,confirmed
Ba: Bo:,2327,M/S Rabab Washing Ind: Ltd.,02-01-2018,4500,6117,,,badal@tusuka.com,,,,,,60.86956521739131,low
Ba: Bo:,2328,Young A Textile Co. Ltd.,27-04-2022,6500,5090,,,rajiv.chowdhury@bsasia.net.bd,,,,,,80.0,confirmed
Ba: Bo:,2329,Khalek Kniting & Garments Ind: (Pvt.) Ltd.,11-10-2006,3500,5922,,,ikgpl@dhaka.net,,,,,,74.66666666666666,low
Ba: Bo:,2335,Abul Hosen Dying & Printing,15-01-2021,2500,3890,,,info@akhfashions.com,,,,,,60.37735849056604,low
Ba: Bo:,2336,Apex wiving & Finishing Mills Ltd.,27-06-2018,7000,2624,,,apexmail@apex-tg.net,,,,,,92.7536231884058,confirmed
Ba: Bo:,2340,Divine Textile Limited Unit-2,15-10-2022,6500,2507,,,zaman@divinetextile.com,,,,,,75.0,low
Ba: Bo:,2342,Moharani Printing Industries,12-04-2022,3500,6790,,,mohabbatgarments78@gmail.com,,,,,,67.6923076923077,low
Ba: Bo:,2344,Aishy Fashion Wares Ltd.,08-11-2006,2500,7170,,,anis@styllabd.com,,,,,,86.95652173913044,confirmed
Ba: Bo:,2346,Alif Garments Ltd.,20-08-2020,2500,95,,,kamal@kemsgroup.com,,,,,,97.14285714285714,confirmed
Ba: Bo:,2348,Bangladesh Dresses Ltd.,07-11-2006,6500,1355,,,babu@biswasgroup.com,,,,,,89.79591836734694,confirmed
Ba: Bo:,2349,Aporupa Garments Ind: Ltd.,03-11-2008,2500,586,,,index@ctg.bdndt,,,,,,75.55555555555556,low
Ba: Bo:,2343,Tulagaon Sweater,18-10-2017,2500,5505,,,tulaga.rahman68@gmail.com,,,,,,80.0,confirmed
Ba: Bo:,2351,Mithun Kniting & Dying (CEPZ) Ltd.,21-11-2016,6500,2726,,,thaque@bol-online.com,,,,,,97.14285714285714,confirmed
Ba: Bo:,2352,Rupali Dying & Finishing Ltd.,17-06-2015,5500,2016,,,cotton@cottongroupbd.com.bd,,,,,,73.84615384615385,low
Ba: Bo:,2354,Nahiyan Fashions Ltd.,20-11-2017,6000,3268,,,nahiyan00@gmail.com,,,,,,100.0,confirmed
Ba: Bo:,2355,Ruposh Dying & Printing Ind: Ltd.,20-11-2005,3500,1910,,,nrgroup@global-bd.net,,,,,,76.05633802816901,low
Ba: Bo:,2359,S S Textile Mill,05-12-2002,3500,5952,,,,,,,,,72.72727272727273,low
Ba: Bo:,2361,Achin Textile (P:) Ltd.,16-08-2022,3500/-,2447,,,,,,,,,76.59574468085107,low
Ba: Bo:,2363,Fashion Watch Ltd,10-05-2022,2500,3773,,,sakeef@asianapparels.com,,,,,,97.14285714285714,confirmed
Ba: Bo:,2362,Sun Knit Textiles Ltd.,07-12-2004,2500,4687,,,rising@rising-group.com,,,,,,85.1063829787234,confirmed
Ba: Bo:,2364,A K H Fashions Ltd.,29-03-2018,2500,3236,,,anwar@ajintl.com,,,,,,88.88888888888889,confirmed
Ba: Bo:,2366,Chamok Textile Dying & Printing Ind: Ltd.,27-06-2022,4500,1910,,,nrgroup@global-bd.net,,,,,,65.82278481012658,low
Ba: Bo:,2367,Sakura Textile & Finishing Ltd.,30-11--0001,3500,3984,,,samar@dekko.net.bd,,,,,,67.9245283018868,low
Ba: Bo:,2369,Banda Fashions Ltd.,10-12-2009,2500,3522,,,info@creativegroupbd.net,,,,,,94.73684210526316,confirmed
Ba: Bo:,2370,Mithun Kniting & Dying (CEPZ) Ltd.,21-11-2016,2500,2726,,,thaque@bol-online.com,,,,,,97.14285714285714,confirmed
Ba: Bo:,2377,M T Sweaters Ltd.,04-08-2020,3500,1694,,,mazidtalukdar@yahoo.com,,,,,,88.23529411764706,confirmed
Ba: Bo:,2378,Millennium Spinning & Knitting Factory Ltd.,29-04-2018,3500,4714,,,,,,,,,93.97590361445783,confirmed
Ba: Bo:,2379,Knitex & Printing Ltd.,07-12-2021,6000,6955,,,safiqul@spring-knitwearbd.com,,,,,,71.11111111111111,low
Ba: Bo:,2381,Jilani Fashion Ware Ltd.,30-11--0001,3500,1794,,,jilani@abnetbd.com,,,,,,93.87755102040816,confirmed
Ba: Bo:,2384,Sinha Knit And Denims Ltd.,18-06-2022,3500,6108,,,commercial@sinhafwl.com,,,,,,84.61538461538461,confirmed
Ba: Bo:,2385,Crown Fashion & Sweater Ind: Ltd.,15-01-2020,2500,3440,,,rezaul@crownfashionbd.net,,,,,,96.96969696969697,confirmed
Ba: Bo:,2387,C & A Fashion Ltd.,23-01-2004,2500,1373,,,info@c&agroupbd.com,,,,,,100.0,confirmed
Ba: Bo:,2388,Dragon Sweater Bangladesh Ltd.,30-11--0001,5500,792,,,info@dragon-sweater.net,,,,,,77.77777777777779,low
Ba: Bo:,2391,Squire Knit Fabrics Ltd.,14-12-2021,7000,5009,,,,,,,,,86.36363636363636,confirmed
Ba: Bo:,2394,Arit Kniters (P:) Ltd.,30-11--0001,2500,4453,,,toyobang@bangla.net,,,,,,74.4186046511628,low
Ba: Bo:,2393,Sad Musa Fabrics Ltd.,23-10-2022,7000/-,3454,,,info@saadmusa.com,,,,,,85.71428571428572,confirmed
Ba: Bo:,2392,M/S Squire Knit Fabrics Ltd.,28-05-2017,7000,5009,,,,,,,,,79.16666666666666,low
Ba: Bo:,2395,Arit Kniters (P:) Ltd.,30-11--0001,2500,4453,,,toyobang@bangla.net,,,,,,74.4186046511628,low
Ba: Bo:,2397,Design Tex Sweaters Ltd.,05-11-2013,2500,3516,,,rafiq@designtexbd.com,,,,,,85.1063829787234,confirmed
Ba: Bo:,2398,Convince Apparels Ltd.,05-09-2005,4500,3744,,,cal@convincebd.biz,,,,,,100.0,confirmed
Ba: Bo:,2401,Shatota Textile Processing & Printing Ind:,27-12-2011,3500,2504,,,giant@giantbd.com,,,,,,60.86956521739131,low
Ba: Bo:,2403,Sun Knitware Ltd.,30-11--0001,5000,5644,,,,,,,,,83.33333333333334,confirmed
Ba: Bo:,2404,Adnan Sweaters Ltd.,30-11--0001,2500,6051,,,ananna.sweaters@yahoo.com,,,,,,92.3076923076923,confirmed
Ba: Bo:,2405,Adnan Sweaters Ltd.,30-11--0001,2500,6051,,,ananna.sweaters@yahoo.com,,,,,,92.3076923076923,confirmed
Ba: Bo:,2406,S M Euro Fashion Ltd.,08-10-2008,2500,4038,,,smgroup@smknitwears.com,,,,,,92.6829268292683,confirmed
Ba: Bo:,2407,Mimtex Fashion (P:) Ltd.,11-08-2010,4500,3162,,,khairul@mimtex.com,,,,,,93.87755102040816,confirmed
Ba: Bo:,2409,Jamuna Apparels  Ltd.,10-01-2014,2500,1029,,,info@jamunaapparels.com,,,,,,100.0,confirmed
Ba: Bo:,2408,Jamuna Apparels  Ltd.,26-01-2011,2500,1029,,,info@jamunaapparels.com,,,,,,100.0,confirmed
Ba: Bo:,2410,Karnafully Knitware Ltd.,17-02-2017,2500,5724,,,khasandkl@gmail.com,,,,,,74.4186046511628,low
Ba: Bo:,2413,Hydroxide Knitwear Ltd.,12-04-2022,3500,3927,,,ariful.kabir@syntexknitwear.com,,,,,,100.0,confirmed
Ba: Bo:,2414,Sun Flower Textile Mills,03-02-2021,4500,2329,,,tamalh@bdmail.net,,,,,,69.38775510204081,low
Ba: Bo:,2419,Shilpi Textile Dyeing & Procssing Mills Ltd.,30-11--0001,5500,4143,,,gopesh@apexholdings.com,,,,,,68.42105263157895,low
Ba: Bo:,2422,Kash Mill Sweater  Ltd.,30-11--0001,2500,4855,,,polash@kaptexbd.com,,,,,,76.92307692307692,low
Ba: Bo:,2421,Kash Mill Sweater  Ltd.,30-11--0001,2500,4855,,,polash@kaptexbd.com,,,,,,76.92307692307692,low
Ba: Bo:,2423,Fashion Flash Ltd.,01-02-2009,3500,4568,,,hasan@fashionflashbd.com,,,,,,100.0,confirmed
Ba: Bo:,2425,Lease Washing Industries Ltd.,30-11--0001,3500,3608,,,info@givenseegroup.com,,,,,,75.47169811320755,low
Ba: Bo:,2424,Nam Washing Industries Ltd.,18-02-2004,3500,3608,,,info@givenseegroup.com,,,,,,78.43137254901961,low
Ba: Bo:,2427,Silvi Dying & Finishing,16-02-2003,5000,5915,,,navyhosiery@gmail.com,,,,,,70.0,low
Ba: Bo:,2426,Bandar Kniting (P:) Ltd.,10-02-2011,3500,3594,,,nasir@akhtergroup.com,,,,,,92.0,confirmed
Ba: Bo:,2429,G-3 Washing Plant Ltd.,28-02-2023,5000,7012,,,mizanmahid7@gmail.com,,,,,,73.17073170731707,low
Ba: Bo:,2430,Nayagra Textiles Ltd.,25-12-2018,6000,4570,,,,,,,,,90.47619047619048,confirmed
Ba: Bo:,2432,Thats It Knit Ltd.,06-04-2019,2500,3593,,,azad@hameemgroup.com,,,,,,97.2972972972973,confirmed
Ba: Bo:,2440,Aishy Fashion (P:) Ltd.,15-02-2016,2500,3104,,,easternbaybd@yahoo.com,,,,,,80.85106382978724,confirmed
Ba: Bo:,2442,Hamid Sweaters Ltd.,20-05-2012,2500,3722,,,info@hamidgroup.org,,,,,,97.2972972972973,confirmed
Ba: Bo:,2446,L Z Textiles Ltd.,26-12-2018,2500,6019,,,,,,,,,90.9090909090909,confirmed
Ba: Bo:,2451,Panash Knited Creations Ltd.,17-02-2020,2500,2237,,,mh_khan@panachebd.com,,,,,,93.10344827586206,confirmed
Ba: Bo:,2452,Maimun Textiles Ltd.,19-04-2022,7000,4547,,,moshiur@saturnbd.com,,,,,,85.0,confirmed
Ba: Bo:,2455,Meher Garments Ltd.,14-04-2011,2500,346,,,masalam@asianapparels.com,,,,,,100.0,confirmed
Ba: Bo:,2456,Apex Spenning & Kniting Mills Ltd.,18-04-2022,7000,1276,,,gopesh@apexholdings.com,,,,,,95.65217391304348,confirmed
Ba: Bo:,2458,Dynamic Sweater Ind: Ltd.,07-04-2017,2500,3640,,,akabir@bestwoolbd.net,,,,,,94.11764705882352,confirmed
Ba: Bo:,2459,Dynamic Sweater Ind: Ltd.,07-04-2017,2500,3640,,,akabir@bestwoolbd.net,,,,,,94.11764705882352,confirmed
Ba: Bo:,2461,Messures Hamza Textiles Ltd.,21-06-2022,6500,5147,,,mtlhasan@gmail.com,,,,,,70.58823529411764,low
Ba: Bo:,2462,B S A Garments Industries (P:) Ltd.,18-04-2017,2500,1200,,,,,,,,,80.0,confirmed
Ba: Bo:,2463,B S A Garments Industries (P:) Ltd.,10-04-2018,2500,1200,,,,,,,,,80.0,confirmed
Ba: Bo:,2464,B S A Garments Industries (P:) Ltd.,10-04-2018,2500,1200,,,,,,,,,80.0,confirmed
Ba: Bo:,2465,B S A Garments Industries (P:) Ltd.,09-04-2018,2500,1200,,,,,,,,,80.0,confirmed
Ba: Bo:,2466,Preity Dresses Ltd.,13-04-2011,2500,2680,,,banalata@banolbd.net,,,,,,92.3076923076923,confirmed
Ba: Bo:,2468,Charulata Apparels Ltd.,12-04-2012,2500,6812,,,arif@craftapparels.com,,,,,,85.71428571428572,confirmed
Ba: Bo:,2467,Preity Dresses Ltd.,12-04-2012,2500,2680,,,banalata@banolbd.net,,,,,,92.3076923076923,confirmed
Ba: Bo:,2469,Jharna Dying & Printing Ind:,30-11--0001,3500,1910,,,nrgroup@global-bd.net,,,,,,63.63636363636363,low
Ba: Bo:,2474,Velisent Garments Ltd.,06-05-2016,2500,364,,,yasinali@valiantbd.com,,,,,,88.37209302325581,confirmed
Ba: Bo:,2473,Velisent Garments Ltd.,06-04-2016,2500,364,,,yasinali@valiantbd.com,,,,,,88.37209302325581,confirmed
Ba: Bo:,2475,Velisent Garments Ltd.,06-05-2016,2500,364,,,yasinali@valiantbd.com,,,,,,88.37209302325581,confirmed
Ba: Bo:,2477,M H Dresses Ltd.,17-04-2003,2500,2799,,,faruk@shaningroup.net,,,,,,82.35294117647058,confirmed
Ba: Bo:,2476,Valiance Garments Ltd.,06-04-2016,2500,364,,,yasinali@valiantbd.com,,,,,,93.02325581395348,confirmed
Ba: Bo:,2480,Riya Sweaters (P:) Ltd.,08-04-2004,2500,958,,,rupa@citechco.net,,,,,,80.85106382978724,confirmed
Ba: Bo:,2483,Zoom Sweaters Ltd.,23-01-2023,3500,3536,,,mazidtalukdar@yahoo.com,,,,,,100.0,confirmed
Ba: Bo:,2485,James Knitware (P:) Ltd.,19-03-2021,2500,3409,,,jamsltd@bol-online.com,,,,,,87.5,confirmed
Ba: Bo:,2487,Kung King Textile (Bangladesh) Ltd.,06-04-2005,7000,6007,,,,,,,,,76.19047619047619,low
Ba: Bo:,2486,Omega Apparels Ltd.,16-04-2007,2500,3523,,,ali@wegafashion.com,,,,,,91.89189189189189,confirmed
Ba: Bo:,2490,Appollo Swing & Garments Ltd.,16-04-2022,2500/-,880,,,anjan@rsiapparel.com,,,,,,96.55172413793103,confirmed
Ba: Bo:,2491,R S I Apparels Ltd.,10-04-2009,2500,6188,,,bishaw@yesterbd.com,,,,,,88.88888888888889,confirmed
Ba: Bo:,2493,Shahjalal Sweater & Polipack Ltd.,27-04-2003,2500,6121,,,sweaterparkroyal@gmail.com,,,,,,67.85714285714286,low
Ba: Bo:,2495,Hadson Sweater Ind: Ltd.,30-05-2011,3500,4101,,,sales@danasweater.com,,,,,,80.85106382978724,confirmed
Ba: Bo:,2494,Multi Modern Apparels Ltd.,10-12-2020,2500,3577,,,mfi@bdonline.com,,,,,,100.0,confirmed
Ba: Bo:,2496,France Garments (P:) Ltd.,02-06-2006,2500,379,,,nasir2054@gmail.com,,,,,,86.27450980392157,confirmed
Ba: Bo:,2498,Daiyan Knitware Ltd.,05-06-2007,2500,2616,,,,,,,,,82.92682926829268,confirmed
Ba: Bo:,2501,Shed Fashions Ltd.,19-05-2012,2500,5805,,,shahidul.sfl@sldhaka.com,,,,,,91.42857142857143,confirmed
Ba: Bo:,2502,Shed Fashions International Ltd.,21-05-2012,2500,2805,,,absar@topstarfashionbd.com,,,,,,80.0,confirmed
Ba: Bo:,2503,Sadat Sweaters Ltd.,09-06-2010,2500,4086,,,ahrar@saadatiasweaters.com,,,,,,92.6829268292683,confirmed
Ba: Bo:,2504,Nasir Dying & Printing Finishing Ind: (P:) Ltd.,02-05-2011,4500,5915,,,navyhosiery@gmail.com,,,,,,76.19047619047619,low
Ba: Bo:,2506,SOYAN SWEATER LTD.,08-05-2015,2500,6450,,,rayarahman@mrssweaterltd.com,,,,,,62.06896551724138,low
Ba: Bo:,2508,Madhobdi Dying & Finishing Mills Ltd.,16-05-2007,5500,2016,,,cotton@cottongroupbd.com.bd,,,,,,76.71232876712328,low
Ba: Bo:,2509,Indora Sweater Ltd.,27-04-2012,2500,3568,,,endoraltd@gmail.com,,,,,,94.73684210526316,confirmed
Ba: Bo:,2512,Fashrob Garments Ltd.,18-04-2012,2500,547,,,impress@bangla.net,,,,,,97.67441860465115,confirmed
Ba: Bo:,2517,Alim Knitwares Ltd.,25-03-2020,2500,3204,,,alimknit@yahoo.com,,,,,,94.73684210526316,confirmed
Ba: Bo:,2516,LOAD STAR FASHION LTD.,09-02-2012,2500,6519,,,selim.hronefashions@gmail.com,,,,,,66.66666666666667,low
Ba: Bo:,2518,Tejgaon Textile Mills,22-05-2007,2500,3603,,,rafique@tejgaontextile.com,,,,,,89.36170212765957,confirmed
Ba: Bo:,2519,Monapi Sweater,21-05-2003,2500,6652,,,magicsweater@gmail.com,,,,,,68.75,low
Ba: Bo:,2521,Hazi Dying & Printing,24-03-2019,4500,4606,,,mahbub@tunghaigroup.com,,,,,,65.38461538461539,low
Ba: Bo:,2523,Chumki Apparels Ltd.,14-02-2008,2500,2843,,,chumki@globalctg.net,,,,,,100.0,confirmed
Ba: Bo:,2524,Kimbarly Fashions Ltd.,14-06-2018,2500,2897,,,babu@turagbd.net,,,,,,95.45454545454545,confirmed
Ba: Bo:,2526,Radiant Sweater Ind: Ltd.,15-10-2021,2500,3098,,,nazemul@sayem-group.com,,,,,,85.71428571428572,confirmed
Ba: Bo:,2527,Bafti Apparels Ltd.,24-05-2006,2500,1130,,,,,,,,,91.89189189189189,confirmed
Ba: Bo:,2528,Shahriar Fabrics Ind: Ltd.,24-05-2004,6000,2360,,,fashionpark@greenaro.com,,,,,,80.0,confirmed
Ba: Bo:,2530,E O S Textile Mills Ltd.,24-05-2004,3500,3763,,,garment@kdsgroup.net,,,,,,82.6086956521739,confirmed
Ba: Bo:,2529,M T Sweaters Ltd.,27-07-2004,2500,1694,,,mazidtalukdar@yahoo.com,,,,,,88.23529411764706,confirmed
Ba: Bo:,2531,Mex Fabrics Ltd.,29-06-2018,3500,3407,,,commercial@mondol.net,,,,,,91.42857142857143,confirmed
Ba: Bo:,2532,Parag Textile Mills (P:) Ltd.,11-05-2022,5000,708,,,monotex@bdmail.net,,,,,,78.57142857142857,low
Ba: Bo:,2533,Harich Textile & Sizing Ltd.,11-03-2022,4500,3835,,,info@sunman.net,,,,,,74.57627118644068,low
Ba: Bo:,2534,New World Apparels Ltd.,17-08-2012,2500,1080,,,altaf@nassagroup.org,,,,,,100.0,confirmed
Ba: Bo:,2538,Nasha Taipe Textile Mills,16-06-2022,7000,6543,,,mujib@smartjeansctg.com,,,,,,64.51612903225806,low
Ba: Bo:,2540,Mitaly Textile Mills,14-06-2004,3500,2329,,,tamalh@bdmail.net,,,,,,71.11111111111111,low
Ba: Bo:,2550,V- Sine Apparels Ltd.,11-10-2014,2500,3143,,,shinest@dhaka.net,,,,,,85.71428571428572,confirmed
Ba: Bo:,2553,S M Kniting Ind: Ltd.,11-01-2023,6500,2307,,,factory@tajknitting.com,,,,,,77.27272727272727,low
Ba: Bo:,2554,South East Fabrics Ltd.,04-06-2006,4500,2525,,,sinhafwl1@yahoo.com,,,,,,73.17073170731707,low
Ba: Bo:,2555,Y B Garments Ltd.,14-06-2012,2500,6686,,,mahabuburrahman6655@gmail.com,,,,,,90.9090909090909,confirmed
Ba: Bo:,2557,Rima Dying & Finishing Mills,15-06-2011,5000,2016,,,cotton@cottongroupbd.com.bd,,,,,,71.875,low
Ba: Bo:,2558,Kalyndi Textile,16-06-2005,5000,5936,,,,,,,,,71.42857142857143,low
Ba: Bo:,2559,Apparels Village Ltd.,13-06-2016,6500,3583,,,m-rahman@faiyaz-group.com,,,,,,100.0,confirmed
Ba: Bo:,2563,Jenith Sweater Ind: Ltd.,01-07-2003,2500,6153,,,,,,,,,77.55102040816327,low
Ba: Bo:,2564,S K S Sweaters Ltd.,05-07-2004,3500,4660,,,ms.sweaterltd@gmail.com,,,,,,86.48648648648648,confirmed
Ba: Bo:,2565,Doyel Apparels Ltd.,19-06-2003,7000,5592,,,,,,,,,89.47368421052632,confirmed
Ba: Bo:,2567,Florence Fabrics Ltd.,06-07-2003,2500,2126,,,quamar@me.com,,,,,,100.0,confirmed
Ba: Bo:,2568,Shihan Specialized Washing Ind:,08-07-2003,3500,6543,,,mujib@smartjeansctg.com,,,,,,61.76470588235294,low
Ba: Bo:,2571,South East Sweaters Ltd.,11-03-2017,2500,3624,,,gmostafa@dbg.com.bd,,,,,,80.85106382978724,confirmed
Ba: Bo:,2572,Mim Sweaters Ltd.,15-08-2020,2500,3212,,,habibchowdhury@mimgroupbd.com,,,,,,100.0,confirmed
Ba: Bo:,2574,South East Sweaters Ltd.,12-07-2003,2500,3624,,,gmostafa@dbg.com.bd,,,,,,80.85106382978724,confirmed
Ba: Bo:,2573,The Civil Engineers Ltd. (Woven Unit).,29-10-2022,2500,4834,,,atiqur_r@standard-group.com,,,,,,88.88888888888889,confirmed
Ba: Bo:,2575,ASIF APPARELS LTD.,20-07-2017,2500,6334,,,munir@purbaapparels.com,,,,,,60.0,low
Ba: Bo:,2577,Pakija Dying & Printing Ind. (P.) Ltd.,09-01-2017,7000,1910,,,nrgroup@global-bd.net,,,,,,68.42105263157895,low
Ba: Bo:,2576,Gose Garments Ind: Ltd.,21-07-2004,2500,3637,,,hamidul.hoque01@gmail.com,,,,,,91.30434782608697,confirmed
Ba: Bo:,2578,Parash moni Textile Mills Ltd.,14-07-2003,4500,708,,,monotex@bdmail.net,,,,,,77.19298245614034,low
Ba: Bo:,2581,Red Point Jackets Ltd.,26-10-2020,3500,3094,,,,,,,,,79.06976744186046,low
Ba: Bo:,2583,New orient Dyeing,20-08-2022,3500,,,,,,,,,,0,none
Ba: Bo:,2584,Sun Kniting & Processing,20-12-2006,7000,1157,,,bbkpil@yahoo.com,,,,,,62.5,low
Ba: Bo:,2587,Iver Sine Sweater,28-08-2005,2500,3742,,,mortuja@riversidesweater.com,,,,,,73.17073170731707,low
Ba: Bo:,2588,Pantalun Jeans Ltd.,09-09-2019,2500,4710,,,mizanmurshed@pantaloonbd.com,,,,,,92.3076923076923,confirmed
Ba: Bo:,2591,Rupnagar Printing  Works,06-08-2006,4500,,,,,,,,,,0,none
Ba: Bo:,2593,Fortune Fashion Ltd.,19-01-2018,2500,1523,,,hnf@colbd.com,,,,,,100.0,confirmed
Ba: Bo:,2592,C N Knitwares Ltd.,17-06-2010,2500,2096,,,info@nz-bd.com,,,,,,82.35294117647058,confirmed
Ba: Bo:,2594,Continental Apparels Ltd.,25-08-2015,2500,146,,,continental_apparels@yahoo.com,,,,,,100.0,confirmed
Ba: Bo:,2595,N D C Sweaters Ltd.,20-08-2003,2500,2866,,,monojpaul@groupdanny.com,,,,,,83.33333333333334,confirmed
Ba: Bo:,2597,Modern Dying & Printing Scrin Ltd.,17-08-2006,5000,6833,,,info@mosharafgroup.com,,,,,,65.82278481012658,low
Ba: Bo:,2599,Jovian Sweater Ltd.,16-08-2012,2500,3618,,,azimul@futuredesignbd.com,,,,,,100.0,confirmed
Ba: Bo:,2598,Herodon Garments Ltd.,12-08-2011,2500,1092,,,harrods@colbd.com,,,,,,85.71428571428572,confirmed
Ba: Bo:,2601,Jamuna Knitting & Dyeing Ltd.,19-08-2022,6500,1429,,,jamunabd@bol-online.com,,,,,,100.0,confirmed
Ba: Bo:,2602,Meris Sweaters Ltd.,20-09-2004,2500,3700,,,mermaid@bol-online.com,,,,,,90.0,confirmed
Ba: Bo:,2604,A M Sweaters Ltd.,27-08-2004,,4732,,,basher@abgsweater.com,,,,,,88.23529411764706,confirmed
Ba: Bo:,2605,Al-Paka Sweater (P:) Ltd.,23-05-2005,2500,4529,,,aleaya_ltd2005@yahoo.com,,,,,,77.27272727272727,low
Ba: Bo:,2603,Keliko Sweater,26-08-2003,2500,6055,,,sheikhknittexsweaterlimited@gmail.com,,,,,,66.66666666666667,low
Ba: Bo:,2607,Atia Textile,05-09-2011,3500,5936,,,,,,,,,80.0,confirmed
Ba: Bo:,2608,Pacific Sweaters Limited,29-09-2012,2500,1423,,,pacific_fuji@btsnet.net,,,,,,88.88888888888889,confirmed
Ba: Bo:,2610,Ahsan Fashions Ltd.,28-08-2019,2500,3607,,,efl@dhaka.net,,,,,,94.73684210526316,confirmed
Ba: Bo:,2609,Sakib Sweaters Ltd.,06-09-2005,2500,5654,,,sanju3e@gmail.com,,,,,,86.48648648648648,confirmed
Ba: Bo:,2611,Uday Sweaters Ltd.,22-05-2017,2500,5685,,,,,,,,,86.48648648648648,confirmed
Ba: Bo:,2613,Azim Mannan Garments Ltd.,15-05-2018,2500,329,,,hrd@azimwovenctg.com,,,,,,92.5925925925926,confirmed
Ba: Bo:,2614,Mohammadi Fashion Sweaters Ltd.,25-09-2012,2500,3633,,,info@mohammadigroup.com,,,,,,100.0,confirmed
Ba: Bo:,2615,Mohammadi Fashion Sweaters Ltd.,25-09-2012,2500,3633,,,info@mohammadigroup.com,,,,,,100.0,confirmed
Ba: Bo:,2622,Hannan Fashions Ltd.,14-07-2022,2500,3663,,,shams@fancybd.com,,,,,,100.0,confirmed
Ba: Bo:,2621,Hannan Fashions Ltd.,14-07-2022,2500,3663,,,shams@fancybd.com,,,,,,100.0,confirmed
Ba: Bo:,2624,Simko Dresses Ltd.,30-11--0001,2500,2972,,,simco@simcocorp.com,,,,,,94.44444444444444,confirmed
Ba: Bo:,2623,Ashik Jeans Apparels Ltd.,23-09-2004,2500,3047,,,kalam@chaity.com,,,,,,92.3076923076923,confirmed
Ba: Bo:,2627,T-H Fashion,28-09-2003,2500,1622,,,,,,,,,83.33333333333334,confirmed
Ba: Bo:,2629,Beauty Garments (p:) Ltd.,16-11-2016,2500,15,,,beautygm@bijoy.net,,,,,,90.19607843137256,confirmed
Ba: Bo:,2628,Bichitra Garments Ltd.,23-08-2012,2500,2128,,,bchitra@dhaka.net,,,,,,100.0,confirmed
Ba: Bo:,2630,Tasnia Fabrics Ltd.,17-09-2013,2500,3547,,,arif@mascoknit.com,,,,,,97.43589743589743,confirmed
Ba: Bo:,2632,Cosmic Fabrics Ltd.,20-09-2011,5000,2524,,,ameenfa@gmail.com,,,,,,75.67567567567568,low
Ba: Bo:,2633,BKC Sweaters Ltd.,23-11-2022,2500,3631,,,zakir.bkc@bracnet.net,,,,,,96.96969696969697,confirmed
Ba: Bo:,2639,Asian Specialized Textile Mills Ltd.,17-09-2018,4500,6543,,,mujib@smartjeansctg.com,,,,,,82.1917808219178,confirmed
Ba: Bo:,2640,Asian Textile Mills Ltd.,19-09-2018,7000,2154,,,arefin@arefingroupbd.com,,,,,,89.79591836734694,confirmed
Ba: Bo:,2641,Sun Textile,04-10-2005,3500,5936,,,,,,,,,75.0,low
Ba: Bo:,2642,M N Dying & Printing Works,02-10-2008,3500,6833,,,info@mosharafgroup.com,,,,,,61.9718309859155,low
Ba: Bo:,2644,Cost to Cost Fashion Ltd.,19-09-2012,2500,2768,,,info@coast2coastbd.com,,,,,,92.3076923076923,confirmed
Ba: Bo:,2647,Sonargaon Dying & Printing Ind: Ltd.,29-09-2010,4500,1910,,,nrgroup@global-bd.net,,,,,,70.27027027027026,low
Ba: Bo:,2648,Recent Sweaters Ltd.,11-10-2007,4500,3750,,,sweater@rangs.com,,,,,,85.0,confirmed
Ba: Bo:,2649,Fair Apparels Ltd.,15-10-2008,2500,3061,,,quasem@global-bd.net,,,,,,100.0,confirmed
Ba: Bo:,2652,Litun Fabrics Ltd.,25-06-2021,3500,4458,,,,,,,,,100.0,confirmed
Ba: Bo:,2657,Nipunika Garments Ltd.,07-10-2016,2500,927,,,niponika@bdmail.net,,,,,,95.45454545454545,confirmed
Ba: Bo:,2656,Well Sweaters Ltd.,08-10-2013,2500,5980,,,azhar@targetgroupbd.com,,,,,,83.33333333333334,confirmed
Ba: Bo:,2659,M M Knitware Ltd.,16-10-2013,2500,3468,,,info@mmknitwear.com,,,,,,85.71428571428572,confirmed
Ba: Bo:,2660,Bilasi Textile Ind. (P.) Ltd.,22-10-2004,4500,2447,,,,,,,,,71.69811320754718,low
Ba: Bo:,2661,Choice Washing Ltd.,22-10-2003,3500,4220,,,fifltd@citechco.net,,,,,,77.77777777777779,low
Ba: Bo:,2664,Mita Dying & Printing Mills,21-09-2022,5000,5915,,,navyhosiery@gmail.com,,,,,,65.625,low
Ba: Bo:,2663,Jerina Composit Textile Ind: Ltd.,13-10-2003,4500,2375,,,krc.commercial@gmail.com,,,,,,76.47058823529412,low
Ba: Bo:,2668,Cliffton Apparels Ltd.,12-10-2022,6500/-,3088,,,,,,,,,97.67441860465115,confirmed
Ba: Bo:,2669,Special Textile,26-10-2003,3500,7081,,,ceo@eagletextile.asia,,,,,,68.96551724137932,low
Ba: Bo:,2670,Hosen Calendering & Finishing Mills Ltd.,04-03-2021,4500,4725,,,mahtab@falcongroupbd.com,,,,,,76.92307692307692,low
Ba: Bo:,2671,Hamid Fabrics Ltd.,17-10-2022,7000,4641,,,alam@irisgroupbd.com,,,,,,80.0,confirmed
Ba: Bo:,2672,Hamid Fabrics Ltd.,17-10-2022,7000,4641,,,alam@irisgroupbd.com,,,,,,80.0,confirmed
Ba: Bo:,2673,Alam Dying & Printing Mills,15-10-2017,3500,1276,,,gopesh@apexholdings.com,,,,,,61.29032258064516,low
Ba: Bo:,2677,Kanchpur printing & Finishing Mills Ptv Ltd,04-09-2022,5500,2624,,,apexmail@apex-tg.net,,,,,,66.66666666666667,low
Ba: Bo:,2679,Paradise Washing Plant Ltd.,20-10-2006,5000,7012,,,mizanmahid7@gmail.com,,,,,,69.56521739130434,low
Ba: Bo:,2681,Chowdhury Knitwares Ltd.,12-10-2022,6500,3368,,,shamim@ckl-bd.com,,,,,,95.83333333333334,confirmed
Ba: Bo:,2683,Impressive Garments (P:) Ltd.,16-12-2016,2500,1399,,,zahid@impressivegrp.com,,,,,,93.33333333333333,confirmed
Ba: Bo:,2684,Evergreen Sweaters Ltd.,25-06-2015,2500,2581,,,egreen.bd@gmail.com,,,,,,100.0,confirmed
Ba: Bo:,2685,Evergreen Sweaters Ltd.,12-10-2004,2500,2581,,,egreen.bd@gmail.com,,,,,,100.0,confirmed
Ba: Bo:,2686,T-Design Sweaters Ltd.,22-04-2022,2500,4865,,,halim@tdesignsweater.com,,,,,,100.0,confirmed
Ba: Bo:,2689,Marmeid Sweaters,07-10-2016,2500,3747,,,shajal@sweater-makers.com,,,,,,76.47058823529412,low
Ba: Bo:,2691,The-Overseas Apparels & Embrodery,29-10-2016,2500,1811,,,hafiz.bd@ctgfashion.com,,,,,,80.55555555555556,confirmed
Ba: Bo:,2690,Lucky Dying & Printing Mills Ltd.,16-11-2012,7000,6833,,,info@mosharafgroup.com,,,,,,69.23076923076923,low
Ba: Bo:,2692,M/S Eva Sweater Ltd.,18-11-2017,2500,3622,,,saddam-islam@smugsweater.com,,,,,,88.88888888888889,confirmed
Ba: Bo:,2696,Deco Apparels Ltd.,23-11-2015,2500,1135,,,info@dekkoisho.com,,,,,,91.89189189189189,confirmed
Ba: Bo:,2697,Deco Apparels Ltd.,23-11-2015,2500,1135,,,info@dekkoisho.com,,,,,,91.89189189189189,confirmed
Ba: Bo:,2695,Jalkuri Textile Dying Printing (P:) Ltd.,26-11-2005,5000,4467,,,hasan@lizfashion.com,,,,,,63.63636363636363,low
Ba: Bo:,2698,S K Sweaters Ltd.,05-12-2022,2500,3659,,,sfsweaters@gmail.com,,,,,,90.9090909090909,confirmed
Ba: Bo:,2699,S K Sweaters Ltd.,05-12-2022,2500,3659,,,sfsweaters@gmail.com,,,,,,90.9090909090909,confirmed
Ba: Bo:,2700,Sumon Fashion Garments Ltd.,14-12-2018,2500,307,,,azerasul@sumanfashion.com,,,,,,96.2962962962963,confirmed
Ba: Bo:,2703,Anjir Apparels Ltd.,13-12-2011,2500,3231,,,anzirterrytowels@gmail.com,,,,,,94.73684210526316,confirmed
Ba: Bo:,2701,Evince Textiles Ltd.,20-12-2022,6000,2507,,,zaman@divinetextile.com,,,,,,87.17948717948718,confirmed
Ba: Bo:,2708,Jita Apparels Ltd.,28-11-2012,2500,6096,,,ndaulah@durdgroup.org,,,,,,91.89189189189189,confirmed
Ba: Bo:,2709,Jita Apparels Ltd.,28-11-2012,2500,6096,,,ndaulah@durdgroup.org,,,,,,91.89189189189189,confirmed
Ba: Bo:,2711,Vartex Fashion Ltd.,16-12-2018,2500,1186,,,moghani@vertexgroup-bd.com,,,,,,94.73684210526316,confirmed
Ba: Bo:,2710,Kalyndi Textile,11-12-2012,5000,5936,,,,,,,,,71.42857142857143,low
Ba: Bo:,2712,Euta Kniting & Dying Ltd.,10-06-2021,6000,1429,,,jamunabd@bol-online.com,,,,,,85.18518518518519,confirmed
Ba: Bo:,2713,Utah Kniting & Dyeing Ltd.,09-06-2020,6000,3795,,,psrazzak@utahgroup.net,,,,,,88.13559322033898,confirmed
Ba: Bo:,2715,S S Dying & Printing Works,01-12-2005,2500,2797,,,alana@citechco.net,,,,,,61.81818181818181,low
Ba: Bo:,2714,Crown Fashion & Sweater Ind: Ltd.,15-01-2020,2500,3440,,,rezaul@crownfashionbd.net,,,,,,96.96969696969697,confirmed
Ba: Bo:,2717,Confidence Textile Mills (P:) Ltd.,16-01-2022,3500,2154,,,arefin@arefingroupbd.com,,,,,,74.57627118644068,low
Ba: Bo:,2720,Mahin Sweaters Ltd.,08-01-2004,2500,4532,,,syed@mahdeengroup.com,,,,,,90.0,confirmed
Ba: Bo:,2722,N R Kniting Mills,04-02-2012,2500,1904,,,nrgroup@global-bd.net,,,,,,78.04878048780488,low
Ba: Bo:,2725,Essential Garments Ltd.,16-01-2004,2500,2732,,,kg.morshed@eurozonebd.com,,,,,,86.36363636363636,confirmed
Ba: Bo:,2724,Momin Textile,15-02-2022,4500,5936,,,,,,,,,76.92307692307692,low
Ba: Bo:,2726,Essential Garments Ltd.,15-01-2004,2500,2732,,,kg.morshed@eurozonebd.com,,,,,,86.36363636363636,confirmed
Ba: Bo:,2723,M M Red Apparels,12-01-2004,5000,6938,,,gazi.mrapparels@gmail.com,,,,,,81.4814814814815,confirmed
Ba: Bo:,2727,Parash moni Sweaters Ltd.,18-01-2009,2500,4990,,,,,,,,,78.26086956521739,low
Ba: Bo:,2728,Parash moni Sweaters Ltd.,17-01-2010,2500,4990,,,,,,,,,78.26086956521739,low
Ba: Bo:,2729,Fairlan Garments,04-01-2013,2500,5195,,,easterngarments71@gmail.com,,,,,,75.0,low
Ba: Bo:,2732,Liberty Knitware Ltd.,14-01-2006,2500,3292,,,sharif.hasan0721@mfgbd.net,,,,,,95.23809523809523,confirmed
Ba: Bo:,2735,Target Denim & Casual Wear Ltd.,16-12-2019,2500,6151,,,info@ targetgroup-bd.com,,,,,,100.0,confirmed
Ba: Bo:,2736,Unique Washing Ind:,17-01-2004,2500,,,,,,,,,,0,none
Ba: Bo:,2734,Ams International Sweaters Ltd.,06-02-2018,2500,2918,,,peerage@dhaka.net,,,,,,79.3103448275862,low
Ba: Bo:,2737,Venus Apparels Ltd.,04-01-2016,2500,1403,,,info@onusgroup.com,,,,,,91.89189189189189,confirmed
Ba: Bo:,2739,Lease Washing Industries Ltd.,20-12-2022,4500/-,3608,,,info@givenseegroup.com,,,,,,75.47169811320755,low
Ba: Bo:,2742,Marlin Knitware Ltd.,15-01-2012,3500,3668,,,nasim@merlinknitwear.com,,,,,,90.0,confirmed
Ba: Bo:,2743,J L Fashions Ltd.,06-01-2012,3500,3664,,,kabir@jlfashionltd.com,,,,,,91.42857142857143,confirmed
Ba: Bo:,2746,Gold Star Apparels (P:) Ltd.,29-08-2018,6500,987,,,goldmart@globalctg.net,,,,,,94.73684210526316,confirmed
Ba: Bo:,2748,Natural Apparels Ltd.,30-01-2017,2500,3216,,,shibly@naturalgroup.org,,,,,,100.0,confirmed
Ba: Bo:,2752,Mohora Asian Apparels Ltd.,14-03-2023,3500/-,1072,,,masalam@asianapparels.com,,,,,,96.15384615384616,confirmed
Ba: Bo:,2754,Badsha Textiles Ltd.,07-12-2022,3500,5717,,,,,,,,,87.8048780487805,confirmed
Ba: Bo:,2757,Diganity Textile Mills Ltd.,06-02-2023,6000,3675,,,k2ahsan@yahoo.com,,,,,,98.11320754716981,confirmed
Ba: Bo:,2758,THE FASHION ISLAND LTD.,17-02-2022,2500,6519,,,selim.hronefashions@gmail.com,,,,,,65.11627906976744,low
Ba: Bo:,2761,"B, Brothers Garments Co. Ltd.",26-02-2022,4500,1737,,,,,,,,,96.55172413793103,confirmed
Ba: Bo:,2760,Risalat Knit & Sweeter Ltd.,23-02-2008,3500,6423,,,moshiur@jm-exportltd.com,,,,,,71.11111111111111,low
Ba: Bo:,2759,Risalat Knit & Sweeter Ltd.,23-02-2008,3500,6423,,,moshiur@jm-exportltd.com,,,,,,71.11111111111111,low
Ba: Bo:,2764,Naser Garments Ltd.,12-02-2009,6500,423,,,master@dhaka.net,,,,,,92.3076923076923,confirmed
Ba: Bo:,2762,C & A Textiles Ltd.,27-12-2017,5500,6080,,,info@cnagroupbd.com,,,,,,100.0,confirmed
Ba: Bo:,2767,Famous Printing & Packeging Ltd.,09-10-2022,4500,,,,,,,,,,0,none
Ba: Bo:,2768,Famous printing and packaging ltd,09-10-2022,4500,,,,,,,,,,0,none
Ba: Bo:,2771,Bengal Dying & Printing Works,23-03-2012,6500,,,,,,,,,,0,none
Ba: Bo:,2772,CITADEL APPARELS LTD.,13-02-2022,2500,6334,,,munir@purbaapparels.com,,,,,,60.46511627906976,low
Ba: Bo:,2773,Rahman Knit Garments Ltd.,20-09-2011,2500,2613,,,rkgl@dandylink.com,,,,,,84.7457627118644,confirmed
Ba: Bo:,2774,Messures Sayem Fashions Ltd.,14-02-2022,2500,3684,,,radiant@agni.com,,,,,,80.85106382978724,confirmed
Ba: Bo:,2775,Impress Fashion Ltd.,14-02-2012,2500,1809,,,commercial@impress.bz,,,,,,100.0,confirmed
Ba: Bo:,2777,Sang Koyang Apparels Ltd.,29-11-2022,3500,5840,,,faruk@arunima-group.net,,,,,,80.95238095238095,confirmed
Ba: Bo:,2780,Moon Knitware & Composit Dying,05-03-2004,5500,6597,,,ababilpharma@gmail.com,,,,,,69.56521739130434,low
Ba: Bo:,2781,Global Kniters Ltd.,13-03-2017,2500,5207,,,romel@gkl-bd.com,,,,,,90.0,confirmed
Ba: Bo:,2783,Regal Garments Ltd.,29-03-2018,4500,867,,,murshedy@envoy-group.com,,,,,,100.0,confirmed
Ba: Bo:,2778,Sang Koyang Apparels Ltd.,04-11-2021,3500,5840,,,faruk@arunima-group.net,,,,,,80.95238095238095,confirmed
Ba: Bo:,2786,PURBANY YERN DYEING LTD.,24-03-2022,6000,6417,,,mostofa@mnrgroupbd.com,,,,,,61.53846153846154,low
Ba: Bo:,2787,Ha-Mim Apparels Ltd.,22-03-2005,2500,6336,,,info@maksonsgroup.com.bd,,,,,,87.8048780487805,confirmed
Ba: Bo:,2790,Z A Apparels Ltd.,03-05-2022,2500,6077,,,jalil@ab-group.co,,,,,,90.9090909090909,confirmed
Ba: Bo:,2793,Jonron Sweaters Ltd.,15-03-2018,2500,3859,,,jp@colbd.com,,,,,,83.33333333333334,confirmed
Ba: Bo:,2791,Asha Fashions Ltd.,14-03-2008,2500,4193,,,palmalexport@palmalgarments.com,,,,,,91.89189189189189,confirmed
Ba: Bo:,2792,Asha Fashions Ltd.,14-03-2008,2500,4193,,,palmalexport@palmalgarments.com,,,,,,91.89189189189189,confirmed
Ba: Bo:,2795,Urmy Garments Ltd.,10-03-2021,2500,571,,,asif@urmigroup.net,,,,,,94.44444444444444,confirmed
Ba: Bo:,2796,Titas Sweaters Ind: Ltd.,28-03-2022,2500,3691,,,alamgir50@titassweater.com,,,,,,91.66666666666666,confirmed
Ba: Bo:,2794,Jonron Sweaters Ltd.,24-03-2021,2500,3859,,,jp@colbd.com,,,,,,83.33333333333334,confirmed
Ba: Bo:,2797,Titas Sweaters Ind: Ltd.,03-12-2022,2500,3691,,,alamgir50@titassweater.com,,,,,,91.66666666666666,confirmed
Ba: Bo:,2799,Sadia Garments Ltd.,05-04-2019,2500,3703,,,ratul@centurygroup.info,,,,,,100.0,confirmed
Ba: Bo:,2798,Valentine Apparels & Sweater Ltd.,25-03-2005,2500,2979,,,fdl@farshegroup.com,,,,,,77.77777777777779,low
Ba: Bo:,2803,Thats It Sweater Ltd.,30-12-2018,3500,5812,,,arifa@hamimgroup.com,,,,,,97.67441860465115,confirmed
Ba: Bo:,2802,Creative Sweaters (P:) Ltd.,23-03-2004,2500,1689,,,cslazim@ziafcomm.net,,,,,,92.85714285714286,confirmed
Ba: Bo:,2804,Magpai Knitware Ltd.,22-02-2023,2500,6071,,,,,,,,,86.48648648648648,confirmed
Ba: Bo:,2808,Ornate Apparels Ltd.,22-06-2016,2500,2697,,,opex@bdmail.net,,,,,,100.0,confirmed
Ba: Bo:,2807,Cosmos Sweaters Ltd.,29-03-2018,3500,3452,,,cosmos@cosmosdiganta.com,,,,,,100.0,confirmed
Ba: Bo:,2811,INTERLINK APPARELS LTD.,28-04-2021,2500,,,,,,,,,,0,none
Ba: Bo:,2810,APCOTT APPARELS LTD.,04-04-2019,2500,,,,,,,,,,0,none
Ba: Bo:,2814,Polstar Sweaters Ltd.,01-04-2004,2500,5023,,,shajal@sweater-makers.com,,,,,,85.0,confirmed
Ba: Bo:,2813,Multi Modern Apparels Ltd.,27-11-2013,2500,3577,,,mfi@bdonline.com,,,,,,100.0,confirmed
Ba: Bo:,2812,S Rahman Fashion Ltd.,02-04-2004,2500,6042,,,miru@foysalsoftware.net,,,,,,87.17948717948718,confirmed
Ba: Bo:,2815,Messures Cost to Cost Fashion Ltd.,14-12-2012,2500,2768,,,info@coast2coastbd.com,,,,,,78.68852459016394,low
Ba: Bo:,2817,Mahim Sizing & Textile Mills,16-07-2022,3500,5184,,,info@farihagroup.com,,,,,,69.23076923076923,low
Ba: Bo:,2818,Sepal Garments Ltd,02-02-2023,3500,632,,,tipumunshi25@gmail.com,,,,,,97.2972972972973,confirmed
Ba: Bo:,2821,Mashihata Sweaters Ltd.,10-04-2012,2500,3753,,,info@masihata.com,,,,,,97.77777777777777,confirmed
Ba: Bo:,2827,M/s Fashion Watch Ltd.,04-10-2022,2500/-,3773,,,sakeef@asianapparels.com,,,,,,90.0,confirmed
Ba: Bo:,2829,New Age Textile Ltd.,06-06-2022,6500,6518,,,jamil@fourhgroup.com,,,,,,78.04878048780488,low
Ba: Bo:,2830,Atashi Fashions Ltd.,12-12-2022,2500,4122,,,atashifl@btcl.net.bd,,,,,,97.43589743589743,confirmed
Ba: Bo:,2833,Messues Dressman Garments Ltd.,11-04-2018,2500,3667,,,maashed@dressmen-bd.com,,,,,,80.76923076923077,confirmed
Ba: Bo:,2834,Mondal Apparels Ltd.,17-05-2017,2500,4936,,,commercial@mondol.net,,,,,,95.0,confirmed
Ba: Bo:,2835,Shenon Sweater Ltd.,24-09-2015,3500,3861,,,shanon@bdonline.com,,,,,,92.3076923076923,confirmed
Ba: Bo:,2837,Messures Joj Vuiyan Textile Mills,29-01-2018,4500,,,,,,,,,,0,none
Ba: Bo:,2841,Mohiuddin Textile Ltd,26-04-2022,6500,3424,,,muazuddin@worldnetbd.net,,,,,,83.72093023255813,confirmed
Ba: Bo:,2842,Beiz Textile Ltd.,13-04-2012,4500,2621,,,shibli@basetextile.com,,,,,,88.23529411764706,confirmed
Ba: Bo:,2844,B R B Knitware Ltd.,27-04-2004,2500,7156,,,zia@zrsknitwearltd.com,,,,,,77.77777777777779,low
Ba: Bo:,2846,Hamid Sweaters Ltd.,14-11-2021,2500,3722,,,info@hamidgroup.org,,,,,,97.2972972972973,confirmed
Ba: Bo:,2847,A R Knit Dying & Finishing Mills,27-04-2004,4500,4725,,,mahtab@falcongroupbd.com,,,,,,85.71428571428572,confirmed
Ba: Bo:,2849,M S Knit Dying & Finishing,28-04-2006,4500,4725,,,mahtab@falcongroupbd.com,,,,,,75.0,low
Ba: Bo:,2848,Fakir Apparels Ltd.,13-06-2011,6500,3340,,,rana@fakirapparels.com,,,,,,100.0,confirmed
Ba: Bo:,2850,Messures Work Knit Fabrics (P:) Ltd.,26-06-2022,7000,2460,,,tosyknit@gmail.com,,,,,,65.51724137931035,low
Ba: Bo:,2851,Sugondha Textile Printing & Processing (P:) Ltd.,13-04-2012,3500,6983,,,nazimuddin@abedingroup.com,,,,,,63.52941176470588,low
Ba: Bo:,2852,Nippon Sweaters Ltd.,07-05-2004,2500,3666,,,noamisl@aitlbd.net,,,,,,82.05128205128204,confirmed
Ba: Bo:,2855,Unique Sweater Ind: Ltd.,24-04-2017,2500,3691,,,alamgir50@titassweater.com,,,,,,75.0,low
Ba: Bo:,2856,Yang One Bangladesh Surma Garment Washing & Finishing Co. Ltd.,10-05-2022,5000,6645,,,bd_shipping@mawjaan.com.tw,,,,,,60.60606060606061,low
Ba: Bo:,2859,Karona Fashion Ltd.,29-05-2011,2500,6236,,,mesbahrk@karooni.com,,,,,,89.47368421052632,confirmed
Ba: Bo:,2865,Rafti Sweaters Ltd.,06-06-2007,2500,4507,,,alamgir@matrixsweatersbd.com,,,,,,87.17948717948718,confirmed
Ba: Bo:,2866,Tropical Knitex Ltd.,15-02-2023,6500,3362,,,commercial@mondol.net,,,,,,100.0,confirmed
Ba: Bo:,2868,Radwan Sweaters Ltd.,26-05-2004,2500,6593,,,apurba@zaraqsourcing.com,,,,,,89.47368421052632,confirmed
Ba: Bo:,2867,Rafti Sweaters Ltd.,06-06-2007,2500,4507,,,alamgir@matrixsweatersbd.com,,,,,,87.17948717948718,confirmed
Ba: Bo:,2872,M M Knitwear Ltd.,01-06-2019,2500,3468,,,info@mmknitwear.com,,,,,,91.42857142857143,confirmed
Ba: Bo:,2875,R K Fashion Ltd.,22-06-2022,6500,5392,,,akther@kafashionbd.com,,,,,,90.32258064516128,confirmed
Ba: Bo:,2876,Evitex Dress Shirt Ltd.,25-09-2022,2500,5705,,,evince@evincebd.com,,,,,,100.0,confirmed
Ba: Bo:,2877,Niki Dying Printing & Finishing Mills Ltd.,13-11-2020,6000,5915,,,navyhosiery@gmail.com,,,,,,83.54430379746836,confirmed
Ba: Bo:,2878,A New Apparels Ltd.,23-11-2012,3500,2168,,,info@newage-group.com,,,,,,87.17948717948718,confirmed
Ba: Bo:,2880,Mobarok Textile,22-06-2022,3500/-,5903,,,,,,,,,71.42857142857143,low
Ba: Bo:,2882,Chad Dying & Printing,02-03-2022,5000,,,,,,,,,,0,none
Ba: Bo:,2883,S A Rahman Sweater Farabi Ltd.,16-05-2012,2500,3652,,,sartlheadoffice@qubeemail.com.bd,,,,,,80.64516129032258,confirmed
Ba: Bo:,2885,K & K Tops Textile Co. Ltd.,03-06-2007,6500,6080,,,info@cnagroupbd.com,,,,,,73.91304347826086,low
Ba: Bo:,2887,Sonya Sweaters Ltd.,23-04-2022,3500,3704,,,info@soniagroup.com,,,,,,90.0,confirmed
Ba: Bo:,2886,Arnab Sweater Ltd.,28-06-2008,2500,3720,,,arnob@siriusbb.com,,,,,,91.89189189189189,confirmed
Ba: Bo:,2889,Latest Garments Ltd.,14-11-2016,2500,762,,,maqsudur@piakash.com,,,,,,100.0,confirmed
Ba: Bo:,2890,Fame Sweaters Ltd.,29-06-2014,3500,3747,,,shajal@sweater-makers.com,,,,,,100.0,confirmed
Ba: Bo:,2892,Spring Knitwares Ltd.,07-05-2012,2500,3725,,,a1tradebd@gmail.com,,,,,,95.23809523809523,confirmed
Ba: Bo:,2894,Unique Fabrics (P:) Ltd.,19-11-2017,4000,2655,,,ctg@asianapparels.com,,,,,,71.42857142857143,low
Ba: Bo:,2904,Hodies of Sun Shine Knitware Ltd.,08-06-2009,2500,5586,,,,,,,,,61.81818181818181,low
Ba: Bo:,2905,Update Apparels Ltd.,29-05-2016,2500,3736,,,info@updategroupbd.com,,,,,,100.0,confirmed
Ba: Bo:,2906,Martin Knitware Ltd.,16-06-2006,4500,3636,,,martin@dhaka.net,,,,,,87.8048780487805,confirmed
Ba: Bo:,2910,Roujap Sweaters Ltd.,13-06-2008,2500,6593,,,apurba@zaraqsourcing.com,,,,,,84.21052631578947,confirmed
Ba: Bo:,2908,INTERLINK APPARELS LTD.,28-04-2021,3500,,,,,,,,,,0,none
Ba: Bo:,2913,Larson Fashion Ltd.,18-06-2017,2500,3194,,,leans@globalctg.net,,,,,,97.2972972972973,confirmed
Ba: Bo:,2911,G M Textile Mills,14-05-2022,4500,3763,,,garment@kdsgroup.net,,,,,,76.92307692307692,low
Ba: Bo:,2912,Special Textile Mills,27-06-2005,3500,6543,,,mujib@smartjeansctg.com,,,,,,72.41379310344827,low
Ba: Bo:,2916,Al-Arafah Textile & Processing Ind:,18-07-2021,4500,,,,,,,,,,0,none
Ba: Bo:,2917,Epilion Knitex Ltd.,24-07-2021,3500,3797,,,esl@epylliongroup.com,,,,,,80.95238095238095,confirmed
Ba: Bo:,2919,Madina Textile,05-06-2012,4500,5936,,,,,,,,,81.4814814814815,confirmed
Ba: Bo:,2920,Oxford Shirts Ltd.,16-12-2022,2500,6184,,,piash@prettygroupbd.com,,,,,,100.0,confirmed
Ba: Bo:,2925,M B M Garments Ltd.,14-06-2022,5000,1409,,,nassa@nassagroup.org,,,,,,88.88888888888889,confirmed
Ba: Bo:,2926,D & S Preity Fashions Ltd.,15-07-2021,3500,3729,,,piash@prettygroupbd.com,,,,,,96.15384615384616,confirmed
Ba: Bo:,2927,Commitments Knitware Ltd.,27-03-2012,2500,4828,,,jewel@mbintbd.com,,,,,,73.07692307692308,low
Ba: Bo:,2930,Paola Knitware Ltd.,22-07-2018,2500,6071,,,,,,,,,77.77777777777779,low
Ba: Bo:,2931,Jong Sin Textile Ind: Ltd.,25-05-2022,7000,6980,,,salauddin.jakir@gmail.com,,,,,,76.59574468085107,low
Ba: Bo:,2932,Trans World Sweaters Ltd.,04-07-2005,3500,4145,,,rkarim_tws@hotmail.com,,,,,,81.63265306122449,confirmed
Ba: Bo:,2933,Uni Vog Garments Co. Ltd.,05-07-2011,3500,424,,,ashvin@uglgroup.com,,,,,,90.19607843137256,confirmed
Ba: Bo:,2934,Lotus Fashion Ltd.,18-07-2006,3500,5986,,,leeufashionltd@gmail.com,,,,,,85.71428571428572,confirmed
Ba: Bo:,2935,Fahin Fabrics Ltd.,11-07-2010,5000,4019,,,asean@globalctg.net,,,,,,85.71428571428572,confirmed
Ba: Bo:,2938,Advance Sweater Ind: Ltd.,06-01-2022,2500,3781,,,moonmoon@advancesweater.com,,,,,,88.88888888888889,confirmed
Ba: Bo:,2939,Resco Sweater,04-07-2016,2500,3769,,,alam@rnscosweater.com,,,,,,75.0,low
Ba: Bo:,2941,Ring Sine Textiles Ltd.,09-08-2022,7000,2396,,,pinery@spctnet.com,,,,,,76.19047619047619,low
Ba: Bo:,2942,Montex Fabrics Ltd.,13-07-2022,6500,3407,,,commercial@mondol.net,,,,,,100.0,confirmed
Ba: Bo:,2944,New Town Knitware Co. Ltd.,20-05-2016,7000,4338,,,faisal@pentagonknit.com,,,,,,69.38775510204081,low
Ba: Bo:,2943,Sanji Textile,10-07-2022,4500/-,5936,,,,,,,,,76.92307692307692,low
Ba: Bo:,2945,Cold Asia Sweater Ltd.,22-02-2022,2500,3758,,,masudmukit@gmail.com,,,,,,100.0,confirmed
Ba: Bo:,2947,Jiant Garment Ind: (P:) Ltd.,25-08-2020,2500,334,,,,,,,,,73.07692307692308,low
Ba: Bo:,2946,Six Aich Garments Ltd.,11-08-2010,2500,95,,,kamal@kemsgroup.com,,,,,,82.05128205128204,confirmed
Ba: Bo:,2949,Blutex Knitware Ltd.,24-09-2017,6500,5896,,,,,,,,,82.92682926829268,confirmed
Ba: Bo:,2948,Star Sweaters Ltd.,02-08-2004,3500,4342,,,azimmf@azimgroup.com,,,,,,91.89189189189189,confirmed
Ba: Bo:,2953,Softex Sweater Ind: (P:) Ltd.,23-08-2021,3500,3777,,,rezwan@softexsweater.com,,,,,,90.0,confirmed
Ba: Bo:,2951,Millinium Sweater Ltd.,11-08-2005,2500,3068,,,info@dynastygroupbd.com,,,,,,93.33333333333333,confirmed
Ba: Bo:,2954,Softex Sweater Ind: (P:) Ltd.,23-08-2021,3500,3777,,,rezwan@softexsweater.com,,,,,,90.0,confirmed
Ba: Bo:,2955,Messures Rupom Textile,20-03-2019,3500,,,,,,,,,,0,none
Ba: Bo:,2956,Hosen Textile Mills,24-12-2008,6500,6130,,,,,,,,,80.0,confirmed
Ba: Bo:,2959,N R Kniting Mills Ltd.,04-07-2012,2500,1904,,,nrgroup@global-bd.net,,,,,,91.30434782608697,confirmed
Ba: Bo:,2960,Rahmat Knit Dying & Finishing Ltd.,09-08-2018,6500,4725,,,mahtab@falcongroupbd.com,,,,,,77.77777777777779,low
Ba: Bo:,2965,Islam Garments Ltd.,19-07-2017,7000,186,,,atiq@islam-garments.com,,,,,,100.0,confirmed
Ba: Bo:,2968,Messures Rubel Dying Screan Printing Works (P:) Ltd.,09-08-2012,6500,,,,,,,,,,0,none
Ba: Bo:,2967,Mitaly Textile Mills,19-08-2004,3500,2329,,,tamalh@bdmail.net,,,,,,71.11111111111111,low
Ba: Bo:,2969,Sam Sweaters Ltd.,28-08-2011,2500,4923,,,,,,,,,94.44444444444444,confirmed
Ba: Bo:,2970,Jonaid Knitware Ltd.,15-10-2009,2500,6065,,,,,,,,,82.05128205128204,confirmed
Ba: Bo:,2973,Nippon Garments Ind: Ltd.,27-08-2017,2500,129,,,nazimuddin@abedingroup.com,,,,,,92.0,confirmed
Ba: Bo:,2975,Progressive Knitware Ltd.,28-08-2005,3500,3404,,,peerage@dhaka.net,,,,,,73.91304347826086,low
Ba: Bo:,2974,Sabuj Kniting & Dying Mills Ltd.,25-08-2005,6500,1840,,,compliance@superknittingbd.com,,,,,,86.56716417910448,confirmed
Ba: Bo:,2976,Imam Dying Kniting Printing & Finishing Ind:,29-08-2005,7000,5915,,,navyhosiery@gmail.com,,,,,,71.60493827160495,low
Ba: Bo:,2979,Rancon Sweaters Ltd.,10-02-2012,3500,3750,,,sweater@rangs.com,,,,,,100.0,confirmed
Ba: Bo:,2981,Uro knitwear Ltd,18-07-2022,2500,3711,,,mahmud@friendsapparelgroup.com,,,,,,64.28571428571428,low
Ba: Bo:,2983,Apparels 21 Ltd.,05-09-2008,6500,6321,,,alitrade11@gmail.com,,,,,,87.5,confirmed
Ba: Bo:,2984,Oli Knitting Fabrics Ltd.,28-09-2015,6500,2283,,,kazihossain@oliknitting.com,,,,,,100.0,confirmed
Ba: Bo:,2985,SHILPI TEXTILE,13-05-2022,5000,,,,,,,,,,0,none
Ba: Bo:,2987,A. N. Sweaters Ltd.,18-08-2011,2500,3728,,,knitexpo@spnetctg.com,,,,,,86.48648648648648,confirmed
Ba: Bo:,2988,Ring Sahin Textiles Ltd.,24-09-2022,7000,5698,,,info@ragadi.net,,,,,,79.06976744186046,low
Ba: Bo:,2990,S K S Sweaters Ltd.,10-09-2005,2500,4660,,,ms.sweaterltd@gmail.com,,,,,,86.48648648648648,confirmed
Ba: Bo:,2991,Ikram Sweaters Ltd.,27-10-2021,5000,3726,,,aumollah@osmangroupbd.com,,,,,,94.73684210526316,confirmed
Ba: Bo:,2993,Laxma Fashion Ltd.,08-09-2010,3500,3313,,,jamsgroupbd@yahoo.com,,,,,,85.71428571428572,confirmed
Ba: Bo:,2992,Ikram Sweater Ltd.,23-10-2022,5000,3726,,,aumollah@osmangroupbd.com,,,,,,91.89189189189189,confirmed
Ba: Bo:,2994,ABC Garments Ltd.,08-06-2021,4500,60,,,salim@spectra-bd.com,,,,,,96.96969696969697,confirmed
Ba: Bo:,2995,Ibrahim Composite Textile Mills Ltd.,01-01-2020,5500,4557,,,md@magpiegroupbd.com,,,,,,76.92307692307692,low
Ba: Bo:,3000,S F Fashion Wares Ltd.,20-09-2017,2500,3801,,,mgm@sfdenim.com,,,,,,84.44444444444444,confirmed
Ba: Bo:,3001,Azam Kniting Ltd.,26-09-2004,2500,3810,,,qtex@globalctg.net,,,,,,97.14285714285714,confirmed
Ba: Bo:,3002,B L P Wares Fashion Ltd.,24-08-2022,3500/-,6390,,,rezwan@bkfashionwear.com,,,,,,81.81818181818181,confirmed
Ba: Bo:,3003,A B  L Washing Plant,11-09-2015,3500,7012,,,mizanmahid7@gmail.com,,,,,,73.6842105263158,low
Ba: Bo:,3004,Nippon Garments Ind: Ltd.,29-08-2006,2500,129,,,nazimuddin@abedingroup.com,,,,,,92.0,confirmed
Ba: Bo:,3005,Green Aro Sweater Ind: Ltd.,17-09-2007,2500,3820,,,faysol@skylark-bd.com,,,,,,91.22807017543859,confirmed
Ba: Bo:,3006,Reliable Fabrics Ltd.,27-09-2004,5500,2655,,,ctg@asianapparels.com,,,,,,82.05128205128204,confirmed
Ba: Bo:,3011,Samdib Sweaters Ltd.,29-09-2004,2500,4923,,,,,,,,,92.3076923076923,confirmed
Ba: Bo:,3010,Siam Fabrics,04-10-2004,3500,2525,,,sinhafwl1@yahoo.com,,,,,,73.33333333333334,low
Ba: Bo:,3012,Meghna Dying & Finishing Mills,13-10-2008,4500,4725,,,mahtab@falcongroupbd.com,,,,,,73.52941176470588,low
Ba: Bo:,2996,Ridisha Knitex Ltd.,03-04-2014,7000,3845,,,tuhin.hrm@groupreedisha-bd.com,,,,,,92.3076923076923,confirmed
Ba: Bo:,3013,Bek Knit Ltd.,20-10-2010,2500,3530,,,adofia@citecho.net,,,,,,92.3076923076923,confirmed
Ba: Bo:,3014,Karnafully Fabrics Ltd.,27-04-2019,3500,777,,,info@impress-newtex.com,,,,,,86.95652173913044,confirmed
Ba: Bo:,3016,Fahija Sweaters Ltd.,29-09-2004,3500,5242,,,shahin106@gmail.com,,,,,,89.47368421052632,confirmed
Ba: Bo:,3017,K T S Textile Ind: Ltd.,21-10-2005,6000,6980,,,salauddin.jakir@gmail.com,,,,,,81.81818181818181,confirmed
Ba: Bo:,3021,M T Sweaters Ltd.,19-08-2022,3500,1694,,,mazidtalukdar@yahoo.com,,,,,,88.23529411764706,confirmed
Ba: Bo:,3022,Haidori  Composit Knitware Ltd.,30-10-2005,6000,5426,,,da_vincl_bd@yahoo.com,,,,,,81.9672131147541,confirmed
Ba: Bo:,3023,Pandora Fashion,09-08-2007,2500,3048,,,sma.razzaque@renaissance.com.bd,,,,,,85.71428571428572,confirmed
Ba: Bo:,3024,Tuluka Fashions Ltd.,25-10-2011,2500,3376,,,jamal1617@aol.com,,,,,,95.0,confirmed
Ba: Bo:,3026,Global Specialized Garments Ltd.,19-10-2005,2500,2903,,,gsgl2@spnetctg.com,,,,,,89.85507246376811,confirmed
Ba: Bo:,3029,Messures Aftab Fabrics,18-09-2005,3500,,,,,,,,,,0,none
Ba: Bo:,3032,Rehana Dyeing.,16-11-2022,3500/-,4121,,,rakib@team.com.bd,,,,,,60.60606060606061,low
Ba: Bo:,3034,Genius Fashions Ltd.,23-10-2004,6000,2622,,,,,,,,,100.0,confirmed
Ba: Bo:,3035,Leese Apparels Ltd.,17-02-2020,2500,5910,,,info@keenapparels.com,,,,,,86.48648648648648,confirmed
Ba: Bo:,3036,Monayem Sweater Complex Ltd.,29-11-2006,2500,3834,,,admin@mrgroupbd.com,,,,,,72.72727272727273,low
Ba: Bo:,3040,PANTEX DRESS LTD,06-11-2010,2500,,,,,,,,,,0,none
Ba: Bo:,3044,Leese Apparels Ltd.,26-02-2021,2500,5910,,,info@keenapparels.com,,,,,,86.48648648648648,confirmed
Ba: Bo:,3043,Universal Sweater Ltd.,01-11-2015,,3822,,,usl@dominok.com,,,,,,100.0,confirmed
Ba: Bo:,3046,S B Dying & Finishing Mills Ltd.,12-11-2004,3500,4725,,,mahtab@falcongroupbd.com,,,,,,85.71428571428572,confirmed
Ba: Bo:,3047,M J Sweaters Ltd.,13-12-2012,2500,3859,,,jp@colbd.com,,,,,,90.9090909090909,confirmed
Ba: Bo:,3048,T J Washing Plant,22-11-2008,3500,7012,,,mizanmahid7@gmail.com,,,,,,77.77777777777779,low
Ba: Bo:,3049,T J Washing Plant,15-11-2009,2500,7012,,,mizanmahid7@gmail.com,,,,,,77.77777777777779,low
Ba: Bo:,3050,Stylo Apparels Ind: Ltd.,21-11-2012,2500,5751,,,apu@9starbd.com,,,,,,80.0,confirmed
Ba: Bo:,3052,Best Wool Sweaters Ltd.,02-11-2016,3500,3826,,,akabir@bestwoolbd.net,,,,,,100.0,confirmed
Ba: Bo:,3051,Stylo Knitware (P:) Ltd.,02-11-2009,2500,1837,,,manzur@stylogroup.net,,,,,,88.0,confirmed
Ba: Bo:,3053,Samira Sweater,14-04-2015,2500,4923,,,,,,,,,72.72727272727273,low
Ba: Bo:,3054,The- Delta Composit Kniting Ind: Ltd.,24-01-2012,7000,3032,,,dckilgs@bdmail.net,,,,,,92.10526315789474,confirmed
Ba: Bo:,3058,Best Wool Sweaters Ltd.,02-11-2016,3500,3826,,,akabir@bestwoolbd.net,,,,,,100.0,confirmed
Ba: Bo:,3060,Naliza Sweaters Ltd.,17-08-2022,2500,3759,,,mostak@nalizasweaters.com,,,,,,100.0,confirmed
Ba: Bo:,3066,Ha-Well Textiles (BD) Ltd.,27-12-2018,7000,2122,,,azizul@jerkin-group.com,,,,,,75.55555555555556,low
Ba: Bo:,3064,Rafic Textile Dying & Printing Works,20-12-2021,5000,,,,,,,,,,0,none
Ba: Bo:,3065,Nurul Textile,15-09-2004,3500,5903,,,,,,,,,76.92307692307692,low
Ba: Bo:,3067,Babui Knit Fashions Ltd.,13-12-2004,2500,3862,,,babuiknit@abnetbd.com,,,,,,100.0,confirmed
Ba: Bo:,3070,N K Sweaters Ltd.,17-12-2006,2500,1694,,,mazidtalukdar@yahoo.com,,,,,,88.23529411764706,confirmed
Ba: Bo:,3071,N R C Knit Fashions Ltd.,11-12-2016,"=2,500/-",3746,,,nrc_ltd@yahoo.com,,,,,,85.71428571428572,confirmed
Ba: Bo:,3076,Asif Textile Mills,20-12-2004,4500,6130,,,,,,,,,76.92307692307692,low
Ba: Bo:,3075,Habib Dying & Printing Works,23-04-2021,4500,4606,,,mahbub@tunghaigroup.com,,,,,,61.01694915254237,low
Ba: Bo:,3077,Perfect Sweaters Ltd.,01-12-2022,2500,3705,,,shafiq@perfectsweaters.com,,,,,,91.30434782608697,confirmed
Ba: Bo:,3079,Time Sweaters Ltd.,03-12-2021,2500,5980,,,azhar@targetgroupbd.com,,,,,,100.0,confirmed
Ba: Bo:,3078,FINE SWEATERS LTD.,03-04-2018,3500,6450,,,rayarahman@mrssweaterltd.com,,,,,,62.06896551724138,low
Ba: Bo:,3080,Time Sweaters Ltd.,03-12-2021,2500,5980,,,azhar@targetgroupbd.com,,,,,,100.0,confirmed
Ba: Bo:,3083,FAIR KNITING LTD.,27-12-2004,2500,6394,,,mohiuddin@cliftongroupbd.com,,,,,,63.1578947368421,low
Ba: Bo:,3081,SKY LINE APPARELS LTD.,14-12-2005,2500,6334,,,munir@purbaapparels.com,,,,,,63.63636363636363,low
Ba: Bo:,3084,Knitexpo limited,17-09-2017,2500,2729,,,knitexpo-an@yahoo.com,,,,,,75.86206896551724,low
Ba: Bo:,3088,Concord Garments Ltd.,26-11-2022,2500,17,,,cgl@concorde.bangla.net,,,,,,97.67441860465115,confirmed
Ba: Bo:,3090,Messures Krislan Sweater Ltd.,04-01-2005,2500,4995,,,mannan@meeksweater.com,,,,,,69.56521739130434,low
Ba: Bo:,3094,M R Dying & Finishing (P:) Ltd.,18-01-2012,5000,2016,,,cotton@cottongroupbd.com.bd,,,,,,74.62686567164178,low
Ba: Bo:,3096,Imam Dying Kniting Printing & Finishing Ind:,24-12-2019,7000,5915,,,navyhosiery@gmail.com,,,,,,71.60493827160495,low
Ba: Bo:,3095,T S Sweaters Ltd.,25-09-2020,2500,3659,,,sfsweaters@gmail.com,,,,,,90.9090909090909,confirmed
Ba: Bo:,3097,Belly Yearn Dye Ltd.,21-12-2022,5500,4121,,,rakib@team.com.bd,,,,,,71.7948717948718,low
Ba: Bo:,3101,M/S Rahmat Sweater (BD) Ltd.,10-07-2017,3500,3819,,,hamza@logosbd.net,,,,,,90.56603773584906,confirmed
Ba: Bo:,3102,Nur A Madina Dying & Finishing Mills Ltd.,16-11-2021,6500,4725,,,mahtab@falcongroupbd.com,,,,,,75.9493670886076,low
Ba: Bo:,3103,Kattali Textile Ltd.,01-01-2018,2500,3900,,,director@ktlbd.com,,,,,,100.0,confirmed
Ba: Bo:,3108,Amex Kniting & Dying Industries Ltd.,22-03-2023,2500,4785,,,arb-knittdye@yahoo.com,,,,,,76.05633802816901,low
Ba: Bo:,3109,Amex Kniting & Dying Industries Ltd.,22-03-2023,2500,4785,,,arb-knittdye@yahoo.com,,,,,,76.05633802816901,low
Ba: Bo:,3112,Kanij Garments Ltd.,18-01-2013,2500,1887,,,info@group-qa.com,,,,,,94.73684210526316,confirmed
Ba: Bo:,3113,River Side Sweaters Ltd.,28-12-2022,3500,3742,,,mortuja@riversidesweater.com,,,,,,100.0,confirmed
Ba: Bo:,3114,River Side Sweaters Ltd.,28-12-2022,3500,3742,,,mortuja@riversidesweater.com,,,,,,100.0,confirmed
Ba: Bo:,3117,Albaraka Textile Processing,30-04-2021,3500,,,,,,,,,,0,none
Ba: Bo:,3118,Salma Textile,20-07-2022,4500,6973,,,md.emran28@yahoo.com,,,,,,77.41935483870968,low
Ba: Bo:,3120,Paban Textile Mills Ltd.,28-12-2022,6500/-,3985,,,info@sattartextile.com,,,,,,85.71428571428572,confirmed
Ba: Bo:,3121,Unity Fabric Ind: Ltd.,16-01-2019,6000,3518,,,unityfabric@gnbd.net,,,,,,93.33333333333333,confirmed
Ba: Bo:,3124,Load Star Sweaters Ltd.,25-02-2012,2500,1827,,,arif@around-bd.com,,,,,,87.5,confirmed
Ba: Bo:,3125,Load Star Sweaters Ltd.,09-02-2012,2500,1827,,,arif@around-bd.com,,,,,,87.5,confirmed
Ba: Bo:,3128,Shanto Marium Fashions Ltd.,18-11-2020,3500,1366,,,unityfabric@gnbd.net,,,,,,80.85106382978724,confirmed
Ba: Bo:,3127,Laxma Sweaters Ltd.,15-03-2022,2500,3265,,,"info@lakhsna,net",,,,,,90.0,confirmed
Ba: Bo:,3129,Shanto Marium Fashions Ltd.,18-11-2020,3500,1366,,,unityfabric@gnbd.net,,,,,,80.85106382978724,confirmed
Ba: Bo:,3131,Columbia Apparels Ltd.,01-01-2019,2500,3465,,,salahuddin_ahmed@mj-group.com,,,,,,100.0,confirmed
Ba: Bo:,3130,Sam Sweaters Ltd.,29-01-2015,2500,4923,,,,,,,,,94.44444444444444,confirmed
Ba: Bo:,3137,Worm Fashion Ltd.,27-01-2018,2500,3825,,,habibur25@yahoo.com,,,,,,94.11764705882352,confirmed
Ba: Bo:,3136,D K Sweater Ltd.,11-05-2017,2500,3627,,,zabed@dkgbd.com,,,,,,96.7741935483871,confirmed
Ba: Bo:,3138,Kung Keng Textile (Bangladesh) Ltd.,07-02-2017,6500,6007,,,,,,,,,76.19047619047619,low
Ba: Bo:,3139,Sattar Textile Mills Ltd.,17-01-2018,5000,3985,,,info@sattartextile.com,,,,,,100.0,confirmed
Ba: Bo:,3142,Aro Desing & Fashion Ltd.,10-01-2010,2500,1496,,,design.excom@gmail.com,,,,,,86.95652173913044,confirmed
Ba: Bo:,3144,Imperial Sweater (BD) Ltd.,24-02-2005,2500,3902,,,info@dragon-sweater.net,,,,,,98.11320754716981,confirmed
Ba: Bo:,3143,Dynamic Sweater Industries Ltd.,15-04-2022,3500,3640,,,akabir@bestwoolbd.net,,,,,,87.71929824561404,confirmed
Ba: Bo:,3145,Imperial Sweater (BD) Ltd.,24-02-2005,2500,3902,,,info@dragon-sweater.net,,,,,,98.11320754716981,confirmed
Ba: Bo:,3146,Imperial Sweater (BD) Ltd.,24-02-2005,2500,3902,,,info@dragon-sweater.net,,,,,,98.11320754716981,confirmed
Ba: Bo:,3147,Gelions Sweaters Ltd.,12-02-2006,3500,6281,,,info@gssweaters.com,,,,,,81.08108108108108,confirmed
Ba: Bo:,3149,Tuba Textile Mills Ltd.,21-11-2012,2500,3763,,,garment@kdsgroup.net,,,,,,80.0,confirmed
Ba: Bo:,3150,Hanan Tanvir Fashion wear Ltd.,15-06-2022,3500,4200,,,zakir@nistyles.com,,,,,,91.80327868852459,confirmed
Ba: Bo:,3152,Sihan Specialized Washing Ind: Ltd.,25-02-2005,2500,6543,,,mujib@smartjeansctg.com,,,,,,63.888888888888886,low
Ba: Bo:,3151,Senon Sweaters Ltd.,24-02-2005,3500,3861,,,shanon@bdonline.com,,,,,,92.3076923076923,confirmed
Ba: Bo:,3161,B P Sweaters (P:) Ltd.,06-03-2008,2500,3859,,,jp@colbd.com,,,,,,78.94736842105263,low
Ba: Bo:,3160,Grameen Knitware Ltd.,10-03-2022,4500,2938,,,ashraf@grameentelecom.net.bd,,,,,,95.23809523809523,confirmed
Ba: Bo:,3165,Cristal Martin Apparels Bangladesh Ltd.,22-08-2022,3500,4651,,,foiz.ahammed@bd.crystal-martin.com,,,,,,96.1038961038961,confirmed
Ba: Bo:,3163,Khan Jahan Ali Sweaters Ltd.,04-05-2012,2500,6051,,,ananna.sweaters@yahoo.com,,,,,,75.0,low
Ba: Bo:,3164,Onas Apparels Ltd.,24-03-2012,2500,1403,,,info@onusgroup.com,,,,,,94.44444444444444,confirmed
Ba: Bo:,3166,Unique Textile,06-10-2020,4500,5359,,,eftakher@uniformtextile.com,,,,,,64.70588235294117,low
Ba: Bo:,3169,Kan Tram Garments (P:) Ltd.,21-02-2019,2500,351,,,kasons@fnfbd.net,,,,,,78.43137254901961,low
Ba: Bo:,3173,Rahman Knit Garments Ltd.,09-03-2022,6500,2613,,,rkgl@dandylink.com,,,,,,84.7457627118644,confirmed
Ba: Bo:,3177,Monami Sweater Ltd.,17-03-2007,2500,6652,,,magicsweater@gmail.com,,,,,,86.48648648648648,confirmed
Ba: Bo:,3178,Rana International Fashion,12-03-2008,3500,717,,,mahtab@falcongroupbd.com,,,,,,78.26086956521739,low
Ba: Bo:,3176,Monami Sweater Ltd.,17-03-2007,2500,6652,,,magicsweater@gmail.com,,,,,,86.48648648648648,confirmed
Ba: Bo:,3180,Arpat Sweaters Ltd.,09-03-2023,2500,2074,,,mazidtalukdar@yahoo.com,,,,,,87.17948717948718,confirmed
Ba: Bo:,3181,M & M Shirts Ltd.,21-06-2016,2500,2420,,,faruk@shaningroup.net,,,,,,100.0,confirmed
Ba: Bo:,3182,M & M Shirts Ltd.,21-06-2016,2500,2420,,,faruk@shaningroup.net,,,,,,100.0,confirmed
Ba: Bo:,3184,F K N Printing Mills Ltd.,12-02-2020,6500,6705,,,joynal@knitconcern.com,,,,,,76.59574468085107,low
Ba: Bo:,3185,Jinat Apparels Ltd.,21-02-2023,2500,3214,,,jabbar@dbl-group.com,,,,,,97.43589743589743,confirmed
Ba: Bo:,3186,Jinat Apparels Ltd.,21-02-2023,2500,3214,,,jabbar@dbl-group.com,,,,,,97.43589743589743,confirmed
Ba: Bo:,3188,Jinat Apparels Ltd.,21-02-2023,2500,3214,,,jabbar@dbl-group.com,,,,,,97.43589743589743,confirmed
Ba: Bo:,3187,Jinat Apparels Ltd.,21-02-2023,2500,3214,,,jabbar@dbl-group.com,,,,,,97.43589743589743,confirmed
Ba: Bo:,3191,Tamishna Fashionware Ltd.,02-02-2016,3500,3854,,,info@tamishna.com,,,,,,82.35294117647058,confirmed
Ba: Bo:,3189,Flamingo Fashions Ltd.,21-02-2023,2500,3702,,,jabbar@dbl-group.com,,,,,,100.0,confirmed
Ba: Bo:,3190,Flamingo Fashions Ltd.,21-02-2023,2500,3702,,,jabbar@dbl-group.com,,,,,,100.0,confirmed
Ba: Bo:,3193,Hydroxid Knitware Ltd.,12-03-2022,2500,3927,,,ariful.kabir@syntexknitwear.com,,,,,,93.33333333333333,confirmed
Ba: Bo:,3194,Hydroxid Knitware Ltd.,12-03-2022,2500,3927,,,ariful.kabir@syntexknitwear.com,,,,,,93.33333333333333,confirmed
Ba: Bo:,3195,April Fashions Ltd.,18-08-2017,3500,3855,,,aprilfs@dhaka.net,,,,,,100.0,confirmed
Ba: Bo:,3197,Y K Knitware Ltd.,14-06-2019,2500,4181,,,info@akhfashions.com,,,,,,82.35294117647058,confirmed
Ba: Bo:,3200,Iden Fashion Ltd.,22-03-2005,2500,6074,,,,,,,,,88.23529411764706,confirmed
Ba: Bo:,3201,C B Dying & Finishing Mills Ltd.,28-03-2008,3500,4725,,,mahtab@falcongroupbd.com,,,,,,88.57142857142857,confirmed
Ba: Bo:,3199,Iden Fashion Ltd.,19-03-2005,2500,6074,,,,,,,,,88.23529411764706,confirmed
Ba: Bo:,3202,M R Sweater Ltd.,24-03-2005,3500,1694,,,mazidtalukdar@yahoo.com,,,,,,90.9090909090909,confirmed
Ba: Bo:,3203,Mevis Garments Ltd.,14-03-2022,2500,242,,,faruque@giantbd.com,,,,,,94.73684210526316,confirmed
Ba: Bo:,3205,Mevis Garments Ltd.,24-01-2022,2500,242,,,faruque@giantbd.com,,,,,,94.73684210526316,confirmed
Ba: Bo:,3207,Skyline Apparels Ltd.,11-10-2008,2500,3282,,,iqbal@skylin-bd.com,,,,,,100.0,confirmed
Ba: Bo:,3206,Kuliarchar Sweaters Ltd.,14-05-2018,2500,2102,,,,,,,,,86.79245283018868,confirmed
Ba: Bo:,3209,Babylon Casual wear Ltd0,15-10-2022,2500,4245,,,mozammelster@gmail.com,,,,,,76.59574468085107,low
Ba: Bo:,3212,Mahiuddin Textile (P:) Ltd.,27-03-2006,3500,3424,,,muazuddin@worldnetbd.net,,,,,,81.63265306122449,confirmed
Ba: Bo:,3214,A G Dresses Ltd.,08-04-2022,2500,3125,,,lasker@spnetctg.com,,,,,,87.5,confirmed
Ba: Bo:,3216,Millinnium Garments Ltd.,02-04-2005,2500,70,,,gtexfabricsbd@gmail.com,,,,,,86.95652173913044,confirmed
Ba: Bo:,3218,Knitivo Fashion Ltd.,15-10-2017,3500,6797,,,info@hrknitfashion.com,,,,,,82.92682926829268,confirmed
Ba: Bo:,3219,Knitivo Fashion Ltd.,04-04-2016,3500,6797,,,info@hrknitfashion.com,,,,,,82.92682926829268,confirmed
Ba: Bo:,3222,Hanaro Fashions Ltd.,08-03-2010,2500,2123,,,naro@citech-bd.com,,,,,,100.0,confirmed
Ba: Bo:,3221,Victory Knitwares Ltd.,07-04-2010,3500,5459,,,,,,,,,76.19047619047619,low
Ba: Bo:,3224,RIDOM FASHION LTD.,12-04-2022,2500,6519,,,selim.hronefashions@gmail.com,,,,,,63.1578947368421,low
Ba: Bo:,3225,A K H Kniting & Dying Ltd.,02-03-2023,7000,3890,,,info@akhfashions.com,,,,,,84.61538461538461,confirmed
Ba: Bo:,3231,Eon Knit Composite Ltd.,02-06-2014,2500,6210,,,,,,,,,89.79591836734694,confirmed
Ba: Bo:,3229,S F Knitware Ltd.,08-04-2005,5500,5583,,,skjknitwear@gmail.com,,,,,,82.35294117647058,confirmed
Ba: Bo:,3232,Share Knitware Ltd.,01-04-2008,2500,6056,,,ashraf@r3a-bd.com,,,,,,87.17948717948718,confirmed
Ba: Bo:,3233,Madina Pel Fashions Crart Ltd.,27-04-2022,2500,3882,,,info@rosesweater.com,,,,,,88.13559322033898,confirmed
Ba: Bo:,3237,Messures Mohammadi Sizing & Textile Mill,22-04-2022,5000,,,,,,,,,,0,none
Ba: Bo:,3238,Dard Garments Ltd.,17-03-2018,4500,3074,,,,,,,,,94.73684210526316,confirmed
Ba: Bo:,3239,Paradise Sweaters Ltd.,17-04-2005,2500,3942,,,polto@polestargroupbd.net,,,,,,87.8048780487805,confirmed
Ba: Bo:,3240,Dishang Sweater Ltd.,04-08-2022,3500,5441,,,shenglinguang@dishang.com,,,,,,100.0,confirmed
Ba: Bo:,3241,Unicom Sweaters Ltd.,21-11-2019,2500,3207,,,management@sterlinggroup.com.bd,,,,,,92.6829268292683,confirmed
Ba: Bo:,3242,Unicom Sweaters Ltd.,17-04-2005,2500,3207,,,management@sterlinggroup.com.bd,,,,,,92.6829268292683,confirmed
Ba: Bo:,3243,Faim Knitware Ltd.,27-04-2012,3500,1630,,,shajal@sweater-makers.com,,,,,,86.48648648648648,confirmed
Ba: Bo:,3244,Agrani Sweaters Ltd.,18-04-2007,3500,2074,,,mazidtalukdar@yahoo.com,,,,,,90.0,confirmed
Ba: Bo:,3246,Nexus Sweaters Ind: (P:) Ltd.,29-03-2011,2500,2942,,,rashid@nexussweater.com,,,,,,77.96610169491525,low
Ba: Bo:,3245,Star Link Apparels Ltd.,16-04-2017,2500,5356,,,,,,,,,87.8048780487805,confirmed
Ba: Bo:,3247,Anjir Apparels Ltd.,21-04-2011,3500,3231,,,anzirterrytowels@gmail.com,,,,,,94.73684210526316,confirmed
Ba: Bo:,3248,Jame Knitware Fabrics Co. Ltd.,10-04-2006,5000,5426,,,da_vincl_bd@yahoo.com,,,,,,72.1311475409836,low
Ba: Bo:,3252,Seven Star Sweater (P:) Ltd.,18-02-2021,2500,3975,,,,,,,,,94.73684210526316,confirmed
Ba: Bo:,3257,Leese Apparels Ltd.,26-02-2021,2500,5910,,,info@keenapparels.com,,,,,,86.48648648648648,confirmed
Ba: Bo:,3256,Dipta Garments Ltd.,18-04-2006,2500,1530,,,ndaulah@dirdgroup.org,,,,,,100.0,confirmed
Ba: Bo:,3259,Knit Zone Mod (P:) Ltd.,02-04-2009,2500,4820,,,,,,,,,75.67567567567568,low
Ba: Bo:,3258,McCoy Sweater Ltd.,11-03-2020,2500,3914,,,mccoy@dekko.net.bd,,,,,,94.44444444444444,confirmed
Ba: Bo:,3260,Knit Zone Mod (P:) Ltd.,18-04-2017,2500,4820,,,,,,,,,75.67567567567568,low
Ba: Bo:,3261,Knit Zone Mod (P:) Ltd.,18-04-2017,2500,4820,,,,,,,,,75.67567567567568,low
Ba: Bo:,3262,Messures Sonali Textile Mills,12-04-2018,3500,6829,,,matiur_rtml@yahoo.com,,,,,,66.66666666666667,low
Ba: Bo:,3263,Dynesti Sweater (BD) Ltd.,17-04-2018,2500,3908,,,info@dynastygroupbd.com,,,,,,92.0,confirmed
Ba: Bo:,3264,Arai Fashion Ltd.,15-05-2022,4500,5951,,,bablu@nhk-ast.com,,,,,,97.14285714285714,confirmed
Ba: Bo:,3267,Ashik Jeans Apparels Ltd.,10-04-2022,3500,3047,,,kalam@chaity.com,,,,,,92.3076923076923,confirmed
Ba: Bo:,3272,The Cloth & Fashion Ltd.,11-04-2016,2500,3943,,,cfl@dhi-bd.com,,,,,,100.0,confirmed
Ba: Bo:,3271,Provati Dyeing & Screen Printing Works Ltd.,19-04-2020,3500,4761,,,ndslfeni@gmail.com,,,,,,61.9718309859155,low
Ba: Bo:,3273,Focus Fashions Ltd.,10-04-2022,2500,3906,,,jamil@fourhgroup.com,,,,,,87.17948717948718,confirmed
Ba: Bo:,3274,Kanij Garments Ltd.,17-03-2022,2500,1887,,,info@group-qa.com,,,,,,94.73684210526316,confirmed
Ba: Bo:,3276,Ashraf Garments (P:) Ltd.,22-04-2005,2500,979,,,anika@anikagarments.com,,,,,,78.43137254901961,low
Ba: Bo:,3277,Masco Washing & Dying,27-04-2006,2500,,,,,,,,,,0,none
Ba: Bo:,3280,Soyan Garments (BD) Ltd.,19-05-2010,2500,601,,,commercial@zisasfashionltd.com.bd,,,,,,81.63265306122449,confirmed
Ba: Bo:,3279,Soyan Garments (BD) Ltd.,19-05-2010,2500,601,,,commercial@zisasfashionltd.com.bd,,,,,,81.63265306122449,confirmed
Ba: Bo:,3281,Soyan Garments (BD) Ltd.,19-05-2010,2500,601,,,commercial@zisasfashionltd.com.bd,,,,,,81.63265306122449,confirmed
Ba: Bo:,3282,Chung Kung Garments (BD) Ltd.,19-05-2010,2500,7094,,,jocbd2024@gmail.com,,,,,,76.36363636363637,low
Ba: Bo:,3283,Citadel Apparels Ltd.,12-02-2022,2500,3515,,,info@onusgroup.com,,,,,,100.0,confirmed
Ba: Bo:,3286,Madinapel Fashions Craft Ltd.,12-03-2022,2500,3882,,,info@rosesweater.com,,,,,,96.55172413793103,confirmed
Ba: Bo:,3287,Faiskar Apparels (P:) Ltd.,10-05-2005,2500,3665,,,hossain@goldstargroupbd.com,,,,,,84.61538461538461,confirmed
Ba: Bo:,3290,Shirina Garments & Textile,20-03-2023,2500/-,3835,,,info@sunman.net,,,,,,87.71929824561404,confirmed
Ba: Bo:,3294,Spring Knitwares Ltd.,07-05-2012,2500,3725,,,a1tradebd@gmail.com,,,,,,95.23809523809523,confirmed
Ba: Bo:,3297,Opex Fashion Ltd.,26-05-2018,2500,2440,,,,,,,,,88.23529411764706,confirmed
Ba: Bo:,3299,Opex Fashion Ltd.,01-05-2022,2500,2440,,,,,,,,,88.23529411764706,confirmed
Ba: Bo:,3298,Opex Fashion Ltd.,01-05-2022,2500,2440,,,,,,,,,88.23529411764706,confirmed
Ba: Bo:,3301,Opex Fashion Ltd.,26-05-2018,2500,2440,,,,,,,,,88.23529411764706,confirmed
Ba: Bo:,3300,Opex Fashion Ltd.,26-05-2018,2500,2440,,,,,,,,,88.23529411764706,confirmed
Ba: Bo:,3306,Alliance Sweaters  Ltd.,22-05-2019,2500,4657,,,anamknit@gnbd.net,,,,,,85.0,confirmed
Ba: Bo:,3307,Alliance Sweaters  Ltd.,04-05-2016,2500,4657,,,anamknit@gnbd.net,,,,,,85.0,confirmed
Ba: Bo:,3308,John Sin Textile Ind: Ltd.,23-06-2022,6500,6980,,,salauddin.jakir@gmail.com,,,,,,76.59574468085107,low
Ba: Bo:,3311,N H Apparels Ltd,25-06-2022,2500,4215,,,hanapparels@gmail.com,,,,,,84.84848484848484,confirmed
Ba: Bo:,3312,Star Fabrics Ltd.,02-11-2022,6500,2360,,,fashionpark@greenaro.com,,,,,,88.88888888888889,confirmed
Ba: Bo:,3313,Mother Washing Plant,13-04-2006,4500,7012,,,mizanmahid7@gmail.com,,,,,,82.05128205128204,confirmed
Ba: Bo:,3315,Ambia Sweaters Ltd.,09-05-2017,3500,4657,,,anamknit@gnbd.net,,,,,,91.89189189189189,confirmed
Ba: Bo:,3318,Lagos Apparels Ltd.,02-07-2010,2500,2812,,,hamza@logosbd.net,,,,,,94.73684210526316,confirmed
Ba: Bo:,3320,The Yourk Garments Ltd.,19-05-2020,2500,267,,,yolk@lappitex.com,,,,,,93.33333333333333,confirmed
Ba: Bo:,3322,M I Knitware Ltd.,27-05-2018,2500,3957,,,arik.abrar@gmail.com,,,,,,88.88888888888889,confirmed
Ba: Bo:,3324,Thats it Garments Ltd.,25-05-2017,2500,3897,,,hameem@citechco.net,,,,,,84.44444444444444,confirmed
Ba: Bo:,3331,Shah Amanat Chittagonga Textile Mills Ltd.,20-06-2012,4500,5184,,,info@farihagroup.com,,,,,,66.66666666666667,low
Ba: Bo:,3332,House of Sun Shine Knitware Ltd.,20-07-2010,2500,6047,,,nhaque@shagore.com,,,,,,64.40677966101696,low
Ba: Bo:,3335,Amity Sweaters Ltd.,19-06-2017,2500,3903,,,afwl@dhaka.net,,,,,,100.0,confirmed
Ba: Bo:,3339,Tamishna Fashionware Ltd.,04-06-2007,2500,3854,,,info@tamishna.com,,,,,,82.35294117647058,confirmed
Ba: Bo:,3341,Aristocrate Sweater & Dying Ind: Ltd.,20-06-2005,2500,3919,,,,,,,,,91.89189189189189,confirmed
Ba: Bo:,3345,Sentex Textile & Apparels Ltd.,23-05-2019,2500,4195,,,junaied@mamappareltextile.com,,,,,,80.70175438596492,confirmed
Ba: Bo:,3344,Saju Sweaters Ltd.,19-07-2017,3500,5654,,,sanju3e@gmail.com,,,,,,94.44444444444444,confirmed
Ba: Bo:,3346,V-Sine Sweaters Ltd.,07-06-2010,3500,5980,,,azhar@targetgroupbd.com,,,,,,84.21052631578947,confirmed
Ba: Bo:,3348,Gazipur Fashion Ltd.,09-06-2016,2500,1914,,,mosharraf_h@standard-group.com,,,,,,92.6829268292683,confirmed
Ba: Bo:,3349,Sinha Washing Plant,15-03-2016,5500,7012,,,mizanmahid7@gmail.com,,,,,,68.42105263157895,low
Ba: Bo:,3352,Clamoon Garments Ltd.,08-07-2022,2500,998,,,zakram@clamoon.com,,,,,,100.0,confirmed
Ba: Bo:,3351,R R Sweaters Ltd.,04-06-2018,2500,2490,,,rahat@rracrylic.com,,,,,,91.42857142857143,confirmed
Ba: Bo:,3353,F B Fashion (P:) Ltd.,03-07-2022,2500,3272,,,,,,,,,81.81818181818181,confirmed
Ba: Bo:,3354,Tanaj Fashions Ltd.,08-07-2017,2500,3991,,,mesbah_khan@windygroupbd.net,,,,,,94.73684210526316,confirmed
Ba: Bo:,3357,Chittagong Asian Apparels Ltd.,26-07-2016,2500,3940,,,masalam@asianapparels.com,,,,,,100.0,confirmed
Ba: Bo:,3358,Asian Apparels Ltd.,19-06-2017,2500,1231,,,asian@spenectg.com,,,,,,100.0,confirmed
Ba: Bo:,3359,Fortune Apparels Ltd.,26-07-2016,2500,2947,,,masalam@asianapparels.com,,,,,,100.0,confirmed
Ba: Bo:,3360,Leese Apparels Ltd.,10-07-2018,2500,5910,,,info@keenapparels.com,,,,,,86.48648648648648,confirmed
Ba: Bo:,3361,Leese Apparels Ltd.,26-02-2021,2500,5910,,,info@keenapparels.com,,,,,,86.48648648648648,confirmed
Ba: Bo:,3362,Sonya Sweaters Ltd.,12-06-2022,3500,3704,,,info@soniagroup.com,,,,,,90.0,confirmed
Ba: Bo:,3365,Khaja Alabox Textile Mills,21-12-2011,3500,6690,,,fairtextilemills@yahoo.com,,,,,,65.3061224489796,low
Ba: Bo:,3366,Alauddin Textile Mills Pvt. Ltd.,19-07-2007,3500,4596,,,asif@urmigroup.net,,,,,,81.9672131147541,confirmed
Ba: Bo:,3368,Confidence Sweaters Ltd.,10-07-2006,2500,3285,,,roman.haider@cosmicbd.com,,,,,,81.81818181818181,confirmed
Ba: Bo:,3367,Confidence Sweaters Ltd.,10-07-2006,2500,3285,,,roman.haider@cosmicbd.com,,,,,,81.81818181818181,confirmed
Ba: Bo:,3369,Shihan Specialized Textile Mills,25-06-2022,5000/-,6543,,,mujib@smartjeansctg.com,,,,,,89.85507246376811,confirmed
Ba: Bo:,3371,KM Colour & Fabrics,22-10-2015,2500,5416,,,shymol@colournfashion.com,,,,,,60.86956521739131,low
Ba: Bo:,3370,Desh Garments Ltd.,12-07-2012,2500,1,,,desh@deshgroup.com,,,,,,100.0,confirmed
Ba: Bo:,3374,Firoja Garments Ltd.,24-07-2012,2500,1664,,,feroza@nassagroup.org,,,,,,90.0,confirmed
Ba: Bo:,3373,High Woon Apparels Ltd.,20-07-2012,2500,866,,,iqbal@bhis.net,,,,,,79.06976744186046,low
Ba: Bo:,3378,Tropica Garments Ltd.,15-07-2005,2500,210,,,info@tropica-bd.com,,,,,,100.0,confirmed
Ba: Bo:,3377,Tropica Garments Ltd.,15-07-2005,2500,210,,,info@tropica-bd.com,,,,,,100.0,confirmed
Ba: Bo:,3376,Y N L Apparels Ltd.,24-07-2012,2500,6498,,,faruk@borderless-japan.com,,,,,,83.33333333333334,confirmed
Ba: Bo:,3379,Setara Knitware Ltd.,16-07-2013,2500,2625,,,sarknl@bangla.net,,,,,,84.21052631578947,confirmed
Ba: Bo:,3380,Nayla Fashion (P:) Ltd.,16-07-2006,2500,3930,,,tipunfl@dhaka.net,,,,,,89.36170212765957,confirmed
Ba: Bo:,3382,Creative Sweaters (Pvt.) Ltd.,10-07-2019,3500,1689,,,cslazim@ziafcomm.net,,,,,,100.0,confirmed
Ba: Bo:,3383,Motherland Sweater Ind: Ltd.,18-07-2005,2500,3700,,,mermaid@bol-online.com,,,,,,73.46938775510203,low
Ba: Bo:,3384,Iris Fashions Ltd.,11-06-2019,2500,3841,,,alam@irisgroupbd.com,,,,,,100.0,confirmed
Ba: Bo:,3385,Mohammadi Fashion Ltd.,18-07-2006,2500,3633,,,info@mohammadigroup.com,,,,,,83.01886792452831,confirmed
Ba: Bo:,3386,Baipad Sweaters Ltd.,21-07-2012,2500,3960,,,bipedsweater@dhaka.net,,,,,,92.3076923076923,confirmed
Ba: Bo:,3387,Hasin Garments Ltd.,09-11-2018,3500,4639,,,amanul.hossain@hams.com.bd,,,,,,91.89189189189189,confirmed
Ba: Bo:,3388,Messures Sirok Apparels Ltd.,24-07-2005,2500,2256,,,meshu@globalctg.net,,,,,,76.59574468085107,low
Ba: Bo:,3389,Narsingdi Seizing & Finishing Mills Ltd.,22-06-2016,2500,2624,,,apexmail@apex-tg.net,,,,,,72.0,low
Ba: Bo:,3390,Messures Urmi Garments Ltd.,15-07-2006,2500,571,,,asif@urmigroup.net,,,,,,80.0,confirmed
Ba: Bo:,3392,Mark Fashion Ware (P.) Ltd.,10-07-2009,2500,1119,,,ershadullah786@gmail.com,,,,,,89.65517241379311,confirmed
Ba: Bo:,3391,Shamar Fashion Tex Ltd.,09-07-2017,2500,3984,,,samar@dekko.net.bd,,,,,,97.77777777777777,confirmed
Ba: Bo:,3393,Mark Fashion Ware (P.) Ltd.,08-07-2021,2500,1119,,,ershadullah786@gmail.com,,,,,,89.65517241379311,confirmed
Ba: Bo:,3394,Mark Fashion Ware (P.) Ltd.,08-07-2021,2500,1119,,,ershadullah786@gmail.com,,,,,,89.65517241379311,confirmed
Ba: Bo:,3396,Fine Steech Apparels Ltd.,15-09-2009,,5765,,,habib@sevenlinksapparels.com,,,,,,80.0,confirmed
Ba: Bo:,3400,Kayaba Knitware Ltd.,01-07-2012,2500,6489,,,asadruben@gmail.com,,,,,,78.04878048780488,low
Ba: Bo:,3401,Land Mark Sweaters Ltd.,06-07-2009,2500,3524,,,commercial@mondol.net,,,,,,85.0,confirmed
Ba: Bo:,3403,Anlima Textile Ltd.,04-07-2006,7000,3922,,,hoque@anlima.com,,,,,,100.0,confirmed
Ba: Bo:,3404,Osen Gate Sweaters Ltd.,29-07-2018,3500,3747,,,shajal@sweater-makers.com,,,,,,78.04878048780488,low
Ba: Bo:,3407,Casenda Sweater Ltd.,24-08-2007,2500,3809,,,haseensweater@kayabagroup.com,,,,,,87.17948717948718,confirmed
Ba: Bo:,3409,Kalyndi Textile,23-09-2022,5000,5936,,,,,,,,,71.42857142857143,low
Ba: Bo:,3410,Mitaly Textile Mills,25-08-2012,4500,2329,,,tamalh@bdmail.net,,,,,,71.11111111111111,low
Ba: Bo:,3412,Mastrade International Garments Ltd.,26-08-2008,2500,235,,,internat@dhaka.net,,,,,,85.71428571428572,confirmed
Ba: Bo:,3415,Sizon Textile (P:) Ltd.,18-08-2022,3500/-,3992,,,ritatexf@dhaka.net,,,,,,78.26086956521739,low
Ba: Bo:,3414,Hollywood Fashion (P.) Ltd.,16-08-2008,2500,233,,,dr.humayun@pioneercasual.com,,,,,,92.85714285714286,confirmed
Ba: Bo:,3417,M M K Dying Printing Finishing & Calendering Ltd.,26-10-2017,5500,5915,,,navyhosiery@gmail.com,,,,,,76.74418604651163,low
Ba: Bo:,3416,Mother Textile,22-08-2022,3500,2396,,,pinery@spctnet.com,,,,,,66.66666666666667,low
Ba: Bo:,3421,S Pen Sweaters Ltd.,19-08-2005,2500,3659,,,sfsweaters@gmail.com,,,,,,85.71428571428572,confirmed
Ba: Bo:,3420,M/S Senu Miya Textile,03-10-2018,5000,3233,,,regent@spnetctg.com,,,,,,60.86956521739131,low
Ba: Bo:,3422,S Pen Sweaters Ltd.,19-08-2005,3500,3659,,,sfsweaters@gmail.com,,,,,,85.71428571428572,confirmed
Ba: Bo:,3423,Messures Sumon Dying & Printing,18-08-2022,3500/-,,,,,,,,,,0,none
Ba: Bo:,3425,Tripple Seven Apparels Ltd.,10-05-2022,2500,4838,,,triple7bd@yahoo.com,,,,,,98.11320754716981,confirmed
Ba: Bo:,3426,Rifat Garments Ltd.,14-08-2006,2500,3896,,,azad@hameemgroup.com,,,,,,94.73684210526316,confirmed
Ba: Bo:,3430,A K H Fashions Ltd.,29-03-2018,2500,3236,,,anwar@ajintl.com,,,,,,88.88888888888889,confirmed
Ba: Bo:,3431,Taj Kniting Industries Ltd.,03-08-2008,3500,2307,,,factory@tajknitting.com,,,,,,84.0,confirmed
Ba: Bo:,3413,M N Textile,14-06-2007,4500,6345,,,eti@gmsbd.com,,,,,,71.42857142857143,low
Ba: Bo:,3432,Amex Apparels Ltd.,30-08-2017,2500,3978,,,munir@amexknitting.com,,,,,,97.14285714285714,confirmed
Ba: Bo:,3433,Fashion Concern Ltd.,17-08-2012,2500,3748,,,kaziabubaker@gmail.com,,,,,,87.17948717948718,confirmed
Ba: Bo:,3435,S R T Fashion Ltd.,09-09-2019,2500,5312,,,rtexfashion@yahoo.com,,,,,,86.48648648648648,confirmed
Ba: Bo:,3436,S R T Fashion Ltd.,09-09-2019,2500,5312,,,rtexfashion@yahoo.com,,,,,,86.48648648648648,confirmed
Ba: Bo:,3439,Silken Textile,20-09-2022,4500/-,7081,,,ceo@eagletextile.asia,,,,,,71.42857142857143,low
Ba: Bo:,3437,Aboni Textiles Ltd.,02-09-2017,2500,1907,,,,,,,,,86.48648648648648,confirmed
Ba: Bo:,3441,Fakir Fashion Ltd.,04-04-2012,2500,6587,,,akon@fakirfashion.com,,,,,,100.0,confirmed
Ba: Bo:,3444,Millinnium Textile (Southern) Ltd.,24-09-2019,2500,3502,,,naimul.chowdhury@renaissance.com.bd,,,,,,95.65217391304348,confirmed
Ba: Bo:,3446,Kasonson Fashions (Pvt.) Ltd.,10-08-2012,2500,1662,,,moin@kentctg.com,,,,,,83.01886792452831,confirmed
Ba: Bo:,3448,Stylo Fashion Garments Ltd.,29-09-2016,2500,3912,,,hasan@stylogroup.net,,,,,,100.0,confirmed
Ba: Bo:,3447,Stylo Fashion Garments Ltd.,29-09-2016,2500,3912,,,hasan@stylogroup.net,,,,,,100.0,confirmed
Ba: Bo:,3450,Aba Garments,05-09-2017,2500,6583,,,alnesargarments@gmail.com,,,,,,75.86206896551724,low
Ba: Bo:,3452,New Age Apparels Ltd.,24-11-2022,2500,2168,,,info@newage-group.com,,,,,,82.92682926829268,confirmed
Ba: Bo:,3453,SOYAN SWEATER LTD.,16-02-2016,2500,6450,,,rayarahman@mrssweaterltd.com,,,,,,62.06896551724138,low
Ba: Bo:,3451,Padma Sweaters Ltd.,23-09-2005,2500,3946,,,dinu@padmasweaters.com,,,,,,100.0,confirmed
Ba: Bo:,3455,Concord Kniting & Dying Ind: Ltd.,14-01-2009,6500,4785,,,arb-knittdye@yahoo.com,,,,,,73.52941176470588,low
Ba: Bo:,3458,Heritage Kniting Ltd.,17-06-2008,2500,830,,,md@debonairgroupbd.com,,,,,,74.4186046511628,low
Ba: Bo:,3460,Zihan Garments Industry Ltd.,23-06-2020,2500,6741,,,zahid@zihangroup.com,,,,,,100.0,confirmed
Ba: Bo:,3461,J K Fabrics Ltd.,25-09-2019,7000,4380,,,a.chowdhury@newasiabd.com,,,,,,84.84848484848484,confirmed
Ba: Bo:,3463,Ruposhi Sweaters Ltd.,27-09-2005,2500,5023,,,shajal@sweater-makers.com,,,,,,85.0,confirmed
Ba: Bo:,3467,Messures Khaja Dying & Printing Works,11-10-2006,5000,,,,,,,,,,0,none
Ba: Bo:,3468,Vertex Fashion Ltd.,02-08-2018,2500,1186,,,moghani@vertexgroup-bd.com,,,,,,100.0,confirmed
Ba: Bo:,3469,Shahjalal Textile,07-08-2008,3500,5936,,,,,,,,,66.66666666666667,low
Ba: Bo:,3471,Intramex Sweaters Ltd.,02-10-2017,2500,3877,,,export@intramex-bd.com,,,,,,97.67441860465115,confirmed
Ba: Bo:,3473,Madna Fashions Ltd.,30-08-2016,2500,5393,,,jabbar@dbl-group.com,,,,,,94.73684210526316,confirmed
Ba: Bo:,3475,Epoch Garments Ltd.,14-09-2022,2500,875,,,murshedy@envoy-group.com,,,,,,100.0,confirmed
Ba: Bo:,3476,Cotton Fashion Wares,17-10-2018,2500,6425,,,wasif@asianapparels.com,,,,,,71.42857142857143,low
Ba: Bo:,3480,Shenon Sweaters Ltd.,07-01-2023,3500,3861,,,shanon@bdonline.com,,,,,,95.0,confirmed
Ba: Bo:,3481,A R N Sweaters Ltd.,09-10-2009,3500,5631,,,mostofa@mnrgroupbd.com,,,,,,88.88888888888889,confirmed
Ba: Bo:,3479,New Age Apparels Ltd.,05-09-2021,2500,2168,,,info@newage-group.com,,,,,,82.92682926829268,confirmed
Ba: Bo:,3484,Nurun Nahar Textiles Ltd.,09-11-2018,6500,4547,,,moshiur@saturnbd.com,,,,,,80.0,confirmed
Ba: Bo:,3485,M/S Sumon Textile Mills Ltd.,17-02-2020,4500,2329,,,tamalh@bdmail.net,,,,,,79.24528301886792,low
Ba: Bo:,3486,Sanaj Textile Mills Ltd.,18-09-2022,6000/-,3985,,,info@sattartextile.com,,,,,,89.79591836734694,confirmed
Ba: Bo:,3492,Messures R Mana Fashions Ltd.,18-10-2008,2500,1456,,,info@fashionmakers.net,,,,,,75.0,low
Ba: Bo:,3495,Walts Fashions Ltd.,03-08-2015,2500,3879,,,mortuja@waltzfashions.com,,,,,,94.73684210526316,confirmed
Ba: Bo:,3497,M R Sweaters Composit Ltd.,04-10-2008,7000,3834,,,admin@mrgroupbd.com,,,,,,90.56603773584906,confirmed
Ba: Bo:,3498,R M M Sweaters Ltd.,20-11-2020,2500,1694,,,mazidtalukdar@yahoo.com,,,,,,88.88888888888889,confirmed
Ba: Bo:,3499,Tuba Fashion Ltd.,21-11-2012,2500,4117,,,tal-41@metro.bd.com,,,,,,100.0,confirmed
Ba: Bo:,3500,Ganish Sweaters Ltd.,03-11-2005,2500,5883,,,,,,,,,87.17948717948718,confirmed
Ba: Bo:,3501,Dynasty Sweater (BD) Ltd.,08-11-2018,2500,3908,,,info@dynastygroupbd.com,,,,,,100.0,confirmed
Ba: Bo:,3502,Nahian Fashions Ltd.,02-11-2005,6500,3268,,,nahiyan00@gmail.com,,,,,,97.5609756097561,confirmed
Ba: Bo:,3503,Ivence Textiles Ltd.,20-12-2022,6500,6518,,,jamil@fourhgroup.com,,,,,,87.8048780487805,confirmed
Ba: Bo:,3504,Abani Textiles Ltd.,17-11-2022,6500,1412,,,mannan915@hotgmail.com,,,,,,86.48648648648648,confirmed
Ba: Bo:,3505,Ajmiri Composit Knit Ltd.,26-11-2009,6500,3715,,,palmalexport@palmalgarments.com,,,,,,90.19607843137256,confirmed
Ba: Bo:,3507,Harvard Sweater Ind: Ltd.,06-11-2005,3500,4101,,,sales@danasweater.com,,,,,,79.16666666666666,low
Ba: Bo:,3508,Najiat Sweaters Ltd.,08-11-2005,2500,3812,,,info@naziat.co.cc,,,,,,95.0,confirmed
Ba: Bo:,3511,Classic Sweater Ltd.,10-11-2005,4500,3285,,,roman.haider@cosmicbd.com,,,,,,85.0,confirmed
Ba: Bo:,3516,A & A Fashion Ind: Ltd.,18-11-2019,2500,1373,,,info@c&agroupbd.com,,,,,,82.92682926829268,confirmed
Ba: Bo:,3518,A K H Kniting & Dying Ltd.,16-11-2021,2500,3890,,,info@akhfashions.com,,,,,,84.61538461538461,confirmed
Ba: Bo:,3520,H R Textile Mills Ltd.,12-11-2018,2500,5167,,,pride@pride-grp.com,,,,,,88.88888888888889,confirmed
Ba: Bo:,3519,Moon Fashion Ltd.,29-11-2016,2500,2780,,,imamgroup@bbts.net,,,,,,100.0,confirmed
Ba: Bo:,3521,Adnal Textile Ltd.,10-10-2022,3500,4552,,,mumon2001@yahoo.com,,,,,,91.42857142857143,confirmed
Ba: Bo:,3524,Millinnium Washing Plant Ltd.,30-11-2006,2500,7012,,,mizanmahid7@gmail.com,,,,,,66.66666666666667,low
Ba: Bo:,3529,Liberty Fashionware Ltd.,28-11-2005,2500,3347,,,liberty@citechco.net,,,,,,80.0,confirmed
Ba: Bo:,3531,Alim Knit (BD) Ltd.,05-04-2015,2500,4969,,,commercial@mondol.net,,,,,,100.0,confirmed
Ba: Bo:,3532,World Dye Dress Pents Ltd.,27-12-2015,3500,4132,,,wyjeanye@hotmail.com,,,,,,82.35294117647058,confirmed
Ba: Bo:,3533,M/S. Lucky Dyeing & Printing Mills Ltd.,14-02-2022,4500,6833,,,info@mosharafgroup.com,,,,,,71.42857142857143,low
Ba: Bo:,3535,Sinha Knit & Denims Ltd.,20-09-2022,4500,6108,,,commercial@sinhafwl.com,,,,,,88.0,confirmed
Ba: Bo:,3537,Osman Textile Mills,09-12-2015,6500,2329,,,tamalh@bdmail.net,,,,,,72.72727272727273,low
Ba: Bo:,3540,Panorama Apparels Ltd.,04-12-2017,2500,999,,,mmsohel@panoramabd.com,,,,,,100.0,confirmed
Ba: Bo:,3541,Sincere Composite Ltd.,24-08-2022,3500,5498,,,shahanoor@sisalapparel.com.bd,,,,,,80.95238095238095,confirmed
Ba: Bo:,3543,Masuma Khatun Textile Industries Ltd.,04-12-2018,6500,7125,,,amal.podder@metrokd.com,,,,,,73.52941176470588,low
Ba: Bo:,3546,R S Knit Composit Ltd.,23-12-2011,6500,6991,,,mdabdulawal260@gmail.com,,,,,,88.88888888888889,confirmed
Ba: Bo:,3547,M/S Section Seven Apparels Ltd.,07-02-2022,2500,5045,,,smkhan@shirtmakersltd.com,,,,,,93.10344827586206,confirmed
Ba: Bo:,3548,Inter Stoff Apparels Ltd.,12-12-2022,6500,1958,,,choice@globalctg.net,,,,,,80.85106382978724,confirmed
Ba: Bo:,3549,Alliance Fashion Ltd.,17-12-2007,2500,1357,,,alimirashraf@gmail.com,,,,,,87.5,confirmed
Ba: Bo:,3550,JB Garments Ltd.,21-12-2006,2500,3426,,,mail@daygroupbd.com,,,,,,93.75,confirmed
Ba: Bo:,3552,S B Dying & Finishing Mills Ltd.,28-07-2022,4500,4725,,,mahtab@falcongroupbd.com,,,,,,85.71428571428572,confirmed
Ba: Bo:,3555,Lilac Fashion Ware Ltd.,17-11-2019,2500,5673,,,,,,,,,95.65217391304348,confirmed
Ba: Bo:,3556,A S T Knitware Ltd.,19-12-2017,2500,7183,,,compliance@smhgroupbd.com,,,,,,82.05128205128204,confirmed
Ba: Bo:,3559,Valuka Superior Textile Mills Ltd.,27-12-2005,3500,1480,,,mamoon@dukefocus.com,,,,,,75.75757575757575,low
Ba: Bo:,3561,Rider Fashion,21-01-2015,2500,2908,,,rider@bijoy.net,,,,,,81.25,confirmed
Ba: Bo:,3562,Rauzer Fashions Ltd.,12-01-2006,2500,2908,,,rider@bijoy.net,,,,,,87.17948717948718,confirmed
Ba: Bo:,3565,Glorius Garments Ltd.,26-11-2014,2500,1183,,,info@dekkoisho.com,,,,,,90.0,confirmed
Ba: Bo:,3568,Fakhruddin Textile Mills Ltd.,12-01-2023,6000,4596,,,asif@urmigroup.net,,,,,,100.0,confirmed
Ba: Bo:,3567,Knit Vally Ltd.,06-01-2009,3500,4048,,,,,,,,,96.7741935483871,confirmed
Ba: Bo:,3569,Mascott Fashionware Ltd.,21-01-2008,2500,783,,,sasha@mascotgrp.com,,,,,,86.36363636363636,confirmed
Ba: Bo:,3570,Intramex Fashion Ltd.,07-01-2007,2500,3256,,,anayet@intramex-bd.com,,,,,,97.67441860465115,confirmed
Ba: Bo:,3571,Bek Fabrics (P:) Ltd.,16-01-2023,6500,4523,,,commercial@arrow-group.net,,,,,,73.91304347826086,low
Ba: Bo:,3572,Sazid Washing & Dying Ltd.,17-01-2022,5000,4220,,,fifltd@citechco.net,,,,,,65.11627906976744,low
Ba: Bo:,3573,Meritime Apparels Ltd.,09-01-2006,2500,6061,,,info@meridien-bd.com,,,,,,90.9090909090909,confirmed
Ba: Bo:,3576,Givency Garments Ltd.,30-06-2017,3500,4273,,,info@givenseegroup.com,,,,,,88.37209302325581,confirmed
Ba: Bo:,3575,Wonder Apparels Ltd.,18-01-2018,2500,1511,,,naseem@wonderapparels.com,,,,,,100.0,confirmed
Ba: Bo:,3580,Asiatic Textile Mill (P:) Ltd.,25-04-2006,3500,6690,,,fairtextilemills@yahoo.com,,,,,,75.47169811320755,low
Ba: Bo:,3582,Kamal Textile Mills Ltd.,11-12-2021,6500,5184,,,info@farihagroup.com,,,,,,87.5,confirmed
Ba: Bo:,3581,Ahmed Fashions,16-01-2006,6500,764,,,tariq@ahmedfashions.com,,,,,,100.0,confirmed
Ba: Bo:,3584,Top Style Sweater Ltd.,08-01-2012,2500,4397,,,,,,,,,100.0,confirmed
Ba: Bo:,3585,Panna Fashion Ltd.,18-01-2006,3500,3048,,,sma.razzaque@renaissance.com.bd,,,,,,89.47368421052632,confirmed
Ba: Bo:,3587,Sweater Heaven Ltd.,23-02-2010,2500,3809,,,haseensweater@kayabagroup.com,,,,,,89.47368421052632,confirmed
Ba: Bo:,3586,Engineers Kniting Ware (P:) Ltd.,03-01-2012,2500,2797,,,alana@citechco.net,,,,,,65.57377049180329,low
Ba: Bo:,3588,R G R Sweater Ltd.,12-03-2018,3500,2488,,,rakib@assurancemonigroup.com,,,,,,88.23529411764706,confirmed
Ba: Bo:,3589,Moni Fashion Ltd.,15-01-2020,3500,4020,,,sakhawat@assurancemonigroup.com,,,,,,100.0,confirmed
Ba: Bo:,3590,Bombay Fabrics Ltd.,15-02-2011,6000,2524,,,ameenfa@gmail.com,,,,,,75.67567567567568,low
Ba: Bo:,3593,Sohel Textile Mills Ltd.,06-12-2008,3500,2329,,,tamalh@bdmail.net,,,,,,81.63265306122449,confirmed
Ba: Bo:,3594,Aparupa Garments Industries Ltd.,03-02-2009,2500,2692,,,shahmo35@gmail.com,,,,,,87.5,confirmed
Ba: Bo:,3602,Fashion Apparels Ltd.,15-02-2006,2500,1605,,,masoom.flash@agni.com,,,,,,90.0,confirmed
Ba: Bo:,3603,Concord Garments Ltd.,26-11-2022,2500,17,,,cgl@concorde.bangla.net,,,,,,97.67441860465115,confirmed
Ba: Bo:,3607,M M H New General Apparels Ltd.,14-02-2022,2500,4382,,,smhgroupbd@gmail.com,,,,,,76.19047619047619,low
Ba: Bo:,3608,S M H New Generation Apparels Ltd.,07-02-2023,2500,4382,,,smhgroupbd@gmail.com,,,,,,90.9090909090909,confirmed
Ba: Bo:,3609,Purna Fashion Ltd.,23-02-2023,2500/-,3956,,,arnab8120@gmail.com,,,,,,100.0,confirmed
Ba: Bo:,3610,RIDOM FASHION LTD.,12-04-2022,2500,6519,,,selim.hronefashions@gmail.com,,,,,,63.1578947368421,low
Ba: Bo:,3615,Kattali Textile Ltd.,21-04-2018,2500,3900,,,director@ktlbd.com,,,,,,100.0,confirmed
Ba: Bo:,3619,Mass Fashion Ltd.,19-03-2007,2500,740,,,massmoonbd@gmail.com,,,,,,100.0,confirmed
Ba: Bo:,3616,Kattali Textile Ltd.,14-04-2012,2500,3900,,,director@ktlbd.com,,,,,,100.0,confirmed
Ba: Bo:,3623,Tropical Sweater Ltd.,09-03-2006,2500,3731,,,raihan@oceansweater.com,,,,,,80.0,confirmed
Ba: Bo:,3624,Messures Fareast Dresses Ltd.,09-03-2006,2500,4009,,,afl-1@azmatgroup.com,,,,,,81.63265306122449,confirmed
Ba: Bo:,3625,Sin Sin Apparels Ltd.,26-12-2018,2500,4336,,,info.dir@shinshingroup.com,,,,,,95.45454545454545,confirmed
Ba: Bo:,3626,K. M Apparels Ltd.,17-02-2022,2500,1545,,,kbappl@agni.com,,,,,,88.88888888888889,confirmed
Ba: Bo:,3627,Messures Mesis Garments Ltd.,16-07-2018,2500,346,,,masalam@asianapparels.com,,,,,,76.59574468085107,low
Ba: Bo:,3630,Versetyle Fashions (P:) Ltd.,02-03-2011,2500,3921,,,pannu@versatilegroupbd.com,,,,,,87.71929824561404,confirmed
Ba: Bo:,3628,Z-3 Composit Knitware Ltd.,09-03-2010,2500,3429,,,afl-1@azmatgroup.com,,,,,,94.33962264150944,confirmed
Ba: Bo:,3629,Z-3 Composit Knitware Ltd.,09-03-2010,2500,3429,,,afl-1@azmatgroup.com,,,,,,94.33962264150944,confirmed
Ba: Bo:,3632,Messures Ali Fabrics & Dying,11-03-2006,3500,,,,,,,,,,0,none
Ba: Bo:,3635,Messures Ayman Textile &  Hosiery Ltd.,18-03-2018,6500,2009,,,athl@citechco.net,,,,,,86.15384615384616,confirmed
Ba: Bo:,3636,Vertex Fashion Ltd.,28-03-2019,2500,1186,,,moghani@vertexgroup-bd.com,,,,,,100.0,confirmed
Ba: Bo:,3639,Knit Fashion (P:) Ltd.,12-03-2006,2500,1438,,,kfl@remotectg.net,,,,,,91.30434782608697,confirmed
Ba: Bo:,3638,Shana Sweaters,12-03-2006,3500,3861,,,shanon@bdonline.com,,,,,,76.47058823529412,low
Ba: Bo:,3640,Panorama Apparels Ltd.,01-01-2018,2500,999,,,mmsohel@panoramabd.com,,,,,,100.0,confirmed
Ba: Bo:,3642,R & J Sweaters,12-03-2006,2500,6423,,,moshiur@jm-exportltd.com,,,,,,75.0,low
Ba: Bo:,3643,Alliance Garments Ltd.,25-01-2017,2500,890,,,chairman@alliancegroupbd.com,,,,,,100.0,confirmed
Ba: Bo:,3644,Anupom Sweater Ltd.,23-02-2019,3500,4692,,,amersalim@knitasia.com,,,,,,86.48648648648648,confirmed
Ba: Bo:,3646,Universe Kniting Garments Ltd.,25-03-2009,3500,5239,,,,,,,,,82.14285714285714,confirmed
Ba: Bo:,3645,Universe Kniting Garments Ltd.,19-03-2020,3500,5239,,,,,,,,,82.14285714285714,confirmed
Ba: Bo:,3647,Anupom Sweater Ltd.,20-02-2019,3500,4692,,,amersalim@knitasia.com,,,,,,86.48648648648648,confirmed
Ba: Bo:,3648,Universe Kniting Garments Ltd.,25-03-2009,3500,5239,,,,,,,,,82.14285714285714,confirmed
Ba: Bo:,3649,Universe Kniting Garments Ltd.,19-03-2020,3500,5239,,,,,,,,,82.14285714285714,confirmed
Ba: Bo:,3650,M/s Dewan Textile Mills,19-04-2022,5000,6508,,,dtml@dbg.com.bd,,,,,,73.07692307692308,low
Ba: Bo:,3653,Flamingo Fashions Ltd.,21-02-2023,2500,3702,,,jabbar@dbl-group.com,,,,,,100.0,confirmed
Ba: Bo:,3651,Masihata Sweaters Ltd.,10-04-2012,3500,3753,,,info@masihata.com,,,,,,100.0,confirmed
Ba: Bo:,3652,Flamingo Fashions Ltd.,21-02-2023,2500,3702,,,jabbar@dbl-group.com,,,,,,100.0,confirmed
Ba: Bo:,3654,Poll Star Sweater Ltd.,19-03-2006,3500,5410,,,,,,,,,78.26086956521739,low
Ba: Bo:,3655,Mazumdar Knitwear,20-07-2021,2500,2625,,,sarknl@bangla.net,,,,,,68.57142857142857,low
Ba: Bo:,3656,S Tex Garments Ltd.,06-10-2017,2500,203,,,opex@bdmail.net,,,,,,86.48648648648648,confirmed
Ba: Bo:,3658,Oshan Fashions Ltd.,17-01-2017,2500,1269,,,anayet@intramex-bd.com,,,,,,89.47368421052632,confirmed
Ba: Bo:,3659,Jex Textile (Pvt.) Ltd.,30-11-2018,3500,2447,,,,,,,,,89.36170212765957,confirmed
Ba: Bo:,3660,Euro Knitting & Dyeing Industries Ltd.,09-03-2008,6500,1944,,,mazharul@fareastknit.com,,,,,,78.37837837837837,low
Ba: Bo:,3663,Fareast Kniting & Dying Ind: Ltd.,05-03-2009,2500,1944,,,mazharul@fareastknit.com,,,,,,81.15942028985508,confirmed
Ba: Bo:,3666,"A, G Textile Mills Ltd.",01-04-2022,5000,5475,,,,,,,,,85.71428571428572,confirmed
Ba: Bo:,3669,CIVIC Apparels Ltd.,18-03-2022,2500,6607,,,mesbah@ritzygroupbd.com,,,,,,86.48648648648648,confirmed
Ba: Bo:,3668,Time Sweaters Ltd.,25-02-2019,3500,5980,,,azhar@targetgroupbd.com,,,,,,100.0,confirmed
Ba: Bo:,3670,Mokin Textile,15-02-2022,3500,5936,,,,,,,,,69.23076923076923,low
Ba: Bo:,3671,Ring Sahin Textiles Ltd.,08-10-2022,7000,5698,,,info@ragadi.net,,,,,,79.06976744186046,low
Ba: Bo:,3672,Ring Shine Textiles Ltd.,15-10-2022,6000,2396,,,pinery@spctnet.com,,,,,,74.4186046511628,low
Ba: Bo:,3675,Modern Image Sweater (P:) Ltd.,19-04-2010,2500,6238,,,hemalsweaterg@gmail.com,,,,,,70.37037037037037,low
Ba: Bo:,3674,Roya Knitware Ltd.,22-07-2017,2500,6421,,,rafiknitwearltd@gmail.com,,,,,,83.33333333333334,confirmed
Ba: Bo:,3677,Fashrob Garments Ltd.,14-03-2012,2500,547,,,impress@bangla.net,,,,,,97.67441860465115,confirmed
Ba: Bo:,3680,Fashion Net Work Ltd.,28-06-2016,2500,1520,,,jewel@belafashions.com,,,,,,92.6829268292683,confirmed
Ba: Bo:,3681,Friend Dying & Finishing Ind:,16-04-2009,5000,5915,,,navyhosiery@gmail.com,,,,,,66.66666666666667,low
Ba: Bo:,3683,CIVIC Apparels Ltd.,11-04-2023,2500,6607,,,mesbah@ritzygroupbd.com,,,,,,86.48648648648648,confirmed
Ba: Bo:,3687,Nasrin Garments Ltd.,09-04-2006,2500,1695,,,azim@shinestgroup.com,,,,,,100.0,confirmed
Ba: Bo:,3686,Nasrin Garments Ltd.,09-04-2006,2500,1695,,,azim@shinestgroup.com,,,,,,100.0,confirmed
Ba: Bo:,3688,A G Dresses Ltd.,11-04-2022,2500,3125,,,lasker@spnetctg.com,,,,,,87.5,confirmed
Ba: Bo:,3689,Padma Polycotton Knit Fabrics Ltd.,15-04-2018,2500,2413,,,admin@padmapolycotton.net,,,,,,100.0,confirmed
Ba: Bo:,3691,Nasha Taipe Textile Mills,01-06-2016,6000,6543,,,mujib@smartjeansctg.com,,,,,,64.51612903225806,low
Ba: Bo:,3693,Dorin Fashions Ltd.,10-04-2015,2500,5038,,,,,,,,,89.47368421052632,confirmed
Ba: Bo:,3696,Fashion House (Southern) Ltd.,10-04-2017,2500,749,,,naimul.chowdhury@renaissance.com.bd,,,,,,100.0,confirmed
Ba: Bo:,3699,Dhaka Kniting Ltd.,14-05-2022,2500,768,,,,,,,,,97.2972972972973,confirmed
Ba: Bo:,3700,The-Silver Garments (BD) Ltd.,28-04-2009,2500,5804,,,,,,,,,78.57142857142857,low
Ba: Bo:,3701,Fariha Fashion Ltd.,16-03-2011,5500,2252,,,,,,,,,88.88888888888889,confirmed
Ba: Bo:,3702,Chittagong Fashion Ware Ltd.,27-04-2017,2500,2243,,,bhuiyan_anis@yahoo.com,,,,,,96.42857142857143,confirmed
Ba: Bo:,3703,Chittagong Fashion Specialized Textiles Ltd.,22-04-2022,2500/-,3075,,,afzal@chittagongfashion.com,,,,,,89.1566265060241,confirmed
Ba: Bo:,3705,Ratul Knit Ware Ltd.,05-03-2020,2500,3520,,,shiplu@ratulgroup.com,,,,,,92.6829268292683,confirmed
Ba: Bo:,3707,Canvas Garments (P:) Ltd.,12-04-2022,2500,3581,,,,,,,,,94.11764705882352,confirmed
Ba: Bo:,3709,T R Z Garments Ind: Ltd.,29-04-2016,2500,2982,,,haroon@trzgroup.com,,,,,,80.0,confirmed
Ba: Bo:,3711,Padma Fashions Ltd.,26-04-2018,2500,2472,,,zahid@sadaffashions.com,,,,,,89.47368421052632,confirmed
Ba: Bo:,3712,Thats It Fashions Ltd.,28-06-2015,2500,805,,,azad@hameemgroup.com,,,,,,97.77777777777777,confirmed
Ba: Bo:,3713,Thats It Knit Ltd.,28-06-2015,2500,3593,,,azad@hameemgroup.com,,,,,,97.2972972972973,confirmed
Ba: Bo:,3714,Ha-Mim Apparels Ltd.,08-01-2022,2500,6336,,,info@maksonsgroup.com.bd,,,,,,87.8048780487805,confirmed
Ba: Bo:,3715,Arif knit Spin Ltd.,09-05-2019,7000,5796,,,hasib1@aplusbd.com,,,,,,62.857142857142854,low
Ba: Bo:,3718,Angel Composit Kniting Ind: (P:) Ltd.,30-11--0001,6500,3425,,,eti@gmsbd.com,,,,,,72.46376811594203,low
Ba: Bo:,3719,Queen South Textile Mills Ltd.,24-04-2022,7000,3233,,,regent@spnetctg.com,,,,,,83.63636363636364,confirmed
Ba: Bo:,3723,Pacific Sweaters Ltd.,09-05-2017,2500,1423,,,pacific_fuji@btsnet.net,,,,,,100.0,confirmed
Ba: Bo:,3724,Bakul Apparels Ltd.,09-05-2008,2500,1028,,,lishahi@ragers.com,,,,,,100.0,confirmed
Ba: Bo:,3726,Sajid Washing & Dyeing Ltd.,05-02-2020,3500,6058,,,info@mmfcl.ad.com,,,,,,66.66666666666667,low
Ba: Bo:,3727,Bengal Sweater Fashion Ltd.,30-04-2006,3500,4061,,,latifjony@dhaka.net,,,,,,100.0,confirmed
Ba: Bo:,3728,Bengal Sweater Fashion Ltd.,27-02-2019,3500,4061,,,latifjony@dhaka.net,,,,,,100.0,confirmed
Ba: Bo:,3729,New M M Dying Finishing & Calendering Mills,09-05-2006,5000,2222,,,fatullah@bol-online.com,,,,,,69.87951807228916,low
Ba: Bo:,3730,Hindul Wally Textile Ltd.,11-05-2006,4500,5422,,,,,,,,,71.11111111111111,low
Ba: Bo:,3733,S H Fabrics Ltd.,17-05-2006,3500,5009,,,,,,,,,83.33333333333334,confirmed
Ba: Bo:,3734,Pollo Composit Knit Ind: Ltd.,03-05-2012,2500,6252,,,jalil@aji-group.com,,,,,,87.09677419354838,confirmed
Ba: Bo:,3735,Roni Dying & Finishing Mills (P:) Ltd.,29-05-2018,5500,2016,,,cotton@cottongroupbd.com.bd,,,,,,78.37837837837837,low
Ba: Bo:,3737,Arif knit Spin Ltd.,09-05-2019,7000,5796,,,hasib1@aplusbd.com,,,,,,62.857142857142854,low
Ba: Bo:,3741,Islam Garments Ltd.,18-05-2010,2500,186,,,atiq@islam-garments.com,,,,,,100.0,confirmed
Ba: Bo:,3742,Gouse Garments Ind: Ltd.,27-04-2006,2500,3637,,,hamidul.hoque01@gmail.com,,,,,,93.61702127659575,confirmed
Ba: Bo:,3740,Fair Apparels Ltd.,16-05-2022,6500,3061,,,quasem@global-bd.net,,,,,,100.0,confirmed
Ba: Bo:,3743,Intraco Sweaters Ltd.,19-05-2012,2500,3877,,,export@intramex-bd.com,,,,,,85.71428571428572,confirmed
Ba: Bo:,3747,Kedtex Garments Ltd.,06-04-2022,2500,4077,,,,,,,,,87.8048780487805,confirmed
Ba: Bo:,3748,Euta Apparels Ltd.,29-05-2015,2500,2926,,,mansoor@luckybd.com,,,,,,88.88888888888889,confirmed
Ba: Bo:,3751,May Fashion Ltd.,09-05-2009,2500,2628,,,macys@bijoy.net,,,,,,91.42857142857143,confirmed
Ba: Bo:,3753,Aman Knitings Ltd.,03-06-2006,2500,2978,,,amanknit@gnbd.net,,,,,,97.2972972972973,confirmed
Ba: Bo:,3752,Moon Lux Composit Knit Garments Ltd.,19-04-2020,2500,4095,,,moheuddin@moonluxbd.com,,,,,,88.88888888888889,confirmed
Ba: Bo:,3754,New Bismillah Dying & Printing,27-11-2017,3500,,,,,,,,,,0,none
Ba: Bo:,3756,Soyan Sweaters Ltd.,12-02-2018,2500,3566,,,swan@dhaka.net,,,,,,91.89189189189189,confirmed
Ba: Bo:,3757,Azim Mannan Garments,23-04-2017,3500,329,,,hrd@azimwovenctg.com,,,,,,81.63265306122449,confirmed
Ba: Bo:,3759,3 A Fashions Ltd.,06-06-2006,2500,5161,,,info@3afl.com,,,,,,96.96969696969697,confirmed
Ba: Bo:,3761,Asha Fashions Ltd.,29-05-2006,2500,4193,,,palmalexport@palmalgarments.com,,,,,,91.89189189189189,confirmed
Ba: Bo:,3760,Queen South Textile Mills Ltd.,26-05-2020,7000,3233,,,regent@spnetctg.com,,,,,,83.63636363636364,confirmed
Ba: Bo:,3764,Everbright Sweater Ltd.,08-06-2021,3500,4056,,,sheehab@everbright-group.net,,,,,,100.0,confirmed
Ba: Bo:,3763,Nur Textile & Processing,07-06-2008,4500,4266,,,pktlbd@gmail.com,,,,,,61.53846153846154,low
Ba: Bo:,3767,Cosmo Sweaters Ltd.,28-06-2009,2500,3738,,,cosmosweater@gmail.com,,,,,,100.0,confirmed
Ba: Bo:,3765,Sadatia Sweaters Ltd.,23-05-2022,2500,4086,,,ahrar@saadatiasweaters.com,,,,,,97.67441860465115,confirmed
Ba: Bo:,3766,Sadatia Sweaters Ltd.,23-05-2022,2500,4086,,,ahrar@saadatiasweaters.com,,,,,,97.67441860465115,confirmed
Ba: Bo:,3768,Iris Fashions Ltd.,11-06-2019,3500,3841,,,alam@irisgroupbd.com,,,,,,100.0,confirmed
Ba: Bo:,3771,Al Pine Knit Fabrics,18-05-2020,2500,6010,,,,,,,,,65.11627906976744,low
Ba: Bo:,3770,Hot Dress Ltd.,23-05-2022,3500,4013,,,mehedi@hotdressbd.com,,,,,,100.0,confirmed
Ba: Bo:,3772,Salma Dying & Printing Ind: (P:) Ltd.,25-06-2022,3500,1910,,,nrgroup@global-bd.net,,,,,,69.33333333333334,low
Ba: Bo:,3774,Arunima Apparels Ltd.,28-06-2021,2500,3190,,,babu@rising-group.com,,,,,,97.5609756097561,confirmed
Ba: Bo:,3775,Arunima Apparels Ltd.,09-06-2020,2500,3190,,,babu@rising-group.com,,,,,,97.5609756097561,confirmed
Ba: Bo:,3776,Arunima Apparels Ltd.,25-06-2017,2500,3190,,,babu@rising-group.com,,,,,,97.5609756097561,confirmed
Ba: Bo:,3777,Arunima Apparels Ltd.,08-06-2019,2500,3190,,,babu@rising-group.com,,,,,,97.5609756097561,confirmed
Ba: Bo:,3778,Arunima Apparels Ltd.,09-06-2020,2500,3190,,,babu@rising-group.com,,,,,,97.5609756097561,confirmed
Ba: Bo:,3779,Arunima Apparels Ltd.,19-06-2019,2500,3190,,,babu@rising-group.com,,,,,,97.5609756097561,confirmed
Ba: Bo:,3780,F N F Fashion,25-10-2011,2500,7187,,,s.nfashion201077@gmail.com,,,,,,78.26086956521739,low
Ba: Bo:,3781,Raizing Fashions Ltd.,19-06-2019,2500,2542,,,babu@rising-group.com,,,,,,92.6829268292683,confirmed
Ba: Bo:,3782,Sabang Fashions Ltd.,18-08-2019,2500,3499,,,babu@rising-group.com,,,,,,95.23809523809523,confirmed
Ba: Bo:,3786,K A Textile Mills Ltd.,14-06-2022,3500,3763,,,garment@kdsgroup.net,,,,,,90.9090909090909,confirmed
Ba: Bo:,3783,Rio Fashion Ware Ltd.,14-04-2022,2500,2537,,,,,,,,,90.47619047619048,confirmed
Ba: Bo:,3787,K S Apparels Hosiery Division,17-05-2008,2500,1591,,,litusikder@sikdergroup.com,,,,,,64.28571428571428,low
Ba: Bo:,3789,Sharot Fashion Ware Ltd.,08-04-2019,2500,269,,,r.a.khan@shaarat-jupiter.com,,,,,,89.79591836734694,confirmed
Ba: Bo:,3788,The-Fashion Thailand Ltd.,10-03-2022,2500,2247,,,faruk@shaningroup.net,,,,,,65.0,low
Ba: Bo:,3790,Total Box Knit Ltd.,23-08-2017,2500,5886,,,ahmed.ovie@gmail.com,,,,,,73.17073170731707,low
Ba: Bo:,3793,Five & Five Dying & Printing Works Ltd.,08-06-2011,4500,5915,,,navyhosiery@gmail.com,,,,,,65.78947368421053,low
Ba: Bo:,3792,Roni Knit Ware (P:) Ltd.,16-06-2022,6500,3697,,,,,,,,,77.27272727272727,low
Ba: Bo:,3791,Roddur Apparels Ltd.,09-05-2020,2500,6254,,,mostafa@ratoolapparels.com,,,,,,100.0,confirmed
Ba: Bo:,3794,E O S Textile Mills Ltd.,27-05-2022,4500,3763,,,garment@kdsgroup.net,,,,,,82.6086956521739,confirmed
Ba: Bo:,3797,Patoyari Textile Mills Ltd.,17-06-2022,4500/-,3985,,,info@sattartextile.com,,,,,,88.46153846153845,confirmed
Ba: Bo:,3801,Sikdar Classic Dying & Printing Ltd.,19-06-2012,6000,5171,,,info@sikdergroup.com,,,,,,67.5,low
Ba: Bo:,3799,A C S Textiles (BD) Ltd.,11-04-2022,6500,6080,,,info@cnagroupbd.com,,,,,,83.72093023255813,confirmed
Ba: Bo:,3802,K C Apparels Ltd.,19-06-2022,7000,5791,,,t-ino@gavans.com,,,,,,90.9090909090909,confirmed
Ba: Bo:,3804,M G Knit Clare Ltd.,20-06-2022,3500,4099,,,info@mohammadigroup.com,,,,,,81.08108108108108,confirmed
Ba: Bo:,3803,Sim Fabrics Ltd.,17-06-2018,3500,5236,,,,,,,,,88.23529411764706,confirmed
Ba: Bo:,3805,Sizonce Sweaters Ltd.,16-04-2009,3500,3861,,,shanon@bdonline.com,,,,,,82.92682926829268,confirmed
Ba: Bo:,3806,Sizonce Sweaters Ltd.,16-04-2009,3500,3861,,,shanon@bdonline.com,,,,,,82.92682926829268,confirmed
Ba: Bo:,3807,Tunic Fashion Ltd.,02-05-2018,2500,4063,,,sajed@ananta.com.bd,,,,,,97.2972972972973,confirmed
Ba: Bo:,3808,Good Sweater Ind: Ltd.,20-06-2006,2500,5883,,,,,,,,,78.04878048780488,low
Ba: Bo:,3809,M G Knit Ltd.,09-06-2020,3500,4820,,,,,,,,,81.4814814814815,confirmed
Ba: Bo:,3811,Huka Apparels Ltd.,14-06-2015,2500,4215,,,hanapparels@gmail.com,,,,,,91.42857142857143,confirmed
Ba: Bo:,3810,Teunique Fashion Ltd.,02-05-2018,2500,4063,,,sajed@ananta.com.bd,,,,,,85.0,confirmed
Ba: Bo:,3812,Tung Hai Knitting & Dyeing Ltd.,06-06-2018,6500,4606,,,mahbub@tunghaigroup.com,,,,,,100.0,confirmed
Ba: Bo:,3814,R B Knit Ware,17-07-2018,2500,909,,,,,,,,,64.51612903225806,low
Ba: Bo:,3815,Knit World Ltd.,18-02-2021,2500,5906,,,,,,,,,100.0,confirmed
Ba: Bo:,3816,Rajdhani Dying & Finishing Mills,13-06-2006,4500,2016,,,cotton@cottongroupbd.com.bd,,,,,,67.64705882352942,low
Ba: Bo:,3818,Debeg Garments Ltd.,02-06-2012,2500,568,,,tahzeeb@doreen.com.bd,,,,,,87.17948717948718,confirmed
Ba: Bo:,3817,Fahyaj Apparels Ltd.,09-06-2022,2500,836,,,,,,,,,92.3076923076923,confirmed
Ba: Bo:,3819,Sun Sweaters Ltd.,31-03-2007,2500,5654,,,sanju3e@gmail.com,,,,,,91.42857142857143,confirmed
Ba: Bo:,3820,Sun Sweaters Ltd.,08-03-2012,2500,5654,,,sanju3e@gmail.com,,,,,,91.42857142857143,confirmed
Ba: Bo:,3822,Hanif Garments Ltd.,08-06-2013,2500,1887,,,info@group-qa.com,,,,,,89.47368421052632,confirmed
Ba: Bo:,3821,Bright Textile Industries (P:) Ltd.,15-06-2010,4500,6015,,,info@sonnettex.com,,,,,,70.76923076923076,low
Ba: Bo:,3823,Hightech Fashions Ltd.,18-05-2017,2500,1146,,,chairman@cliftongroup.com,,,,,,88.37209302325581,confirmed
Ba: Bo:,3824,Hightech Fashions Ltd.,22-06-2012,2500,1146,,,chairman@cliftongroup.com,,,,,,88.37209302325581,confirmed
Ba: Bo:,3827,Ahsan Garments Ltd.,21-06-2022,3500,521,,,shahid@ehsan-moonlight.com,,,,,,94.73684210526316,confirmed
Ba: Bo:,3829,Merina Apparels Ltd.,13-05-2022,2500,3601,,,palmalexport@palmalgarments.com,,,,,,95.0,confirmed
Ba: Bo:,3835,C B Apparels Ltd.,24-06-2015,2500,5791,,,t-ino@gavans.com,,,,,,90.9090909090909,confirmed
Ba: Bo:,3836,Basundhara Garments Ltd.,10-10-2022,2500,32,,,cargo@bol-online.com,,,,,,100.0,confirmed
Ba: Bo:,3838,KDS Textile Mills Ltd,16-06-2022,7000/-,3763,,,garment@kdsgroup.net,,,,,,97.67441860465115,confirmed
Ba: Bo:,3840,Antim Knit Composite Ltd,22-07-2022,6000,6906,,,rzsalim@gmail.com,,,,,,85.71428571428572,confirmed
Ba: Bo:,3841,Abani Fashions Ltd.,15-05-2019,2500,3011,,,babylon@babylon-bd.com,,,,,,94.73684210526316,confirmed
Ba: Bo:,3845,Sikotex Dying & Printing Ltd.,16-07-2018,7000,4761,,,ndslfeni@gmail.com,,,,,,70.17543859649122,low
Ba: Bo:,3846,The-Rose Garments Designer Ltd.,27-06-2018,2500,2987,,,sami@rosegroupbd.com,,,,,,87.09677419354838,confirmed
Ba: Bo:,3848,Purnima Dying & Printing Ltd.,18-07-2017,3500,1910,,,nrgroup@global-bd.net,,,,,,65.67164179104478,low
Ba: Bo:,3847,Columbia Apparels Ltd.,19-07-2018,2500,3465,,,salahuddin_ahmed@mj-group.com,,,,,,100.0,confirmed
Ba: Bo:,3850,Jahangir Textile & Sizing Mills,20-06-2008,3500,4143,,,gopesh@apexholdings.com,,,,,,63.49206349206349,low
Ba: Bo:,3853,Euta Fashions Ltd.,26-05-2022,3500,2874,,,noor.md@etonfashions.com,,,,,,88.88888888888889,confirmed
Ba: Bo:,3852,MITALY FASHIONS LTD.,10-07-2009,2500,6519,,,selim.hronefashions@gmail.com,,,,,,65.0,low
Ba: Bo:,3856,Danga Sweater Ind: (Pvt.) Ltd.,15-07-2020,3500,4101,,,sales@danasweater.com,,,,,,79.24528301886792,low
Ba: Bo:,3859,Joy Fashion Bangladesh Ltd.,24-07-2012,2500,2931,,,,,,,,,100.0,confirmed
Ba: Bo:,3861,Tua-Ha Textiles Ltd,24-07-2022,6000,5320,,,totaltextile.bd@gmail.com,,,,,,75.67567567567568,low
Ba: Bo:,3860,Kihonce Apparels Ltd.,11-07-2020,7000,5755,,,mz_the@yahoo.com,,,,,,85.71428571428572,confirmed
Ba: Bo:,3862,To Ha Textiles Ltd.,24-07-2022,6000,1412,,,mannan915@hotgmail.com,,,,,,81.08108108108108,confirmed
Ba: Bo:,3863,Aba Fashions Ltd.,25-10-2017,2500,4886,,,,,,,,,94.44444444444444,confirmed
Ba: Bo:,3865,Jaber & Jobayer Fabrics Ltd.,03-07-2017,7000,4019,,,asean@globalctg.net,,,,,,66.66666666666667,low
Ba: Bo:,3866,Mark Sweater Ltd.,06-07-2015,2500,3524,,,commercial@mondol.net,,,,,,100.0,confirmed
Ba: Bo:,3869,Esquire Knit Composite Ltd.,25-07-2021,6500,3283,,,esquire@bangla.net,,,,,,100.0,confirmed
Ba: Bo:,3870,Squire Knit Composit Ltd.,17-07-2022,6000,5004,,,younus@anontexgroup.com,,,,,,86.27450980392157,confirmed
Ba: Bo:,3871,Pandora Sweaters Ltd.,22-07-2022,4500,4065,,,saiful.alam@renaissance.com.bd,,,,,,100.0,confirmed
Ba: Bo:,3873,ATS Apparels Ltd.,21-10-2022,3500,2930,,,ali@aps-group.org,,,,,,94.11764705882352,confirmed
Ba: Bo:,3876,Sensible Fashion (Pvt.) Ltd.,29-01-2019,2500,5656,,,sensiblebd@gmail.com,,,,,,90.9090909090909,confirmed
Ba: Bo:,3877,Sun Seeds Apparels Ltd.,09-06-2019,2500,3009,,,asif@smeebd.com,,,,,,82.92682926829268,confirmed
Ba: Bo:,3882,Holy Garments & Excessories Ltd.,12-06-2012,3500,602,,,m.a.masud@hotmail.com,,,,,,76.36363636363637,low
Ba: Bo:,3883,Balaka Boil Textile Ltd.,16-07-2006,,2122,,,azizul@jerkin-group.com,,,,,,74.4186046511628,low
Ba: Bo:,3887,Sanchita Textile (Pvt.) Ltd.,24-08-2022,3500,3992,,,ritatexf@dhaka.net,,,,,,86.27450980392157,confirmed
Ba: Bo:,3894,Sinha Kniting Ltd.,02-08-2006,2500,3250,,,opex@bdmail.net,,,,,,97.2972972972973,confirmed
Ba: Bo:,3895,Arefin Textile Mills Ltd.,20-07-2006,5500,2154,,,arefin@arefingroupbd.com,,,,,,100.0,confirmed
Ba: Bo:,3899,Rahman knitware Ltd.,20-12-2010,2500,3776,,,qtex@globalctg.net,,,,,,66.66666666666667,low
Ba: Bo:,3901,Frank Garments (Pvt.) Ltd.,25-07-2018,2500,379,,,nasir2054@gmail.com,,,,,,100.0,confirmed
Ba: Bo:,3904,Ruposhi Fabrics Complex (Pvt.) Ltd.,27-08-2022,6500,2221,,,kamal.haider@rupashigroup.com,,,,,,95.65217391304348,confirmed
Ba: Bo:,3905,Ruposhi Fabrics Complex (Pvt.) Ltd.,06-08-2006,5000,2221,,,kamal.haider@rupashigroup.com,,,,,,95.65217391304348,confirmed
Ba: Bo:,3908,United Fashion Trowsers Ltd.,23-08-2017,4500,2478,,,tanvir@eastwestindpark.com,,,,,,96.42857142857143,confirmed
Ba: Bo:,3911,Mond Apparels Ltd.,27-07-2016,2500,3595,,,zakir@nistyles.com,,,,,,97.2972972972973,confirmed
Ba: Bo:,3912,"A, K, H Fashions Ltd.",29-03-2018,2500,3236,,,anwar@ajintl.com,,,,,,84.21052631578947,confirmed
Ba: Bo:,3920,M/S Unimash Sportswear Ltd.,11-02-2021,2500,5371,,,shah@mainland-bd.com,,,,,,89.79591836734694,confirmed
Ba: Bo:,3919,Excess Apparels Ltd.,28-06-2009,2500,323,,,belal@shirtmakersltd.com,,,,,,92.3076923076923,confirmed
Ba: Bo:,3923,Dorin Fashions Ltd.,25-07-2015,2500,5038,,,,,,,,,89.47368421052632,confirmed
Ba: Bo:,3924,Dorin Garments Ltd.,23-06-2017,2500,568,,,tahzeeb@doreen.com.bd,,,,,,92.3076923076923,confirmed
Ba: Bo:,3926,Rupnagar dying & printing,12-09-2022,4500,,,,,,,,,,0,none
Ba: Bo:,3927,Angel Fashion,03-08-2011,2500,1275,,,kalinewaz@gmail.com,,,,,,100.0,confirmed
Ba: Bo:,3929,T J Fashion Ltd.,14-08-2006,2500,5128,,,shafiq@tmdbd.com,,,,,,87.5,confirmed
Ba: Bo:,3928,Ananta Garments Ltd.,22-05-2019,3500,4148,,,inam@ananta.com.bd,,,,,,100.0,confirmed
Ba: Bo:,3931,High Poyed Fashions Ltd.,05-08-2011,2500,6230,,,sushanta@figofashionsltd.com,,,,,,76.19047619047619,low
Ba: Bo:,3932,Unique Washing & Dying Ltd.,10-08-2022,5500,6833,,,info@mosharafgroup.com,,,,,,63.888888888888886,low
Ba: Bo:,3934,Arrow Fashion (Pvt.) Ltd.,17-08-2006,2500,4523,,,commercial@arrow-group.net,,,,,,84.0,confirmed
Ba: Bo:,3935,Niox Garments Ltd.,02-08-2009,2500,77,,,naimgmts@yahoo.com,,,,,,88.88888888888889,confirmed
Ba: Bo:,3936,H R Processing & Finishing,24-08-2006,2500,,,,,,,,,,0,none
Ba: Bo:,3937,Shahjalal Knit Fashions Ltd.,26-08-2009,2500,6418,,,enamul@wintergroupbd.com,,,,,,83.01886792452831,confirmed
Ba: Bo:,3938,Rasel Garments,27-08-2015,2500,421,,,aumollah@osmangroupbd.com,,,,,,89.65517241379311,confirmed
Ba: Bo:,3940,Comfort Apparels (Pvt.) Ltd.,05-05-2009,2500,1790,,,info@comfortgroup-bd.com,,,,,,100.0,confirmed
Ba: Bo:,3942,Joni Textile Mills Ltd.,26-10-2022,6000,6690,,,fairtextilemills@yahoo.com,,,,,,86.95652173913044,confirmed
Ba: Bo:,3944,Classic Fashion Concept Ltd.,18-10-2010,2500,3324,,,azim@classicbd.com,,,,,,100.0,confirmed
Ba: Bo:,3948,Abir Fashions,08-04-2022,7000,3837,,,tariq@ahmedfashions.com,,,,,,100.0,confirmed
Ba: Bo:,3951,Belkuti Knitng & Dying Ltd.,03-08-2022,6500,3890,,,info@akhfashions.com,,,,,,75.47169811320755,low
Ba: Bo:,3953,Base Textile Ltd.,12-04-2022,2500,2621,,,shibli@basetextile.com,,,,,,100.0,confirmed
Ba: Bo:,3952,Fashion Makers Ltd.,11-04-2022,2500,1456,,,info@fashionmakers.net,,,,,,100.0,confirmed
Ba: Bo:,3954,Design & Fashion Ltd.,29-11-2017,2500,1496,,,design.excom@gmail.com,,,,,,100.0,confirmed
Ba: Bo:,3955,Monir Sikdar Textile & Sizing Mills Ltd.,29-08-2006,4500,708,,,monotex@bdmail.net,,,,,,71.64179104477613,low
Ba: Bo:,3956,A R Sizing & Textile Mills,20-07-2009,3500,4143,,,gopesh@apexholdings.com,,,,,,68.96551724137932,low
Ba: Bo:,3962,Rita Textile (P:) Ltd.,25-08-2014,2500,3992,,,ritatexf@dhaka.net,,,,,,93.33333333333333,confirmed
Ba: Bo:,3964,Fashion Concern Ltd.,17-08-2012,-,3748,,,kaziabubaker@gmail.com,,,,,,87.17948717948718,confirmed
Ba: Bo:,3968,Lope Knitware Ltd.,19-09-2013,6500,3292,,,sharif.hasan0721@mfgbd.net,,,,,,76.92307692307692,low
Ba: Bo:,3969,Evence Textiles Ltd.,27-09-2022,3500,6518,,,jamil@fourhgroup.com,,,,,,87.8048780487805,confirmed
Ba: Bo:,3971,Manta Apparels Ltd.,28-08-2022,4500,3838,,,murshedy@envoy-group.com,,,,,,100.0,confirmed
Ba: Bo:,3973,Knit Asia Ltd. (Unit-2),27-09-2018,2500,6677,,,info@knitasia.com,,,,,,100.0,confirmed
Ba: Bo:,3974,Knit Asia Ltd. (Unit-2),24-03-2018,2500,6677,,,info@knitasia.com,,,,,,100.0,confirmed
Ba: Bo:,3976,Rabi Sweaters Ltd.,28-09-2011,2500,6593,,,apurba@zaraqsourcing.com,,,,,,88.88888888888889,confirmed
Ba: Bo:,3977,Moon Lux Composit Knit Garments Ltd.,27-05-2018,2500,4095,,,moheuddin@moonluxbd.com,,,,,,88.88888888888889,confirmed
Ba: Bo:,3978,The Rose Dresses Ltd.,08-04-2018,2500,4241,,,atiq@islam-garments.com,,,,,,100.0,confirmed
Ba: Bo:,3979,Aleya Sweater Ltd.,20-02-2009,3500,4529,,,aleaya_ltd2005@yahoo.com,,,,,,97.2972972972973,confirmed
Ba: Bo:,3983,T-Mark Computerized Sweater Ltd.,27-09-2011,6500,4047,,,wingroup@wingroupbd.com,,,,,,93.75,confirmed
Ba: Bo:,3982,Antim Kniting Dying & Finishing Ltd.,13-09-2021,6500,2837,,,antimknitting@yahoo.com,,,,,,95.89041095890411,confirmed
Ba: Bo:,3981,Martin Knitware Ltd.,18-09-2006,3500,3636,,,martin@dhaka.net,,,,,,87.8048780487805,confirmed
Ba: Bo:,3985,Dewan Textile Mills Ltd.,27-09-2008,6000,3763,,,garment@kdsgroup.net,,,,,,86.95652173913044,confirmed
Ba: Bo:,3987,K C A Fashion Ware Ltd.,03-09-2022,6500,6692,,,zaman@anrfashion.com,,,,,,81.81818181818181,confirmed
Ba: Bo:,3988,Malibagh Washing Plant,08-08-2011,3500,7012,,,mizanmahid7@gmail.com,,,,,,82.92682926829268,confirmed
Ba: Bo:,3986,Mazumdar Textile Mills,17-09-2006,2500,5184,,,info@farihagroup.com,,,,,,73.91304347826086,low
Ba: Bo:,3990,Fa Apparels Ltd.,23-09-2010,2500,3061,,,quasem@global-bd.net,,,,,,94.11764705882352,confirmed
Ba: Bo:,3991,Sweater Cottage Ltd.,06-09-2017,2500,4205,,,premananda@sweatercottagebd.com,,,,,,100.0,confirmed
Ba: Bo:,3992,Sweater Cottage Ltd.,12-09-2007,2500,4205,,,premananda@sweatercottagebd.com,,,,,,100.0,confirmed
Ba: Bo:,3993,Chittagong Knitwares (P.) Ltd.,05-06-2018,3500,2272,,,rickylee@ckl1996.com,,,,,,93.5483870967742,confirmed
Ba: Bo:,3998,Sun Moon Calendering & Finishing Mills,07-09-2011,3500,2016,,,cotton@cottongroupbd.com.bd,,,,,,64.86486486486487,low
Ba: Bo:,4003,Master Yearn Textile Mills,01-10-2006,3500,6772,,,yeakingtextileindustries@gmail.com,,,,,,70.58823529411764,low
Ba: Bo:,4006,Jemini Fashions (Pvt.) Ltd.,04-10-2006,2500,4305,,,mdsalim@farzanagroup.com,,,,,,94.33962264150944,confirmed
Ba: Bo:,4009,Fija Fashions Apparels Ltd.,25-09-2006,2500,1206,,,akbar@fijagroup.com,,,,,,100.0,confirmed
Ba: Bo:,4008,Al-Madina Sizing & Textile,05-10-2007,4500,5936,,,,,,,,,61.53846153846154,low
Ba: Bo:,4012,Vangard Dresses Ltd.,24-10-2022,2500/-,4172,,,nafidnabi@gmail.com,,,,,,97.5609756097561,confirmed
Ba: Bo:,4011,Vangard Dresses Ltd.,24-10-2022,2500/-,4172,,,nafidnabi@gmail.com,,,,,,97.5609756097561,confirmed
Ba: Bo:,4014,Vangard Dresses Ltd.,24-10-2022,2500/-,4172,,,nafidnabi@gmail.com,,,,,,97.5609756097561,confirmed
Ba: Bo:,4013,Vangard Dresses Ltd.,24-10-2022,2500/-,4172,,,nafidnabi@gmail.com,,,,,,97.5609756097561,confirmed
Ba: Bo:,4015,Surichala Textile & Dying Mills Ltd.,29-10-2014,6000,3985,,,info@sattartextile.com,,,,,,72.1311475409836,low
Ba: Bo:,4016,Hot Dress Ltd.,08-11-2022,3500,4013,,,mehedi@hotdressbd.com,,,,,,100.0,confirmed
Ba: Bo:,4017,S R Textile,11-09-2006,4500,6606,,,akif@sansgroupbd.com,,,,,,71.42857142857143,low
Ba: Bo:,4021,S S Sweater Ltd.,28-10-2016,3500,3941,,,shopon@sssweater.com,,,,,,90.9090909090909,confirmed
Ba: Bo:,4024,Atoshi Fashion Ltd.,27-10-2021,2500,4122,,,atashifl@btcl.net.bd,,,,,,94.73684210526316,confirmed
Ba: Bo:,4023,Trast Sweater Ltd.,20-10-2010,3500,3793,,,rezaul@around-bd.com,,,,,,83.33333333333334,confirmed
Ba: Bo:,4025,Prime Garments Ltd.,15-09-2021,2500,144,,,commercial02@primejeansbd.com,,,,,,100.0,confirmed
Ba: Bo:,4026,Perfoses Knitware Ltd.,24-03-2016,2500,3404,,,peerage@dhaka.net,,,,,,79.06976744186046,low
Ba: Bo:,4027,New Wave Apparels Ltd.,12-10-2012,2500,1031,,,info@newwavebd.com,,,,,,97.67441860465115,confirmed
Ba: Bo:,4030,Dip Knitware Ltd.,13-02-2022,2500,4167,,,zahangir@dipknitwear.com,,,,,,81.08108108108108,confirmed
Ba: Bo:,4033,Amora Apparels Ltd.,16-04-2012,3500,1059,,,yasinali@valiantbd.com,,,,,,90.0,confirmed
Ba: Bo:,4034,Megpai Knitware Ltd.,30-10-2022,2500,6071,,,,,,,,,81.08108108108108,confirmed
Ba: Bo:,4036,Bonded Fashion Ltd.,24-10-2017,2500,4092,,,bonded@bdmail.net,,,,,,100.0,confirmed
Ba: Bo:,4035,Navid Knit Fabrics Ltd.,11-01-2020,2500,6010,,,,,,,,,100.0,confirmed
Ba: Bo:,4039,Hasan Textile,20-10-2011,3500,5936,,,,,,,,,76.92307692307692,low
Ba: Bo:,4038,Ananda Textile & Garments,24-10-2006,5500,511,,,bakersfa@bol.com,,,,,,75.0,low
Ba: Bo:,4040,Dolphin Composit Knitware Ltd.,25-10-2006,5000,6210,,,,,,,,,78.57142857142857,low
Ba: Bo:,4043,Magpai Net Wear Ltd.,30-10-2021,2500,1564,,,mosharraf_h@standard-group.com,,,,,,78.78787878787878,low
Ba: Bo:,4042,Nipa Fashion Ware Industries Ltd.,10-10-2022,2500,3203,,,khosru@nipagroup.net,,,,,,90.625,confirmed
Ba: Bo:,4044,Hotapara Garments Ltd.,21-11-2022,7000,4151,,,info@givenseegroup.com,,,,,,100.0,confirmed
Ba: Bo:,4047,Pakiza Knit Composite Ltd.,05-03-2019,3500,3808,,,info@pakizaknit.com,,,,,,100.0,confirmed
Ba: Bo:,4048,Dird Composite Textiles Limited.,27-12-2022,5000,4233,,,ndaulah@dirdgroup.org,,,,,,93.33333333333333,confirmed
Ba: Bo:,4055,Amber Rotor Spinning Mills Ltd.,02-12-2022,6500,3772,,,quddus@dragon-sweater.net,,,,,,75.47169811320755,low
Ba: Bo:,4056,Latif Kniting Mills Ltd.,05-10-2022,2500,5927,,,latifkm@latifkm.com,,,,,,97.95918367346938,confirmed
Ba: Bo:,4058,Contur Garments (P:) Ltd.,28-09-2006,2500,5718,,,csfctg@gmail.com,,,,,,79.16666666666666,low
Ba: Bo:,4059,Contur Garments (P:) Ltd.,28-09-2006,2500,5718,,,csfctg@gmail.com,,,,,,79.16666666666666,low
Ba: Bo:,4060,Contur Garments (P:) Ltd.,28-09-2006,2500,5718,,,csfctg@gmail.com,,,,,,79.16666666666666,low
Ba: Bo:,4061,Ambia Kniting & Dying Ltd.,15-07-2021,5500,3890,,,info@akhfashions.com,,,,,,84.61538461538461,confirmed
Ba: Bo:,4063,Unity Dying & Garments Ltd.,29-07-2008,6000,349,,,com@unigroupbd.com,,,,,,77.27272727272727,low
Ba: Bo:,4065,Subona Textile,28-11-2018,3500,5936,,,,,,,,,74.07407407407408,low
Ba: Bo:,4064,Prime Washing Plant,22-11-2021,3500,7012,,,mizanmahid7@gmail.com,,,,,,68.42105263157895,low
Ba: Bo:,4066,Paradise Washing Plant Ltd.,12-09-2022,6500,7012,,,mizanmahid7@gmail.com,,,,,,69.56521739130434,low
Ba: Bo:,4069,Shomser Apparels Ltd.,19-11-2016,2500,3022,,,benjir@shamshergroup.org,,,,,,93.02325581395348,confirmed
Ba: Bo:,4068,Radiance Fashion Ltd.,02-10-2009,2500,3120,,,info@radiancegroup-bd.com,,,,,,100.0,confirmed
Ba: Bo:,4071,Arnet Apparels Ltd.,25-11-2008,2500,3588,,,zaman@armanagroup.com,,,,,,87.17948717948718,confirmed
Ba: Bo:,4072,Arnet Apparels Ltd.,26-11-2008,2500,3588,,,zaman@armanagroup.com,,,,,,87.17948717948718,confirmed
Ba: Bo:,4075,Genesis Washing Ltd.,12-02-2021,2500,4220,,,fifltd@citechco.net,,,,,,75.67567567567568,low
Ba: Bo:,4074,"P, N, Knit Composit Ltd.",12-12-2022,7000,5157,,,tuhin.hrm@groupreedisha-bd.com,,,,,,83.33333333333334,confirmed
Ba: Bo:,4076,Islam Garments Ltd.,20-10-2011,2500,186,,,atiq@islam-garments.com,,,,,,100.0,confirmed
Ba: Bo:,4077,Mam Garments Ltd.,16-11-2014,2500,119,,,bgmea@misami.com,,,,,,91.89189189189189,confirmed
Ba: Bo:,4079,Basic Apparels Ltd.,25-06-2022,2500,721,,,rpirker@merchentex.com,,,,,,100.0,confirmed
Ba: Bo:,4078,Basic Apparels Ltd.,25-06-2022,2500,721,,,rpirker@merchentex.com,,,,,,100.0,confirmed
Ba: Bo:,4080,Highlan Sweater Ita: Ltd.,15-12-2009,3500,4187,,,cosmos@cosmosdiganta.com,,,,,,82.6086956521739,confirmed
Ba: Bo:,4081,Highlan Sweater Ita: Ltd.,15-12-2009,3500,4187,,,cosmos@cosmosdiganta.com,,,,,,82.6086956521739,confirmed
Ba: Bo:,4083,J M S Garments Ltd.,11-12-2016,"=2,500/-",606,,,mdsalim@farzanagroup.com,,,,,,88.88888888888889,confirmed
Ba: Bo:,4084,M H Dresses Ltd.,07-12-2010,5000,2799,,,faruk@shaningroup.net,,,,,,82.35294117647058,confirmed
Ba: Bo:,4086,Well Fabric,11-10-2022,4500/-,6932,,,immanwar@gmail.com,,,,,,60.86956521739131,low
Ba: Bo:,4092,Trade Wind Sweaters Ltd.,27-12-2011,3500,4145,,,rkarim_tws@hotmail.com,,,,,,100.0,confirmed
Ba: Bo:,4093,S F Apparels Ltd.,11-01-2022,2500,5781,,,,,,,,,90.9090909090909,confirmed
Ba: Bo:,4094,Global Outerwear Ltd.,25-09-2022,2500,2603,,,farhan.azim@azimgroup.com,,,,,,100.0,confirmed
Ba: Bo:,4096,Life Textile (P:) Ltd.,18-12-2006,3500,2447,,,,,,,,,91.30434782608697,confirmed
Ba: Bo:,4099,Radiance Knitware Ltd.,07-12-2010,2500,3385,,,md@texgengroup.com,,,,,,93.33333333333333,confirmed
Ba: Bo:,4100,Young A Textile Co. Ltd.,11-12-2006,6500,5090,,,rajiv.chowdhury@bsasia.net.bd,,,,,,80.0,confirmed
Ba: Bo:,4102,Intramex Fashion Ltd.,06-12-2020,5000,3256,,,anayet@intramex-bd.com,,,,,,97.67441860465115,confirmed
Ba: Bo:,4101,Mim  Tex Kniting Garments & Printing Ltd.,01-12-2010,5500,3835,,,info@sunman.net,,,,,,67.6056338028169,low
Ba: Bo:,4105,Trade Sweater Factory Ltd.,03-12-2020,2500,1376,,,tradecava@dhaka.net,,,,,,100.0,confirmed
Ba: Bo:,4104,Rajdut Dying & Printing Industries Ltd.,05-06-2009,3500,1910,,,nrgroup@global-bd.net,,,,,,75.32467532467533,low
Ba: Bo:,4107,M/s Hazipur Textile & Printing Works,14-12-2021,3500,4143,,,gopesh@apexholdings.com,,,,,,61.76470588235294,low
Ba: Bo:,4108,Dying & Printing Works,18-01-2011,6000,3422,,,union@hrcworks.com,,,,,,60.0,low
Ba: Bo:,4109,Anjali Textile Ltd.,26-11-2014,2500,3922,,,hoque@anlima.com,,,,,,89.47368421052632,confirmed
Ba: Bo:,4110,N N K Apparels Ltd.,18-05-2010,2500,5122,,,dipakdkapparels@live.com,,,,,,85.71428571428572,confirmed
Ba: Bo:,4114,Mohammadi Washing & Garments Factory,22-11-2012,3500,6472,,,amanul.hossain@hams.com.bd,,,,,,67.64705882352942,low
Ba: Bo:,4113,Moyajuddin Textile Ltd.,17-12-2022,2500,3424,,,muazuddin@worldnetbd.net,,,,,,88.88888888888889,confirmed
Ba: Bo:,4115,Simco Fashions Ltd.,12-12-2011,2500,1158,,,office@simcofashions.com,,,,,,100.0,confirmed
Ba: Bo:,4116,Day Apparels Ltd.,18-02-2016,2500,2145,,,anwar@daygroupbd.com,,,,,,100.0,confirmed
Ba: Bo:,4117,Kohinoor Knitware Ltd.,01-01-2007,3500,2562,,,reazweaz@gmail.com,,,,,,77.27272727272727,low
Ba: Bo:,4119,Queens Apparels Ltd.,10-01-2020,6500,935,,,mensal@bttb.net,,,,,,87.17948717948718,confirmed
Ba: Bo:,4120,Queens Apparels Ltd.,22-01-2018,3500,935,,,mensal@bttb.net,,,,,,87.17948717948718,confirmed
Ba: Bo:,4122,Surovi Garments Ltd.,29-01-2020,2500,250,,,babylon@babylon-bd.com,,,,,,87.8048780487805,confirmed
Ba: Bo:,4121,Hosen Fashions Ltd.,23-01-2017,2500,2742,,,sisters@bol-online.com,,,,,,87.17948717948718,confirmed
Ba: Bo:,4125,Ma Sokina Textiles Ltd.,11-01-2020,4500,6973,,,md.emran28@yahoo.com,,,,,,78.04878048780488,low
Ba: Bo:,4128,Dhaka Garment & WashinLtd.,25-06-2022,5000,6472,,,amanul.hossain@hams.com.bd,,,,,,75.86206896551724,low
Ba: Bo:,4127,Design Tex Fashions Ltd.,05-01-2010,2500,5340,,,rana@fashions-designs.com,,,,,,88.88888888888889,confirmed
Ba: Bo:,4129,Antu Knit Dying,04-01-2007,3500,6800,,,aaknitf@outlook.com,,,,,,60.0,low
Ba: Bo:,4131,Popular Dying & Printing,24-01-2012,4500,1429,,,jamunabd@bol-online.com,,,,,,60.37735849056604,low
Ba: Bo:,4130,Color Fair Garments Washing Plant,10-01-2011,4500,6472,,,amanul.hossain@hams.com.bd,,,,,,64.61538461538461,low
Ba: Bo:,4134,Nayagra Textile Mills Ltd.,04-12-2020,6500,3985,,,info@sattartextile.com,,,,,,86.27450980392157,confirmed
Ba: Bo:,4136,Komibental Apparels Ltd.,05-01-2015,2500,146,,,continental_apparels@yahoo.com,,,,,,85.71428571428572,confirmed
Ba: Bo:,4138,R R Apparels Ltd.,07-02-2016,2500,4171,,,merchandising@rrapparelsbd.com,,,,,,91.42857142857143,confirmed
Ba: Bo:,4142,Tangail Apparels Ltd.,18-01-2008,2500,1722,,,faruq_hossain@yahoo.com,,,,,,85.71428571428572,confirmed
Ba: Bo:,4144,Labour Hosiery & Garments,20-01-2011,2500,6561,,,babu@turagbd.net,,,,,,73.33333333333334,low
Ba: Bo:,4147,Super Fine Spenners & Kniters (P:) Ltd.,08-01-2012,3500,2861,,,tonyche@bsklbd.com,,,,,,72.5,low
Ba: Bo:,4146,Deep Textile Mills Ltd.,14-01-2023,5000,3763,,,garment@kdsgroup.net,,,,,,88.88888888888889,confirmed
Ba: Bo:,4148,Fancy Fashion Sweaters Ltd.,06-01-2023,3500,2594,,,shams@fancybd.com,,,,,,100.0,confirmed
Ba: Bo:,4149,Fancy Fashion Sweaters Ltd.,06-01-2023,3500,2594,,,shams@fancybd.com,,,,,,100.0,confirmed
Ba: Bo:,4150,Hanna Fashions Ltd.,06-01-2023,3500,3663,,,shams@fancybd.com,,,,,,97.43589743589743,confirmed
Ba: Bo:,4152,M N Sweaters Ltd.,07-03-2022,2500,1694,,,mazidtalukdar@yahoo.com,,,,,,100.0,confirmed
Ba: Bo:,4153,J K Fashions Ltd.,13-01-2023,2500,902,,,medlar@sinha-medlar.com,,,,,,91.42857142857143,confirmed
Ba: Bo:,4154,J K Fashions Ltd.,13-01-2023,2500,902,,,medlar@sinha-medlar.com,,,,,,91.42857142857143,confirmed
Ba: Bo:,4155,Spencer Apparels Ltd.,28-01-2020,2500,3009,,,asif@smeebd.com,,,,,,87.17948717948718,confirmed
Ba: Bo:,4156,Spencer Apparels Ltd.,28-01-2020,2500,3009,,,asif@smeebd.com,,,,,,87.17948717948718,confirmed
Ba: Bo:,4158,Spencer Apparels Ltd.,13-01-2016,2500,3009,,,asif@smeebd.com,,,,,,87.17948717948718,confirmed
Ba: Bo:,4161,M S Garments Ltd.,29-01-2007,3500,606,,,mdsalim@farzanagroup.com,,,,,,94.11764705882352,confirmed
Ba: Bo:,4162,Limex Washing Ltd.,10-01-2012,3500,4220,,,fifltd@citechco.net,,,,,,80.0,confirmed
Ba: Bo:,4163,Anoyara Knitng Ltd.,28-01-2011,2500,3810,,,qtex@globalctg.net,,,,,,75.67567567567568,low
Ba: Bo:,4167,Fancy Fashion Sweaters Ltd.,22-01-2009,6500,2594,,,shams@fancybd.com,,,,,,100.0,confirmed
Ba: Bo:,4172,Joni Textile Mills Ltd.,16-02-2022,4500,6690,,,fairtextilemills@yahoo.com,,,,,,86.95652173913044,confirmed
Ba: Bo:,4174,Sepal Garments Ltd.,03-02-2021,3500,632,,,tipumunshi25@gmail.com,,,,,,100.0,confirmed
Ba: Bo:,4175,Park Star Apparels Ltd.,07-03-2016,2500,3221,,,parkscen@bangla.net,,,,,,90.9090909090909,confirmed
Ba: Bo:,4176,Park Star Apparels Ltd.,07-01-2012,2500,3221,,,parkscen@bangla.net,,,,,,90.9090909090909,confirmed
Ba: Bo:,4178,Sirak Apparels Ltd.,14-01-2018,2500,5177,,,anis@fairtex-bd.com,,,,,,89.47368421052632,confirmed
Ba: Bo:,4179,Scantex Knitware Ltd.,21-06-2021,2500,4392,,,alamgir@santexknit.com,,,,,,90.47619047619048,confirmed
Ba: Bo:,4181,D S L Sweater Ltd.,21-02-2015,3500,4106,,,dslsweater@agnionline.com,,,,,,88.23529411764706,confirmed
Ba: Bo:,4184,Apparels Steech Ltd.,15-03-2022,2500,3009,,,asif@smeebd.com,,,,,,89.47368421052632,confirmed
Ba: Bo:,4185,Kushiara Composit Knit Ind: Ltd.,06-02-2023,6500,3052,,,kushiara@samadgroupbd.com,,,,,,93.93939393939394,confirmed
Ba: Bo:,4188,Fair Washing Ltd.,09-02-2019,5000,4220,,,fifltd@citechco.net,,,,,,100.0,confirmed
Ba: Bo:,4189,Unimach Sportswear Ltd.,13-04-2021,2500,5371,,,shah@mainland-bd.com,,,,,,93.33333333333333,confirmed
Ba: Bo:,4190,Bela Fashions Ltd.,16-04-2018,2500,2255,,,info@sunman.net,,,,,,91.89189189189189,confirmed
Ba: Bo:,4192,RAZ apparels,21-09-2019,6500,5645,,,zakir@azapparels.net,,,,,,86.95652173913044,confirmed
Ba: Bo:,4193,Sintex Finishing Mills Ltd.,26-02-2017,6500,2624,,,apexmail@apex-tg.net,,,,,,74.19354838709677,low
Ba: Bo:,4194,A B S Knitex Ltd.,07-02-2007,700,5595,,,sbknitex@gmail.com,,,,,,83.87096774193549,confirmed
Ba: Bo:,4196,Iv Dress Shirts Ltd.,15-02-2022,2500,3893,,,hrd@azimwovenctg.com,,,,,,91.89189189189189,confirmed
Ba: Bo:,4195,G B Garments Industries Ltd.,19-01-2022,2500,2692,,,shahmo35@gmail.com,,,,,,83.33333333333334,confirmed
Ba: Bo:,4199,A. K KNITWARE LTD.,09-01-2012,6500,,,,,,,,,,0,none
Ba: Bo:,4202,Ibrahim Composit Textile Ltd.,11-02-2018,6500,4233,,,ndaulah@dirdgroup.org,,,,,,80.70175438596492,confirmed
Ba: Bo:,4206,How Are You Textile Industries Ltd.,17-02-2023,7000,6015,,,info@sonnettex.com,,,,,,70.76923076923076,low
Ba: Bo:,4208,How Are You Textile Industries Ltd.,17-02-2023,7000,6015,,,info@sonnettex.com,,,,,,70.76923076923076,low
Ba: Bo:,4207,How Are You Textile Industries Ltd.,09-02-2011,5500,6015,,,info@sonnettex.com,,,,,,70.76923076923076,low
Ba: Bo:,4209,K T S Textile Ind: Ltd.,22-02-2007,,6980,,,salauddin.jakir@gmail.com,,,,,,81.81818181818181,confirmed
Ba: Bo:,4210,Nasrin Garments Ltd.,25-02-2007,2500,1695,,,azim@shinestgroup.com,,,,,,100.0,confirmed
Ba: Bo:,4211,Radiance Fashion Ltd.,25-10-2022,2500,3120,,,info@radiancegroup-bd.com,,,,,,100.0,confirmed
Ba: Bo:,4212,Monayem Sweater Complex Ltd.,26-02-2007,3500,3834,,,admin@mrgroupbd.com,,,,,,72.72727272727273,low
Ba: Bo:,4213,Solitayar Knitware Ltd.,26-02-2008,2500,5459,,,,,,,,,79.06976744186046,low
Ba: Bo:,4215,Toba Garments Ltd.,27-03-2017,2500,4508,,,,,,,,,94.44444444444444,confirmed
Ba: Bo:,4216,Harn Bill Apparels Ltd.,28-02-2011,2500,4215,,,hanapparels@gmail.com,,,,,,85.0,confirmed
Ba: Bo:,4214,Knit Plus Ltd.,25-02-2008,2500,5146,,,ishtiaque@knitplusltd.com,,,,,,83.87096774193549,confirmed
Ba: Bo:,4217,Amena Dying & Printing,09-02-2022,4500,3890,,,info@akhfashions.com,,,,,,62.5,low
Ba: Bo:,4222,Unitrade Fashion Ltd.,19-02-2020,2500,1359,,,info@unitradebd.com,,,,,,97.67441860465115,confirmed
Ba: Bo:,4223,Jharna Dying & Printing Ind: Ltd.,27-02-2021,2500,5915,,,navyhosiery@gmail.com,,,,,,71.42857142857143,low
Ba: Bo:,4225,Jobian Sweater Ltd.,21-02-2018,2500,3618,,,azimul@futuredesignbd.com,,,,,,94.73684210526316,confirmed
Ba: Bo:,4228,G S Textile Industries,19-02-2021,5500,6015,,,info@sonnettex.com,,,,,,76.92307692307692,low
Ba: Bo:,4227,Abed Textile  Processing Mills Ltd.,13-02-2022,5500,4143,,,gopesh@apexholdings.com,,,,,,81.81818181818181,confirmed
Ba: Bo:,4230,R K Knit Dyeing Mills Ltd.,15-01-2020,5500,6668,,,palmalexport@palmalgarments.com,,,,,,81.4814814814815,confirmed
Ba: Bo:,4229,Sumi Printing & Wiving Ind: (P:) Ltd.,15-03-2010,3500,,,,,,,,,,0,none
Ba: Bo:,4231,Sun Seeds Apparels Ltd.,24-03-2019,2500,3009,,,asif@smeebd.com,,,,,,82.92682926829268,confirmed
Ba: Bo:,4232,Tejgaon Textile Mills Ltd.,21-05-2015,2500,3603,,,rafique@tejgaontextile.com,,,,,,100.0,confirmed
Ba: Bo:,4234,Dhaka Washing Plant,08-03-2022,2500,7012,,,mizanmahid7@gmail.com,,,,,,78.94736842105263,low
Ba: Bo:,4233,Star Garments (P:) Ltd.,25-03-2020,2500,193,,,stargmts@bdmail.net,,,,,,91.66666666666666,confirmed
Ba: Bo:,4235,Dorin Garments Ltd.,03-03-2018,2500,568,,,tahzeeb@doreen.com.bd,,,,,,92.3076923076923,confirmed
Ba: Bo:,4237,Saint Garments Ltd.,10-03-2010,2500,509,,,mansoor@luckybd.com,,,,,,100.0,confirmed
Ba: Bo:,4240,Laundry Industries Ltd.,22-02-2023,5000,1681,,,moshiur@saturnbd.com,,,,,,80.0,confirmed
Ba: Bo:,4244,Ivtex Apparels Ltd.,13-03-2007,2500,4237,,,evince@evincebd.com,,,,,,92.3076923076923,confirmed
Ba: Bo:,4242,Sikotex Fabrics Ltd.,07-03-2007,6000,2484,,,mehdihasan@seacotexgroup.com,,,,,,87.8048780487805,confirmed
Ba: Bo:,4243,Topaz Dresses Ltd.,13-06-2022,2500,4375,,,Zhou.qing@beaume.cn,,,,,,100.0,confirmed
Ba: Bo:,4245,Pre Madina Textile Mills,11-03-2022,5000,3233,,,regent@spnetctg.com,,,,,,69.38775510204081,low
Ba: Bo:,4246,Kaveri Sweaters Ltd.,20-02-2017,2500,4264,,,piash@prettygroupbd.com,,,,,,100.0,confirmed
Ba: Bo:,4248,A J Super Garments Ltd.,26-03-2018,2500,4103,,,nassa@nassagroup.org,,,,,,89.36170212765957,confirmed
Ba: Bo:,4249,A J Super Garments Ltd.,26-03-2018,2500,4103,,,nassa@nassagroup.org,,,,,,89.36170212765957,confirmed
Ba: Bo:,4247,Digonto Sweaters Ltd.,17-03-2022,3500,4187,,,cosmos@cosmosdiganta.com,,,,,,90.47619047619048,confirmed
Ba: Bo:,4251,Aman Knitings Ltd.,01-02-2016,5500,2978,,,amanknit@gnbd.net,,,,,,97.2972972972973,confirmed
Ba: Bo:,4253,Diganta Sweaters Ltd.,17-03-2022,3500,4187,,,cosmos@cosmosdiganta.com,,,,,,100.0,confirmed
Ba: Bo:,4254,Chowdhury Sweaters (P:) Ltd.,14-03-2007,,3692,,,,,,,,,80.0,confirmed
Ba: Bo:,4256,R S Knitware (P:) Ltd.,21-03-2018,2500,3087,,,shahid@rupagroup.net,,,,,,78.26086956521739,low
Ba: Bo:,4255,Digonto Sweaters Ltd.,17-03-2022,3500,4187,,,cosmos@cosmosdiganta.com,,,,,,90.47619047619048,confirmed
Ba: Bo:,4257,Digonta Sweaters Ltd.,21-03-2019,3500,4187,,,cosmos@cosmosdiganta.com,,,,,,95.23809523809523,confirmed
Ba: Bo:,4259,Special Textile Mills,15-03-2009,3500,6543,,,mujib@smartjeansctg.com,,,,,,72.41379310344827,low
Ba: Bo:,4258,Five R Footwear Ltd.,21-06-2022,5000,7156,,,zia@zrsknitwearltd.com,,,,,,70.27027027027026,low
Ba: Bo:,4260,Y K Knitwares Ltd.,29-03-2018,2500,4181,,,info@akhfashions.com,,,,,,80.0,confirmed
Ba: Bo:,4262,Protik Apparels Ltd.,17-07-2021,2500,4202,,,sksaha@biznetvigator.com,,,,,,95.0,confirmed
Ba: Bo:,4261,Arnab Sweater Ltd.,20-03-2013,2500,3720,,,arnob@siriusbb.com,,,,,,91.89189189189189,confirmed
Ba: Bo:,4265,Ahmed Fashions (Unit-2),30-07-2018,2500,764,,,tariq@ahmedfashions.com,,,,,,75.67567567567568,low
Ba: Bo:,4266,High Poyed Composit Knit Ltd.,18-03-2018,2500,6676,,,haider_rasel@yahoo.com,,,,,,77.77777777777779,low
Ba: Bo:,4268,Nexus Sweaters Ind: (P:) Ltd.,07-03-2016,3500,2942,,,rashid@nexussweater.com,,,,,,77.96610169491525,low
Ba: Bo:,4270,Universe Kniting Garments Ltd.,24-04-2020,3500,5239,,,,,,,,,82.14285714285714,confirmed
Ba: Bo:,4271,Universe Kniting Garments Ltd.,24-04-2020,3500,5239,,,,,,,,,82.14285714285714,confirmed
Ba: Bo:,4275,Mascot Knits Ltd.,28-03-2022,2500,4184,,,khaiyam@mascotgroup.com,,,,,,100.0,confirmed
Ba: Bo:,4277,Uttara Kniting & Dying Ltd.,22-03-2018,7000,2797,,,alana@citechco.net,,,,,,82.14285714285714,confirmed
Ba: Bo:,4280,Intramex Knitware Ltd.,26-05-2021,6500,4210,,,anayet@intramex-bd.com,,,,,,95.45454545454545,confirmed
Ba: Bo:,4281,Knitex Dresses Ltd.,09-08-2017,2500,4505,,,commercial@mondol.net,,,,,,100.0,confirmed
Ba: Bo:,4286,Messures Mondol Fabrics Ltd.,14-03-2023,7000,4002,,,commercial@mondol.net,,,,,,80.85106382978724,confirmed
Ba: Bo:,4288,Titas Sweaters Ind: Ltd.,17-03-2018,3500,3691,,,alamgir50@titassweater.com,,,,,,91.66666666666666,confirmed
Ba: Bo:,4291,Shomser Rezia Fashions Ltd.,09-04-2018,2500,4287,,,ahmedbenjir@gmail.com,,,,,,94.54545454545455,confirmed
Ba: Bo:,4290,"G, M, S, Composit Kniting Ind: Ltd.",26-02-2023,6500,3425,,,eti@gmsbd.com,,,,,,80.59701492537313,confirmed
Ba: Bo:,4292,Rahmat Knit Dying & Finishing Ltd.,14-04-2018,6500,4725,,,mahtab@falcongroupbd.com,,,,,,77.77777777777779,low
Ba: Bo:,4294,Shomser Rezia Apparels Ltd.,14-03-2010,2500,2215,,,seashore@techno-bd.net,,,,,,84.0,confirmed
Ba: Bo:,4293,Faridpur Spinning Mills Ltd.,30-03-2017,2500,3772,,,quddus@dragon-sweater.net,,,,,,80.0,confirmed
Ba: Bo:,4297,Anjir Apparels Ltd.,21-04-2011,3500,3231,,,anzirterrytowels@gmail.com,,,,,,94.73684210526316,confirmed
Ba: Bo:,4296,Hollywood Garments (P:) Ltd.,30-05-2018,3500,942,,,mesbah_khan@windygroupbd.net,,,,,,93.10344827586206,confirmed
Ba: Bo:,4298,Continental Garments Ind: (P:) Ltd.,09-02-2023,3500,10,,,muneer@continental-bd.com,,,,,,79.01234567901234,low
Ba: Bo:,4303,Dhaka Textile Mills Ltd.,18-04-2022,3500,3763,,,garment@kdsgroup.net,,,,,,86.95652173913044,confirmed
Ba: Bo:,4302,Sara Fashion (P:) Ltd.,12-03-2008,2500,3930,,,tipunfl@dhaka.net,,,,,,82.6086956521739,confirmed
Ba: Bo:,4304,Farjana Dying & Printing,26-01-2022,5500,1429,,,jamunabd@bol-online.com,,,,,,64.15094339622642,low
Ba: Bo:,4305,Apparels Export Ltd.,29-06-2015,2500,1263,,,zainul@apparel-export.com,,,,,,97.43589743589743,confirmed
Ba: Bo:,4306,Miti Apparels Ltd.,17-05-2016,2500,5852,,,mintapparelbd@gmail.com,,,,,,91.42857142857143,confirmed
Ba: Bo:,4307,Miti Apparels Ltd.,17-05-2016,2500,5852,,,mintapparelbd@gmail.com,,,,,,91.42857142857143,confirmed
Ba: Bo:,4308,J S M Apparels Ltd.,04-05-2010,2500,6476,,,tmssapparelsltd27@gmail.com,,,,,,86.48648648648648,confirmed
Ba: Bo:,4309,Mim Sweaters Ltd.,26-07-2017,2500,3212,,,habibchowdhury@mimgroupbd.com,,,,,,100.0,confirmed
Ba: Bo:,4311,A G S Apparels Ltd.,31-05-2016,2500,6077,,,jalil@ab-group.co,,,,,,85.71428571428572,confirmed
Ba: Bo:,4310,A G S Apparels Ltd.,30-05-2016,2500,6077,,,jalil@ab-group.co,,,,,,85.71428571428572,confirmed
Ba: Bo:,4312,Hydroxid Knitware Ltd.,10-03-2018,2500,3927,,,ariful.kabir@syntexknitwear.com,,,,,,93.33333333333333,confirmed
Ba: Bo:,4314,Saiba Textile Mills (P:) Ltd.,15-04-2021,5500,3985,,,info@sattartextile.com,,,,,,81.4814814814815,confirmed
Ba: Bo:,4315,Mazumdar Garments Ltd.,29-07-2020,2500,155,,,sajjad@majumder.org,,,,,,90.9090909090909,confirmed
Ba: Bo:,4316,Ring Sine Textiles Ltd.,17-05-2016,7000,2396,,,pinery@spctnet.com,,,,,,76.19047619047619,low
Ba: Bo:,4318,Rigency Garments Ltd.,06-03-2023,6000/-,378,,,ajith.wijesinghe@regencybd.net,,,,,,95.23809523809523,confirmed
Ba: Bo:,4317,Fashion Forum Ltd.,24-03-2022,6500,3045,,,info@idsbd.com,,,,,,100.0,confirmed
Ba: Bo:,4319,R T T Textile Ind: (P:) Ltd.,24-04-2018,5500,5376,,,harunseamossrf@gmail.com,,,,,,73.46938775510203,low
Ba: Bo:,4320,Paramount Kniting Ltd.,01-05-2007,2500,3113,,,paramount@bdonline.com,,,,,,97.77777777777777,confirmed
Ba: Bo:,4321,Multi Dying & Fabrics (P:) Ltd.,25-05-2022,3500,4670,,,zaman@divinetextile.com,,,,,,64.0,low
Ba: Bo:,4322,Maros Apparels Ltd.,09-04-2012,,1890,,,mohsin@marsapparels.com,,,,,,97.2972972972973,confirmed
Ba: Bo:,4325,Millennium Textile (Southern),07-04-2020,3500,3502,,,naimul.chowdhury@renaissance.com.bd,,,,,,90.625,confirmed
Ba: Bo:,4326,Hosen Washing & Dying Factory,06-04-2022,3500,,,,,,,,,,0,none
Ba: Bo:,4331,Messures P M Knitex (P:) Ltd.,18-05-2022,6500,5899,,,,,,,,,64.28571428571428,low
Ba: Bo:,4333,Medlar Apparels Ltd.,16-05-2020,2500,4141,,,medlar@sinha-medlar.com,,,,,,100.0,confirmed
Ba: Bo:,4334,Medlar Apparels Ltd.,26-05-2020,2500,4141,,,medlar@sinha-medlar.com,,,,,,100.0,confirmed
Ba: Bo:,4336,Medlar Apparels Ltd.,26-05-2020,2500,4141,,,medlar@sinha-medlar.com,,,,,,100.0,confirmed
Ba: Bo:,4335,Medlar Apparels Ltd.,26-05-2020,2500,4141,,,medlar@sinha-medlar.com,,,,,,100.0,confirmed
Ba: Bo:,4338,Genda Washa & Garments,15-01-2018,3500,1105,,,sglimpexp@gmail.com,,,,,,71.42857142857143,low
Ba: Bo:,4341,South East Textiles (Pvt.) Ltd,18-05-2022,6500,5836,,,ilias@icl.bdrmg.com,,,,,,98.36065573770492,confirmed
Ba: Bo:,4346,Parity Fashion Ltd.,09-05-2022,7000,2528,,,parity@bdcom.com,,,,,,100.0,confirmed
Ba: Bo:,4347,Jewel Textile Mills Ltd.,07-02-2011,5000,3763,,,garment@kdsgroup.net,,,,,,82.6086956521739,confirmed
Ba: Bo:,4353,Masud Textile Mills Printing Dying Processing & Finishing Ind:,07-05-2022,3500,6833,,,info@mosharafgroup.com,,,,,,61.68224299065421,low
Ba: Bo:,4352,Hamza Apparels Ltd.,15-02-2017,2500,5018,,,hamza.apparels@yahoo.com,,,,,,100.0,confirmed
Ba: Bo:,4355,Sine Fashion Co. (P:) Ltd.,20-05-2020,3500,6269,,,milinafashionbd4@gmail.com,,,,,,77.55102040816327,low
Ba: Bo:,4356,Arnet Knit Garments Ind: Ltd.,26-05-2015,2500,2541,,,altaf@nassagroup.org,,,,,,75.47169811320755,low
Ba: Bo:,4354,Sine Fashion Co. (P:) Ltd.,20-05-2020,3500,6269,,,milinafashionbd4@gmail.com,,,,,,77.55102040816327,low
Ba: Bo:,4358,Juvinail Sweaters Ltd.,15-05-2014,2500,3618,,,azimul@futuredesignbd.com,,,,,,82.92682926829268,confirmed
Ba: Bo:,4357,Jong Sine Textile Ind: Ltd.,23-06-2022,6500,6980,,,salauddin.jakir@gmail.com,,,,,,75.0,low
Ba: Bo:,4359,Youth Fashion Ltd.,17-05-2021,2500,2305,,,emon@youthbd.com,,,,,,87.17948717948718,confirmed
Ba: Bo:,4363,M M Knit Ware Ltd.,12-04-2012,6500,6406,,,jamilornabkml@gmail.com,,,,,,82.35294117647058,confirmed
Ba: Bo:,4366,Aduri Knit Composit Ltd.,11-04-2022,6500,6906,,,rzsalim@gmail.com,,,,,,89.79591836734694,confirmed
Ba: Bo:,4365,Wex Bill Sweater Ltd.,17-05-2008,3500,5993,,,,,,,,,80.95238095238095,confirmed
Ba: Bo:,4367,Magpie Knitware Ltd.,13-04-2017,3500,6071,,,,,,,,,86.48648648648648,confirmed
Ba: Bo:,4368,Sajib Dying & Printing,17-07-2022,3500,2797,,,alana@citechco.net,,,,,,62.745098039215684,low
Ba: Bo:,4372,Al-Madina Washing Plant,30-05-2007,2500,7012,,,mizanmahid7@gmail.com,,,,,,80.95238095238095,confirmed
Ba: Bo:,4374,Golden Times Sweaters & Dying Ltd.,18-04-2013,3500,4204,,,md@asrgroupbd.com,,,,,,97.05882352941177,confirmed
Ba: Bo:,4376,Raiyan Knit Composit Ltd.,21-06-2022,7000,4737,,,info@nurgroupbd.com,,,,,,98.0392156862745,confirmed
Ba: Bo:,4377,Apparels Crastos Ltd.,09-05-2009,2500,1316,,,apparelcraft@siriusbb.com,,,,,,90.0,confirmed
Ba: Bo:,4378,Afroj Spinning Mills (P:) Ltd.,02-06-2007,5000,3772,,,quddus@dragon-sweater.net,,,,,,76.92307692307692,low
Ba: Bo:,4382,S K Textile,17-05-2022,5000,3952,,,zahid@dkgbd.com,,,,,,71.42857142857143,low
Ba: Bo:,4383,Hazi Mohammad Ali Dying Printing & Processing Mills (P.) Ltd.,24-05-2022,4500,6833,,,info@mosharafgroup.com,,,,,,60.37735849056604,low
Ba: Bo:,4386,Blue Nil Textile Ltd.,15-06-2016,6500,4203,,,blueseal@sparkbd.com,,,,,,88.37209302325581,confirmed
Ba: Bo:,4387,Fariha Knittex Ltd.,26-05-2022,6500,3645,,,asrotex@worldnetbd.com,,,,,,82.05128205128204,confirmed
Ba: Bo:,4389,Nurul Islam Sweaters Ltd.,17-06-2013,2500,5760,,,maishanur786@yahoo.com,,,,,,77.27272727272727,low
Ba: Bo:,4394,Knit Attayar Ltd.,11-06-2007,2500,3054,,,allabj@newasiabd.com,,,,,,77.41935483870968,low
Ba: Bo:,4395,Messures Dard Composit Textiles Ltd.,08-05-2022,6500,4233,,,ndaulah@dirdgroup.org,,,,,,81.25,confirmed
Ba: Bo:,4397,Jagoron Textile Mills,07-06-2008,6000,6690,,,fairtextilemills@yahoo.com,,,,,,72.72727272727273,low
Ba: Bo:,4401,Perfect Fashions,15-06-2009,2500,4602,,,pfraja@gmail.com,,,,,,96.7741935483871,confirmed
Ba: Bo:,4403,Aquatec Washing & Dying Ltd,12-11-2022,2500,4220,,,fifltd@citechco.net,,,,,,63.63636363636363,low
Ba: Bo:,4404,Aquatech Washing and Dying Ltd.,15-11-2021,6500,4220,,,fifltd@citechco.net,,,,,,62.5,low
Ba: Bo:,4407,DK Textile Ltd.,17-06-2007,2500,3952,,,zahid@dkgbd.com,,,,,,93.75,confirmed
Ba: Bo:,4406,M/S  Fuji Textile Processing,11-03-2023,5000,4266,,,pktlbd@gmail.com,,,,,,61.81818181818181,low
Ba: Bo:,4408,Unimex Textile Mills Ltd.,08-06-2021,7000,3763,,,garment@kdsgroup.net,,,,,,76.59574468085107,low
Ba: Bo:,4410,Bali Fashions Ltd.,14-06-2009,2500,3814,,,nisher.banika@gmail.com,,,,,,89.47368421052632,confirmed
Ba: Bo:,4409,Naba Knit Composit Ltd.,08-04-2021,2500,3808,,,info@pakizaknit.com,,,,,,85.71428571428572,confirmed
Ba: Bo:,4411,Ibrahim Knitex,27-06-2012,2500,7155,,,arhamknittexbd@gmail.com,,,,,,66.66666666666667,low
Ba: Bo:,4413,Oli Kniting Fabrics Ltd.,13-02-2019,7000,2283,,,kazihossain@oliknitting.com,,,,,,97.95918367346938,confirmed
Ba: Bo:,4412,Ahonaf Apparels Ltd.,13-06-2015,2500,7131,,,akash@ahavafashionltd.com,,,,,,87.17948717948718,confirmed
Ba: Bo:,4414,Esquire sweaters Ltd,21-07-2022,2500,2906,,,awal@esquiresweaters.com,,,,,,92.6829268292683,confirmed
Ba: Bo:,4415,Best Wool Sweaters Ltd.,14-05-2013,2500,3826,,,akabir@bestwoolbd.net,,,,,,100.0,confirmed
Ba: Bo:,4417,EV Tex Apparels Ltd.,12-06-2012,2500,1518,,,,,,,,,87.17948717948718,confirmed
Ba: Bo:,4419,Esquire Sweaters Ltd.,21-07-2022,2500,2906,,,awal@esquiresweaters.com,,,,,,100.0,confirmed
Ba: Bo:,4421,Bicon Textile,14-06-2007,5000,5936,,,,,,,,,69.23076923076923,low
Ba: Bo:,4422,H R Textile Mills,08-06-2019,2500,5952,,,,,,,,,76.47058823529412,low
Ba: Bo:,4423,B P Wears (Pvt.) Ltd.,22-02-2023,2500,4033,,,sterling_dhaka@yahoo.com,,,,,,90.0,confirmed
Ba: Bo:,4424,Skyline Apparels Ltd.,24-06-2009,3500,3282,,,iqbal@skylin-bd.com,,,,,,100.0,confirmed
Ba: Bo:,4426,Aparupa Textile Mills Ltd.,26-06-2007,5000,6690,,,fairtextilemills@yahoo.com,,,,,,85.71428571428572,confirmed
Ba: Bo:,4427,The-Dhaka Dying Garments Ltd.,23-06-2009,2500,447,,,info@palmalgarments.com,,,,,,79.3103448275862,low
Ba: Bo:,4428,Meridian Fashions Ltd.,26-06-2017,2500,3423,,,megastar@bdmail.net,,,,,,100.0,confirmed
Ba: Bo:,4431,Chittagong Asian Apparels Ltd.,26-12-2022,2500/-,3940,,,masalam@asianapparels.com,,,,,,100.0,confirmed
Ba: Bo:,4432,Darda Washing Industries,24-01-2018,4500,507,,,choice@globalctg.net,,,,,,68.0,low
Ba: Bo:,4434,Jom Jom Spinning Mills Ltd.,17-06-2013,2500,3772,,,quddus@dragon-sweater.net,,,,,,81.63265306122449,confirmed
Ba: Bo:,4437,S F Denim Apparels Ltd.,01-08-2018,2500,2746,,,fuad@sfdenim.com,,,,,,89.36170212765957,confirmed
Ba: Bo:,4440,Hemtech Apparels Ltd.,06-08-2012,3500,6101,,,heritageapparelsltd@gmail.com,,,,,,83.72093023255813,confirmed
Ba: Bo:,4439,Target Sweater Ind: Ltd.,21-07-2012,3500,3695,,,info@targetgroup-bd.com,,,,,,93.87755102040816,confirmed
Ba: Bo:,4441,Kung King Textile (Bangladesh) Co. Ltd.,07-05-2022,7000,7091,,,acsinfo@acstextiles.com,,,,,,72.22222222222221,low
Ba: Bo:,4444,Sky Fashion Knit Ware,08-07-2007,2500,5219,,,saiful@mastexbd.com,,,,,,73.6842105263158,low
Ba: Bo:,4443,M H Fashion Ltd.,16-07-2009,2500,7055,,,hadhi.nhfashion@gmail.com,,,,,,88.23529411764706,confirmed
Ba: Bo:,4445,Bakhrabad Kniting Ind: Ltd.,22-05-2018,2500,4255,,,bkil_bhuiyan@bakhrabad.com,,,,,,92.85714285714286,confirmed
Ba: Bo:,4446,Everest Washing Plant Ltd.,24-07-2022,3500,2706,,,everest@globalctg.net,,,,,,68.08510638297872,low
Ba: Bo:,4450,Peoples Fashion Ltd.,10-07-2007,2500,2473,,,romel5161@gmail.com,,,,,,88.37209302325581,confirmed
Ba: Bo:,4453,Irish Fashions Ltd.,11-06-2022,2500,3841,,,alam@irisgroupbd.com,,,,,,97.2972972972973,confirmed
Ba: Bo:,4452,Irish Fashions Ltd.,11-06-2022,3500,3841,,,alam@irisgroupbd.com,,,,,,97.2972972972973,confirmed
Ba: Bo:,4458,Denimach Washing Ltd.,15-06-2022,6500,4444,,,neptunebd@siriusbb.com,,,,,,76.92307692307692,low
Ba: Bo:,4459,Parl Garments Co. Ltd.,11-07-2009,2500,141,,,epic@epicbd.com,,,,,,85.71428571428572,confirmed
Ba: Bo:,4461,Savar Sweaters Ltd.,16-07-2022,2500/-,4342,,,azimmf@azimgroup.com,,,,,,100.0,confirmed
Ba: Bo:,4464,Civic Fashions Ltd.,08-07-2018,2500,1365,,,,,,,,,85.0,confirmed
Ba: Bo:,4465,Rine Dress Ltd.,16-02-2016,2500,5273,,,info@rhinedress.com,,,,,,96.7741935483871,confirmed
Ba: Bo:,4466,Amarfu Sweater Ltd.,24-07-2007,2500,4657,,,anamknit@gnbd.net,,,,,,86.48648648648648,confirmed
Ba: Bo:,4467,Eurozone Fashion Ltd.,18-07-2022,2500,4274,,,kg.morshed@eurozonebd.com,,,,,,100.0,confirmed
Ba: Bo:,4473,B P Wears (Pvt.) Ltd.,22-02-2023,2500,4033,,,sterling_dhaka@yahoo.com,,,,,,90.0,confirmed
Ba: Bo:,4474,Hypoid Composit Knit Ltd.,17-07-2022,6500,4977,,,hckl@hypoidgroup.com,,,,,,98.0392156862745,confirmed
Ba: Bo:,4475,Pakija Cotton Spinning Mills (P:) Ltd.,16-07-2008,3500,3772,,,quddus@dragon-sweater.net,,,,,,70.0,low
Ba: Bo:,4476,Reo Fashion Ware Ltd.,29-09-2022,2500,2537,,,,,,,,,90.47619047619048,confirmed
Ba: Bo:,4478,Fashion Zone Ltd.,12-08-2018,2500,1341,,,sultanadilruba@yahoo.com,,,,,,100.0,confirmed
Ba: Bo:,4480,EiTex Fashions Ltd.,26-09-2022,6000,3997,,,evince@evincebd.com,,,,,,92.3076923076923,confirmed
Ba: Bo:,4482,Asiatic Textile Mill (P:) Ltd.,21-08-2022,3500,6690,,,fairtextilemills@yahoo.com,,,,,,75.47169811320755,low
Ba: Bo:,4483,Herodos Garments Ltd.,20-08-2012,2500,1092,,,harrods@colbd.com,,,,,,90.47619047619048,confirmed
Ba: Bo:,4484,Ayesha Washing Ltd.,23-05-2022,6000,4220,,,fifltd@citechco.net,,,,,,77.77777777777779,low
Ba: Bo:,4491,Priam Garments Ltd.,24-08-2022,2500/-,1077,,,masalam@asianapparels.com,,,,,,97.43589743589743,confirmed
Ba: Bo:,4492,Eden Apparels Ltd.,16-08-2017,2500,1848,,,nassa@nassagroup.org,,,,,,100.0,confirmed
Ba: Bo:,4493,Eden Apparels Ltd.,17-08-2019,2500,1848,,,nassa@nassagroup.org,,,,,,100.0,confirmed
Ba: Bo:,4494,A K R Fashions Ltd.,04-08-2017,2500,3236,,,anwar@ajintl.com,,,,,,88.88888888888889,confirmed
Ba: Bo:,4496,Farnur Garments Ltd.,29-08-2021,2500,2254,,,farnoor@citechco.net,,,,,,92.6829268292683,confirmed
Ba: Bo:,4497,Super Fabrics Ltd.,05-08-2022,3500,4593,,,shahid@rupagroup.net,,,,,,85.71428571428572,confirmed
Ba: Bo:,4495,Benex Apparels Ltd.,25-08-2022,2500,1351,,,,,,,,,97.43589743589743,confirmed
Ba: Bo:,4499,Rahima Garments Ltd.,14-09-2022,3500/-,1199,,,anis@thianis.com,,,,,,100.0,confirmed
Ba: Bo:,4501,Chittagong Asian Apparels Ltd.,12-08-2022,2500/-,3940,,,masalam@asianapparels.com,,,,,,100.0,confirmed
Ba: Bo:,4503,Allama Washing Plant,25-07-2009,2500,7012,,,mizanmahid7@gmail.com,,,,,,76.92307692307692,low
Ba: Bo:,4507,Messures Boni Apparels (P:) Ltd.,19-08-2015,2500,1463,,,bonnyapp@dhaka.net,,,,,,73.6842105263158,low
Ba: Bo:,4506,Rose Sweaters Ltd.,15-08-2022,2500,3529,,,md@rosesweater.com,,,,,,97.14285714285714,confirmed
Ba: Bo:,4509,Aristo Fashions Ltd.,21-08-2011,2500,4232,,,commercial@aristo.com.bd,,,,,,100.0,confirmed
Ba: Bo:,4508,Moutry Knitings Ltd.,12-08-2009,2500,4184,,,khaiyam@mascotgroup.com,,,,,,75.67567567567568,low
Ba: Bo:,4511,Golden Dying & Printing Ind:,22-08-2022,4500,5915,,,navyhosiery@gmail.com,,,,,,61.53846153846154,low
Ba: Bo:,4516,New Olympia Textile Mills Ltd.,01-06-2017,3500,2329,,,tamalh@bdmail.net,,,,,,76.36363636363637,low
Ba: Bo:,4518,V-Knit Wear & Composite Ltd.,21-04-2021,6500,4935,,,mahim@v-knitwear.com,,,,,,94.54545454545455,confirmed
Ba: Bo:,4517,Bokshan Garments (P:) Ltd.,03-08-2009,2500,979,,,anika@anikagarments.com,,,,,,76.92307692307692,low
Ba: Bo:,4520,Nur Jahan Kniting Ind: Ltd.,28-08-2012,2500,2644,,,queens@jayaknitting.com,,,,,,71.11111111111111,low
Ba: Bo:,4521,Gomti Textiles Ltd.,14-08-2017,6500,2443,,,akhter@gumtitex.com,,,,,,94.73684210526316,confirmed
Ba: Bo:,4529,Eurotex Knit Ware Ltd.,20-08-2019,6500,6163,,,info@eurogroup-bd.com,,,,,,87.8048780487805,confirmed
Ba: Bo:,4530,Premiure Washing Plant,22-08-2007,6500,7012,,,mizanmahid7@gmail.com,,,,,,63.41463414634146,low
Ba: Bo:,4531,Khaja Knit Washing Plant,20-08-2022,3500,7012,,,mizanmahid7@gmail.com,,,,,,74.4186046511628,low
Ba: Bo:,4532,Ashulia Apparels Ltd.,29-08-2018,2500,4257,,,ashuliaapparels@gmail.com,,,,,,100.0,confirmed
Ba: Bo:,4533,Jirat Fashion Ltd.,04-03-2022,2500,4328,,,rakib@jeratfashion.com,,,,,,94.44444444444444,confirmed
Ba: Bo:,4535,J L Fashions Ltd.,01-04-2019,2500,3664,,,kabir@jlfashionltd.com,,,,,,91.42857142857143,confirmed
Ba: Bo:,4537,United Knit wears Ltd.,17-08-2022,2500,4054,,,helal.skl@gmail.com,,,,,,80.95238095238095,confirmed
Ba: Bo:,4544,Label Kniting (P:) Ltd.,12-08-2009,2500,5144,,,kgs.rafiq@gmail.com,,,,,,68.08510638297872,low
Ba: Bo:,4549,Ivence Dress Shirts Ltd.,10-03-2013,2500,3086,,,evince@evincebd.com,,,,,,91.66666666666666,confirmed
Ba: Bo:,4548,Evience Garments Ltd.,18-03-2016,2500,45,,,evince@evincebd.com,,,,,,97.5609756097561,confirmed
Ba: Bo:,4550,Prochesta Knit Textiles Ltd.,31-08-2009,2500,4266,,,pktlbd@gmail.com,,,,,,100.0,confirmed
Ba: Bo:,4553,Optimum Fashion Ware Ltd.,17-06-2018,2500,5959,,,optimumfwl@gmail.com,,,,,,94.11764705882352,confirmed
Ba: Bo:,4552,Nur Jahan Apparels Ltd.,10-07-2016,9325,6402,,,makhaleque.itc@gmail.com,,,,,,90.47619047619048,confirmed
Ba: Bo:,4554,Monira Knit Apparels Ltd.,09-01-2021,2500,5177,,,anis@fairtex-bd.com,,,,,,81.81818181818181,confirmed
Ba: Bo:,4555,Nur Banu Textile Dying & Printing Mills,26-08-2010,3500,4143,,,gopesh@apexholdings.com,,,,,,67.6056338028169,low
Ba: Bo:,4557,Super Kniting & Dying Mills,26-08-2021,6500,1840,,,compliance@superknittingbd.com,,,,,,87.09677419354838,confirmed
Ba: Bo:,4558,Sims Fashion Ltd.,30-08-2007,2500,5778,,,ishamohammad63@gmail.com,,,,,,91.42857142857143,confirmed
Ba: Bo:,4559,Yousuf Fashion Ltd.,30-08-2007,2500,4030,,,reza@rezagroup-bd.com,,,,,,83.33333333333334,confirmed
Ba: Bo:,4561,Fabrics Connection,24-08-2022,2500,930,,,ehsanbgmeactg@gmail.com,,,,,,68.75,low
Ba: Bo:,4563,S F Washing Ltd.,29-09-2021,5500,4220,,,fifltd@citechco.net,,,,,,84.84848484848484,confirmed
Ba: Bo:,4566,Samia Composit Textile Ind: Ltd.,02-09-2007,2500,6859,,,shifacomposite@gmail.com,,,,,,83.33333333333334,confirmed
Ba: Bo:,4568,Ashan Fashions Ltd.,28-08-2017,3500,4193,,,palmalexport@palmalgarments.com,,,,,,89.47368421052632,confirmed
Ba: Bo:,4567,Creative Apparels Ltd.,28-09-2012,2500,6628,,,shaheb.ali@gmail.com,,,,,,88.37209302325581,confirmed
Ba: Bo:,4569,General Next Fashions Ltd.,20-05-2022,6500,4916,,,info@gnf-bd.com,,,,,,90.9090909090909,confirmed
Ba: Bo:,4573,B-Con Knit Ware Ltd.,12-09-2022,7000,4655,,,beacon2sanjoy@metrokd.com,,,,,,90.47619047619048,confirmed
Ba: Bo:,4576,Ruposhi Fabrics Complex (Pvt.) Ltd.,27-08-2022,7000,2221,,,kamal.haider@rupashigroup.com,,,,,,95.65217391304348,confirmed
Ba: Bo:,4578,Legasy Fashion Ltd.,09-08-2022,2500/-,4339,,,yasinali@valiantbd.com,,,,,,94.73684210526316,confirmed
Ba: Bo:,4579,Legasy Fashion Ltd.,09-08-2022,2500/-,4339,,,yasinali@valiantbd.com,,,,,,94.73684210526316,confirmed
Ba: Bo:,4580,Legasy Fashion Ltd.,09-08-2022,2500/-,4339,,,yasinali@valiantbd.com,,,,,,94.73684210526316,confirmed
Ba: Bo:,4581,Legasy Fashion Ltd.,09-08-2022,2500/-,4339,,,yasinali@valiantbd.com,,,,,,94.73684210526316,confirmed
Ba: Bo:,4583,Markentile Fashions Ltd.,14-09-2008,2500,3287,,,fashion@bdmail.net,,,,,,85.71428571428572,confirmed
Ba: Bo:,4584,Nippon Garments Ind: Ltd.,27-08-2017,2500,129,,,nazimuddin@abedingroup.com,,,,,,92.0,confirmed
Ba: Bo:,4589,SKY LINE APPARELS LTD.,16-04-2009,3500,6334,,,munir@purbaapparels.com,,,,,,63.63636363636363,low
Ba: Bo:,4590,Al-Madina Washing Plant,27-08-2022,3500,7012,,,mizanmahid7@gmail.com,,,,,,80.95238095238095,confirmed
Ba: Bo:,4592,Orient Washing Ltd.,13-09-2022,3500,4036,,,lipuu@dhaka.net,,,,,,69.76744186046511,low
Ba: Bo:,4595,Rainbo Fabrics (P:) Ltd.,18-09-2011,5500,4593,,,shahid@rupagroup.net,,,,,,73.17073170731707,low
Ba: Bo:,4597,Sonia And Sweater Ltd.,07-04-2022,3500,3704,,,info@soniagroup.com,,,,,,88.37209302325581,confirmed
Ba: Bo:,4600,Madina Textile Mills Ltd.,12-09-2007,5000,3587,,,saad_milaco@yahoo.com,,,,,,78.57142857142857,low
Ba: Bo:,4602,Keya Knit Compost Ltd.,22-03-2022,3500,4288,,,kgroup@keya-bd.com,,,,,,95.65217391304348,confirmed
Ba: Bo:,4605,Sainest Washing,23-09-2007,2500,7012,,,mizanmahid7@gmail.com,,,,,,70.58823529411764,low
Ba: Bo:,4604,Vibgior Knit Composit,13-09-2022,5500,4625,,,vision@vision-bd.com,,,,,,76.59574468085107,low
Ba: Bo:,4607,Step-Three Apparels Ltd.,03-10-2018,2500,3363,,,steptwo@bijoy.net,,,,,,95.83333333333334,confirmed
Ba: Bo:,4606,A J Super Garments Ltd.,17-09-2018,3500,4103,,,nassa@nassagroup.org,,,,,,89.36170212765957,confirmed
Ba: Bo:,4608,Piar Reg Knit Ware Ltd.,26-09-2016,2500,4476,,,olikfl@dhaka.net,,,,,,73.17073170731707,low
Ba: Bo:,4610,Comfort Apparels (Pvt.) Ltd.,29-11-2014,2500,1790,,,info@comfortgroup-bd.com,,,,,,100.0,confirmed
Ba: Bo:,4613,Comfit Composite Knit Ltd.,07-10-2022,6500,4178,,,Munna@youthbd.com,,,,,,100.0,confirmed
Ba: Bo:,4611,Sharmin Fashions Ltd.,10-09-2022,3500,4262,,,ismail@sharmingroup.com,,,,,,100.0,confirmed
Ba: Bo:,4614,Comfit Composite Knit Ltd.,07-10-2022,6500,4178,,,Munna@youthbd.com,,,,,,100.0,confirmed
Ba: Bo:,4616,S K Knit Finishing & Textile,19-08-2007,3500,4840,,,shams@fancybd.com,,,,,,65.45454545454545,low
Ba: Bo:,4618,V-Knitware & Composit Ltd.,11-04-2020,6500,4935,,,mahim@v-knitwear.com,,,,,,94.33962264150944,confirmed
Ba: Bo:,4619,Matin Spinning Mills Ltd.,28-09-2022,3500,3772,,,quddus@dragon-sweater.net,,,,,,80.85106382978724,confirmed
Ba: Bo:,4621,Manir Sizing & Textile Mill,18-10-2012,3500,4143,,,gopesh@apexholdings.com,,,,,,64.40677966101696,low
Ba: Bo:,4620,Matin Spinning Mills Ltd.,20-09-2022,3500,3772,,,quddus@dragon-sweater.net,,,,,,80.85106382978724,confirmed
Ba: Bo:,4623,Nur Banu Textile Dying & Printing Mills,04-10-2008,3500,4143,,,gopesh@apexholdings.com,,,,,,67.6056338028169,low
Ba: Bo:,4625,Klifton Apparels Ltd.,14-09-2022,6500/-,3088,,,,,,,,,95.23809523809523,confirmed
Ba: Bo:,4624,Mars Knit Wares Ltd.,03-10-2007,2500,5816,,,westknit@link3.net,,,,,,82.05128205128204,confirmed
Ba: Bo:,4629,Cosmo Knit Ware (P:) Ltd.,26-10-2012,2500,4953,,,shuvro@crownknitwear.com,,,,,,71.11111111111111,low
Ba: Bo:,4632,Anoyara Knit Composit Ltd.,14-09-2022,3500,6906,,,rzsalim@gmail.com,,,,,,82.35294117647058,confirmed
Ba: Bo:,4631,Anoyara Knitng Ltd.,05-10-2012,2500,3810,,,qtex@globalctg.net,,,,,,75.67567567567568,low
Ba: Bo:,4636,Ahmed Dying & Printing,02-10-2010,2500,3890,,,info@akhfashions.com,,,,,,62.5,low
Ba: Bo:,4634,Mahbub Spinning Ltd.,15-10-2019,2500,3772,,,quddus@dragon-sweater.net,,,,,,71.42857142857143,low
Ba: Bo:,4637,Hasan Textile Processing Ind: Ltd.,22-09-2022,5000,2504,,,giant@giantbd.com,,,,,,68.85245901639344,low
Ba: Bo:,4639,Southern Knit Ware Ltd.,21-12-2018,2500,5586,,,,,,,,,80.0,confirmed
Ba: Bo:,4638,Rafiq Apparels Washing & Packeging Ind: Ltd.,05-10-2011,2500,2943,,,info@passionjeans.net,,,,,,77.10843373493977,low
Ba: Bo:,4640,Karooni Knit Composit Ltd.,07-09-2022,3500,5165,,,mesbahrk@karooni.com,,,,,,98.11320754716981,confirmed
Ba: Bo:,4642,Dress Man Apparels Ltd.,19-09-2022,2500,2795,,,fahim@dressmen-bd.com,,,,,,84.44444444444444,confirmed
Ba: Bo:,4644,Savar Textiles Ltd.,26-07-2012,6000,2148,,,log@savartex.com,,,,,,100.0,confirmed
Ba: Bo:,4646,Fashion Point Ltd.,27-09-2022,2500,3198,,,enayet@fpl-bd.com,,,,,,97.14285714285714,confirmed
Ba: Bo:,4647,Arrow Apparels Ltd.,24-10-2011,2500,1657,,,manco@globalctg.net,,,,,,86.48648648648648,confirmed
Ba: Bo:,4648,Dressman Ltd.,06-10-2019,2500,117,,,abdullah@dressmen-bd.com,,,,,,92.3076923076923,confirmed
Ba: Bo:,4650,Les Com Plise Textile Ltd.,15-10-2007,3500,3628,,,,,,,,,72.72727272727273,low
Ba: Bo:,4653,Chunji Knit Ltd.,24-10-2012,3500,2435,,,chunji@chunjibd.com,,,,,,90.9090909090909,confirmed
Ba: Bo:,4651,Silvi Tex ( Dying & Finishing),23-07-2018,4500,2016,,,cotton@cottongroupbd.com.bd,,,,,,63.63636363636363,low
Ba: Bo:,4654,Genuine Washing Factory,10-03-2022,2500,4220,,,fifltd@citechco.net,,,,,,60.0,low
Ba: Bo:,4657,H M Textile Dying Printing & Finishing Mills,16-10-2022,6000,5915,,,navyhosiery@gmail.com,,,,,,71.60493827160495,low
Ba: Bo:,4660,Dynamic Sweater Ind: Ltd.,15-09-2022,3500,3640,,,akabir@bestwoolbd.net,,,,,,94.11764705882352,confirmed
Ba: Bo:,4661,Panazia Fashion Ware Ltd.,14-02-2022,2500,4845,,,alam@panageabd.com,,,,,,88.0,confirmed
Ba: Bo:,4663,Tusty Sweater Ltd.,18-10-2007,2500,3793,,,rezaul@around-bd.com,,,,,,83.33333333333334,confirmed
Ba: Bo:,4665,Lynda Fashions Ltd.,16-10-2017,2500,4152,,,lynda.nasim@gmail.com,,,,,,100.0,confirmed
Ba: Bo:,4656,Khaja Dyeing & Printing Works,17-10-2018,4500,1429,,,jamunabd@bol-online.com,,,,,,62.06896551724138,low
Ba: Bo:,4667,Lojern Fashion Ltd.,18-10-2007,2500,1745,,,lemond@lemond-fashion.com,,,,,,84.21052631578947,confirmed
Ba: Bo:,4668,Gloz Knit Ware Ltd.,10-10-2007,2500,6163,,,info@eurogroup-bd.com,,,,,,78.94736842105263,low
Ba: Bo:,4670,S P Fashions Ltd.,18-10-2012,2500,3267,,,spknit@dandylink.com,,,,,,90.9090909090909,confirmed
Ba: Bo:,4669,S P Fashions Ltd.,08-05-2012,2500,3267,,,spknit@dandylink.com,,,,,,90.9090909090909,confirmed
Ba: Bo:,4673,Knit Asia Ltd.,03-11-2012,3500,3054,,,allabj@newasiabd.com,,,,,,100.0,confirmed
Ba: Bo:,4672,Osaka Fashion Wares Ltd.,20-10-2007,2500,3184,,,shams-com@gnbd.net,,,,,,93.61702127659575,confirmed
Ba: Bo:,4676,Monila Textile Mills Ltd.,30-04-2018,3500,708,,,monotex@bdmail.net,,,,,,88.46153846153845,confirmed
Ba: Bo:,4674,Fortune Apparels Ltd.,27-06-2021,6000,2947,,,masalam@asianapparels.com,,,,,,100.0,confirmed
Ba: Bo:,4678,Polo Composit Knit Ind: Ltd.,03-09-2022,6500,6252,,,jalil@aji-group.com,,,,,,88.52459016393442,confirmed
Ba: Bo:,4683,Ahsan Kniting Ltd.,22-11-2021,2500,2978,,,amanknit@gnbd.net,,,,,,86.48648648648648,confirmed
Ba: Bo:,4684,Be Cotton Excel Knit Ltd.,29-11-2008,2500,2383,,,joynal@knitconcern.com,,,,,,71.42857142857143,low
Ba: Bo:,4685,T Voli Apparels Ltd.,10-12-2020,2500,2389,,,nislam@nddlbd.net,,,,,,90.0,confirmed
Ba: Bo:,4688,Ritji Apparels Ltd.,18-11-2007,2500,6045,,,monsur.ht@gmail.com,,,,,,91.89189189189189,confirmed
Ba: Bo:,4689,Maona Washing,02-11-2011,2500,7012,,,mizanmahid7@gmail.com,,,,,,68.75,low
Ba: Bo:,4690,Essential Knit Ware,16-11-2021,3500,771,,,gkw@bdonline.com,,,,,,64.70588235294117,low
Ba: Bo:,4691,Messures Salehin Fabrics,29-07-2012,3500,,,,,,,,,,0,none
Ba: Bo:,4693,Mahmuda Textile & Processing Mills Ltd.,26-11-2022,6500,4143,,,gopesh@apexholdings.com,,,,,,70.4225352112676,low
Ba: Bo:,4694,Mitaly Fashions Ltd.,23-09-2022,6500,3164,,,abdullah@mitalifashions.net,,,,,,95.0,confirmed
Ba: Bo:,4695,Meghna Knit Composit Ltd.,01-11-2022,6500,4265,,,pinto@meghnaknit.com.bd,,,,,,98.0392156862745,confirmed
Ba: Bo:,4699,Pro. Mekars Sweater Industris Ltd.,12-07-2022,3500,5561,,,abs.youth@gmail.com,,,,,,80.64516129032258,confirmed
Ba: Bo:,4698,Audit Fit Apparels Ltd.,29-11-2007,2500,3447,,,mujib@artisticapparelsltd.com,,,,,,80.0,confirmed
Ba: Bo:,4700,Global Specialized Washing Ltd.,22-12-2022,3500/-,2903,,,gsgl2@spnetctg.com,,,,,,64.70588235294117,low
Ba: Bo:,4701,Fanton Apparels Ltd.,18-09-2012,2500,5573,,,shimul1962@yahoo.com,,,,,,87.17948717948718,confirmed
Ba: Bo:,4702,Glesiar Sweater Composit Ltd.,01-12-2007,2500,3995,,,admin@mrgroupbd.com,,,,,,86.20689655172413,confirmed
Ba: Bo:,4703,Scandex Textile Ind: Ltd.,04-12-2021,3500,7125,,,amal.podder@metrokd.com,,,,,,85.71428571428572,confirmed
Ba: Bo:,4705,M R Sweaters Composit Ltd.,07-11-2022,6500,3834,,,admin@mrgroupbd.com,,,,,,90.56603773584906,confirmed
Ba: Bo:,4706,Sadat Composit Knit Ind: Ltd.,11-01-2016,3500,6366,,,insideknitcompositeltd@gmail.com,,,,,,80.0,confirmed
Ba: Bo:,4707,Mack Textile Mills Ltd.,08-11-2022,6500,3587,,,saad_milaco@yahoo.com,,,,,,81.4814814814815,confirmed
Ba: Bo:,4709,R M Fashions Ltd.,06-12-2007,2500,6499,,,soumik@mufashionltd.com,,,,,,90.9090909090909,confirmed
Ba: Bo:,4710,Bangladesh Speaners & Kniters (P:) Ltd.,08-02-2013,,2861,,,tonyche@bsklbd.com,,,,,,90.0,confirmed
Ba: Bo:,4712,R K Fashion Ltd.,19-01-2022,6500,5392,,,akther@kafashionbd.com,,,,,,90.32258064516128,confirmed
Ba: Bo:,4714,Babylon Dresses Ltd.,29-11-2021,2500,2370,,,babylon@babylon-bd.com,,,,,,100.0,confirmed
Ba: Bo:,4717,Grameen Knitwear Ltd.,03-12-2022,3500,2938,,,ashraf@grameentelecom.net.bd,,,,,,100.0,confirmed
Ba: Bo:,4716,Babilon Dresses Ltd.,13-11-2019,2500,2370,,,babylon@babylon-bd.com,,,,,,95.0,confirmed
Ba: Bo:,4718,Jajira Fabrics,19-12-2015,2500,3547,,,arif@mascoknit.com,,,,,,64.70588235294117,low
Ba: Bo:,4720,Chittagong MRF Fashion Ltd.,12-12-2022,2500/-,3620,,,,,,,,,88.88888888888889,confirmed
Ba: Bo:,4721,Rifat Garments Ltd,12-09-2022,7000,3896,,,azad@hameemgroup.com,,,,,,91.89189189189189,confirmed
Ba: Bo:,4722,Cross Knit Fabrics Ltd.,17-12-2019,6000,4827,,,mijan.r@fpg.com.bd,,,,,,80.0,confirmed
Ba: Bo:,4724,N F Z Teri Textile Ltd.,20-12-2022,6500/-,6847,,,salamgir@haldabd.com,,,,,,80.85106382978724,confirmed
Ba: Bo:,4723,Sakura Fashions Ltd.,20-12-2007,2500,5734,,,arman@spartanfashions.com,,,,,,87.8048780487805,confirmed
Ba: Bo:,4727,Barnani Fabrics Ltd.,27-05-2022,7000,2524,,,ameenfa@gmail.com,,,,,,73.6842105263158,low
Ba: Bo:,4729,Jedda Dying & Printing Ltd.,26-12-2007,3500,1910,,,nrgroup@global-bd.net,,,,,,70.76923076923076,low
Ba: Bo:,4731,Apparels Village Ltd.,03-12-2022,4500,3583,,,m-rahman@faiyaz-group.com,,,,,,100.0,confirmed
Ba: Bo:,4730,Century Design & Fashion (P:) Ltd.,21-12-2016,2500,3783,,,azhar-1@bangla.net,,,,,,95.65217391304348,confirmed
Ba: Bo:,4734,Dania Fashion Ltd.,03-01-2013,2500,4645,,,zainul@apparel-export.com,,,,,,97.2972972972973,confirmed
Ba: Bo:,4735,Excom Fashion Ltd.,18-03-2016,2500,4394,,,design.excom@gmail.com,,,,,,97.2972972972973,confirmed
Ba: Bo:,4737,R K Knit Dying Mills Ltd.,16-01-2023,6500,6668,,,palmalexport@palmalgarments.com,,,,,,79.24528301886792,low
Ba: Bo:,4740,Kunjong Apparels Ltd.,10-01-2012,5500,1085,,,,,,,,,82.92682926829268,confirmed
Ba: Bo:,4739,S F Rahman Textiles Ltd.,23-01-2013,2500,6973,,,md.emran28@yahoo.com,,,,,,76.19047619047619,low
Ba: Bo:,4744,Chowdhury Knitwares Ltd.,16-10-2021,2500,3368,,,shamim@ckl-bd.com,,,,,,95.83333333333334,confirmed
Ba: Bo:,4745,Mazumdar Fashions Ltd.,18-01-2017,2500,4332,,,info@majumder.org,,,,,,90.9090909090909,confirmed
Ba: Bo:,4746,The Emaculate Textile Ltd.,14-01-2021,7000,6897,,,md@hasnattex.com,,,,,,71.11111111111111,low
Ba: Bo:,4747,Peninsula Garments Ltd.,12-02-2018,4500,595,,,mannan915@hotgmail.com,,,,,,89.79591836734694,confirmed
Ba: Bo:,4748,Virtual Knit Ware Ltd.,13-01-2017,2500,3520,,,shiplu@ratulgroup.com,,,,,,79.06976744186046,low
Ba: Bo:,4749,A B M Fashions Ltd.,02-05-2018,2500,3016,,,aba@abagroupbd.com,,,,,,88.88888888888889,confirmed
Ba: Bo:,4732,Fin Fashion Ltd.,22-04-2020,2500,4344,,,finfashion@dhaka.net,,,,,,100.0,confirmed
Ba: Bo:,4754,Epelion Fabrics Ltd.,30-01-2023,6500,2524,,,ameenfa@gmail.com,,,,,,78.94736842105263,low
Ba: Bo:,4762,Keya Spinning Mills Ltd.,13-02-2020,7000,6705,,,joynal@knitconcern.com,,,,,,91.30434782608697,confirmed
Ba: Bo:,4763,Millennium Knit Ltd.,01-02-2008,3500,6703,,,styllentknit@gmail.com,,,,,,73.6842105263158,low
Ba: Bo:,4766,T N Z Fashion,09-10-2012,2500,7187,,,s.nfashion201077@gmail.com,,,,,,78.26086956521739,low
Ba: Bo:,4767,Gouz Fashion Industries Ltd.,15-02-2016,2500,7148,,,shyamalkanti1979@gmail.com,,,,,,92.5925925925926,confirmed
Ba: Bo:,4770,Spectra sweaters Ltd.,11-03-2023,2500,4631,,,shajal@sweater-makers.com,,,,,,95.23809523809523,confirmed
Ba: Bo:,4768,C & A Fashion Ltd.,07-02-2008,,1373,,,info@c&agroupbd.com,,,,,,100.0,confirmed
Ba: Bo:,4772,Dream Kniting (BD) Ltd.,12-01-2022,5000,4969,,,commercial@mondol.net,,,,,,76.19047619047619,low
Ba: Bo:,4773,Water Color Washing & Dying Ltd.,07-02-2008,6000,4761,,,ndslfeni@gmail.com,,,,,,66.66666666666667,low
Ba: Bo:,4775,Masihata Sweaters Ltd.,12-02-2017,3500,3753,,,info@masihata.com,,,,,,100.0,confirmed
Ba: Bo:,4774,Naziat Sweaters Ltd.,05-02-2020,3500,3812,,,info@naziat.co.cc,,,,,,100.0,confirmed
Ba: Bo:,4778,Knit Asia Ltd.,28-03-2022,7000,3054,,,allabj@newasiabd.com,,,,,,100.0,confirmed
Ba: Bo:,4779,Ashra Sweaters Ltd.,13-02-2008,2500,6701,,,info.ashyasweaterltd@gmail.com,,,,,,91.89189189189189,confirmed
Ba: Bo:,4780,D K Knit Wares Ltd.,14-02-2022,6500,3616,,,iqbal@bhis.net,,,,,,81.08108108108108,confirmed
Ba: Bo:,4781,S R S Knit Dying Mills,16-01-2010,5500,6668,,,palmalexport@palmalgarments.com,,,,,,64.0,low
Ba: Bo:,4782,Vienatex Spinning Ltd.,09-02-2023,7000,2963,,,quddus@dragon-sweater.net,,,,,,69.23076923076923,low
Ba: Bo:,4786,I Q Garments Ltd.,27-03-2022,2500,6186,,,kamal@pqrsgarments.com,,,,,,85.71428571428572,confirmed
Ba: Bo:,4787,Ahsan Kniting Ltd.,28-02-2012,2500,2978,,,amanknit@gnbd.net,,,,,,86.48648648648648,confirmed
Ba: Bo:,4789,Dajling Dresses Ltd.,14-02-2022,2500,6493,,,kazalddl@epylliongroup.com,,,,,,92.6829268292683,confirmed
Ba: Bo:,4788,A K Fashions Ltd.,28-02-2018,2500,3236,,,anwar@ajintl.com,,,,,,94.11764705882352,confirmed
Ba: Bo:,4790,Fariha Fashion Ltd.,14-03-2021,6500,2252,,,,,,,,,88.88888888888889,confirmed
Ba: Bo:,4799,Sinha Knit & Denims Ltd.,05-09-2018,6000,6108,,,commercial@sinhafwl.com,,,,,,88.0,confirmed
Ba: Bo:,4798,Naim Garments Ltd.,13-02-2011,2500,77,,,naimgmts@yahoo.com,,,,,,100.0,confirmed
Ba: Bo:,4800,Rahman Hosiery Dyeing & Finishing Mills (P:) Ltd.,27-02-2019,6500,4725,,,mahtab@falcongroupbd.com,,,,,,73.5632183908046,low
Ba: Bo:,4802,Noor Dyeing & Processing Industries,15-01-2018,5500,,,,,,,,,,0,none
Ba: Bo:,4804,Denimach Washing Ltd.,08-03-2023,6500,4444,,,neptunebd@siriusbb.com,,,,,,76.92307692307692,low
Ba: Bo:,4803,Keya Cosmetics Ltd (knit composite Division).,22-03-2022,7000,,,,,,,,,,0,none
Ba: Bo:,4805,Denimach Washing Ltd.,08-03-2023,6500,4444,,,neptunebd@siriusbb.com,,,,,,76.92307692307692,low
Ba: Bo:,4806,Mashihata Sweaters Ltd.,12-02-2017,3500,3753,,,info@masihata.com,,,,,,97.77777777777777,confirmed
Ba: Bo:,4795,Jalal Shah Fabrics Ltd.,24-02-2008,2500,4435,,,fabrics@jalalshagroup.com,,,,,,80.0,confirmed
Ba: Bo:,4808,Rabab Fashion Ind: Ltd.,02-01-2018,2500,4218,,,chairman@akclbd.com,,,,,,95.65217391304348,confirmed
Ba: Bo:,4810,P Q S Knit Fashions Ltd.,24-03-2009,2500,5142,,,info@shamserknitfashionltd.com,,,,,,80.0,confirmed
Ba: Bo:,4811,P Q S Knit Fashions Ltd.,24-03-2009,2500,5142,,,info@shamserknitfashionltd.com,,,,,,80.0,confirmed
Ba: Bo:,4814,Pioneer Apparels Ltd.,19-03-2020,2500,2620,,,mansur@pioneergroupbd.com,,,,,,100.0,confirmed
Ba: Bo:,4816,Madina Dying Printing & Processing Ind: Ltd.,28-09-2020,6000,6833,,,info@mosharafgroup.com,,,,,,65.1685393258427,low
Ba: Bo:,4815,Binoda Knit ware Ltd.,06-02-2009,6000,1282,,,,,,,,,72.72727272727273,low
Ba: Bo:,4817,A K Fashions Ltd.,19-11-2021,2500,3236,,,anwar@ajintl.com,,,,,,94.11764705882352,confirmed
Ba: Bo:,4820,Banika Fashions Ltd.,15-03-2022,6000,3814,,,nisher.banika@gmail.com,,,,,,100.0,confirmed
Ba: Bo:,4822,Pacherse Garments Ind: Ltd.,11-03-2008,2500,3140,,,kalam@malubangladesh.com,,,,,,88.88888888888889,confirmed
Ba: Bo:,4823,Fakhruddin Textile Mills Ltd.,24-03-2023,6000,4596,,,asif@urmigroup.net,,,,,,100.0,confirmed
Ba: Bo:,4824,Hiun Apparels Ltd.,12-03-2008,2500,3987,,,tapashyun@gmail.com,,,,,,94.44444444444444,confirmed
Ba: Bo:,4825,Badar Knit Ware (P:) Ltd.,12-03-2008,2500,5714,,,reaz@spiderbd.com,,,,,,76.59574468085107,low
Ba: Bo:,4826,Aster Apparels Ltd.,13-03-2008,2500,971,,,nasir.easterngroup@gmail.com,,,,,,90.0,confirmed
Ba: Bo:,4833,Apparels Weight Processing Ltd.,07-03-2023,5000,5917,,,litonsaha.palbd@gmail.com,,,,,,77.77777777777779,low
Ba: Bo:,4834,Uzertex Washing,05-03-2018,2500,4220,,,fifltd@citechco.net,,,,,,62.5,low
Ba: Bo:,4832,Apparel Weight Processing Ltd.,07-03-2023,5000,5917,,,litonsaha.palbd@gmail.com,,,,,,75.47169811320755,low
Ba: Bo:,4835,Jenisis Fashion Ltd.,10-06-2019,2500,1369,,,tarique_ahmed@mj-group.com,,,,,,90.0,confirmed
Ba: Bo:,4836,Adams Apparels Ltd.,17-03-2022,2500,4369,,,adams.apparels@yahoo.com,,,,,,100.0,confirmed
Ba: Bo:,4838,Intraco Sweaters Ltd.,25-03-2013,2500,3877,,,export@intramex-bd.com,,,,,,85.71428571428572,confirmed
Ba: Bo:,4844,Jemini Fashions (Pvt.) Ltd.,04-03-2017,2500,4305,,,mdsalim@farzanagroup.com,,,,,,94.33962264150944,confirmed
Ba: Bo:,4847,D H Sweater Ltd.,10-11-2017,3500,4491,,,,,,,,,94.11764705882352,confirmed
Ba: Bo:,4848,Pioneer Sweater Ltd.,13-01-2020,3500,3942,,,polto@polestargroupbd.net,,,,,,82.05128205128204,confirmed
Ba: Bo:,4849,Pioneer Sweater Ltd.,13-01-2020,3500,3942,,,polto@polestargroupbd.net,,,,,,82.05128205128204,confirmed
Ba: Bo:,4850,Jaber & Jobayer Fabrics Ltd.,08-01-2015,7000,4019,,,asean@globalctg.net,,,,,,66.66666666666667,low
Ba: Bo:,4852,Instyle Fashion Ltd.,23-02-2018,2500,3249,,,sujitroy@innstylefashionltd.com,,,,,,97.5609756097561,confirmed
Ba: Bo:,4855,M Color Fabrics,03-03-2009,6500,930,,,ehsanbgmeactg@gmail.com,,,,,,62.06896551724138,low
Ba: Bo:,4857,Max Sweater (BD) Ltd.,27-03-2012,3500,3642,,,max@bol-online.com,,,,,,100.0,confirmed
Ba: Bo:,4860,Texcon Textile (P:) Ltd.,01-04-2008,2500,3992,,,ritatexf@dhaka.net,,,,,,72.34042553191489,low
Ba: Bo:,4861,Rupom Knit Ware Ltd.,11-04-2014,2500,3697,,,,,,,,,80.0,confirmed
Ba: Bo:,4862,New Style Garments Ltd.,21-04-2012,2500,2511,,,zabir@news-stylebd.com,,,,,,97.87234042553192,confirmed
Ba: Bo:,4868,The-Overseas Apparels & Embrodery Ltd.,18-04-2016,2500,1811,,,hafiz.bd@ctgfashion.com,,,,,,88.31168831168831,confirmed
Ba: Bo:,4869,Al-Amin Washing Plant,04-04-2008,3500,7012,,,mizanmahid7@gmail.com,,,,,,75.0,low
Ba: Bo:,4870,Sinha Textiles Ltd,18-03-2020,7500,6973,,,md.emran28@yahoo.com,,,,,,83.33333333333334,confirmed
Ba: Bo:,4874,Smug Sweater Ltd.,25-04-2022,3500,4415,,,info@evasweater.com,,,,,,100.0,confirmed
Ba: Bo:,4877,Jazz Sweater Ltd.,19-04-2022,,4451,,,dhakapullovers@daffodilnet.net,,,,,,97.14285714285714,confirmed
Ba: Bo:,4875,Fashions Giars Ltd.,05-04-2014,2500,3230,,,info@fashiongearsltd.com,,,,,,91.89189189189189,confirmed
Ba: Bo:,4879,Nirjhar Knit Ware Ltd.,08-04-2008,2500,4476,,,olikfl@dhaka.net,,,,,,80.0,confirmed
Ba: Bo:,4881,Natural Woolwears Ltd,17-07-2022,2500,4782,,,,,,,,,78.04878048780488,low
Ba: Bo:,4880,Associated Garments Ltd.,12-02-2010,2500,412,,,info@princegroupbd.com,,,,,,97.87234042553192,confirmed
Ba: Bo:,4882,Multiple Fashions Ltd.,09-04-2008,2500,2174,,,info@princegroupbd.com,,,,,,100.0,confirmed
Ba: Bo:,4888,Kalibari Dying & Finishing,18-04-2022,5500,4725,,,mahtab@falcongroupbd.com,,,,,,65.625,low
Ba: Bo:,4890,Dressden Textiles Ltd.,11-04-2021,2500,4371,,,md@dresdentextiles.com,,,,,,97.67441860465115,confirmed
Ba: Bo:,4892,Sinha Textiles Ltd,09-03-2022,5500,6973,,,md.emran28@yahoo.com,,,,,,83.33333333333334,confirmed
Ba: Bo:,4895,A Q M Apparels Ltd.,05-04-2008,,6077,,,jalil@ab-group.co,,,,,,85.71428571428572,confirmed
Ba: Bo:,4896,A Q M Apparels Ltd.,05-04-2008,,6077,,,jalil@ab-group.co,,,,,,85.71428571428572,confirmed
Ba: Bo:,4897,A Q M Apparels Ltd.,10-04-2008,,6077,,,jalil@ab-group.co,,,,,,85.71428571428572,confirmed
Ba: Bo:,4898,Miraj Fashion Ltd.,02-04-2022,2500/-,3969,,,mirasfashion2013@gmail.com,,,,,,94.44444444444444,confirmed
Ba: Bo:,4900,Kewpoint Fashions Ltd.,16-04-2008,2500,3929,,,jabbar@dbl-group.com,,,,,,80.95238095238095,confirmed
Ba: Bo:,4901,Q-Point Fashions Ltd.,29-04-2018,2500,4139,,,dara@qfibd.com,,,,,,100.0,confirmed
Ba: Bo:,4905,Empress Newtex Composite Textiles Ltd.,30-06-2017,6000,5424,,,nafis.doula@impress-newtex.com,,,,,,81.57894736842105,confirmed
Ba: Bo:,4906,Five Star Textile Mills Ltd.,17-01-2023,6000,3985,,,info@sattartextile.com,,,,,,86.79245283018868,confirmed
Ba: Bo:,4907,Dragon Sweater Bangladesh Ltd.,23-03-2022,5500,792,,,info@dragon-sweater.net,,,,,,77.77777777777779,low
Ba: Bo:,4909,Leese Fashion Ind: Ltd.,16-04-2018,2500,2945,,,ids-bd@yahoo.com,,,,,,80.0,confirmed
Ba: Bo:,4910,Fabcon Textile Mills,05-04-2021,6000,6690,,,fairtextilemills@yahoo.com,,,,,,74.4186046511628,low
Ba: Bo:,4911,Jalal Ahmed Spinning Mills Ltd.,21-04-2022,3500,3772,,,quddus@dragon-sweater.net,,,,,,75.47169811320755,low
Ba: Bo:,4912,Jalal Ahmed Spinning Mills Ltd.,21-04-2022,3500,3772,,,quddus@dragon-sweater.net,,,,,,75.47169811320755,low
Ba: Bo:,4913,Dird Composite Textiles Ltd.,28-11-2021,2500,4233,,,ndaulah@dirdgroup.org,,,,,,100.0,confirmed
Ba: Bo:,4915,Sangnam Textile Mills Ltd.,22-04-2022,5000,3985,,,info@sattartextile.com,,,,,,86.27450980392157,confirmed
Ba: Bo:,4920,Shishir Kniting & Dying Ltd.,08-05-2022,6000,6058,,,info@mmfcl.ad.com,,,,,,96.55172413793103,confirmed
Ba: Bo:,4921,Reliance Washing Ind: Ltd.,18-04-2012,6000,4622,,,salimb@salimbrothers.com,,,,,,66.66666666666667,low
Ba: Bo:,4923,Savar Dying & Finishing Ind: Ltd.,14-04-2012,5000,5915,,,navyhosiery@gmail.com,,,,,,71.42857142857143,low
Ba: Bo:,4925,Savar Dying & Finishing Ind: Ltd.,09-03-2023,5500,5915,,,navyhosiery@gmail.com,,,,,,71.42857142857143,low
Ba: Bo:,4926,B H I S Apparels Ltd.,13-04-2010,2500,6607,,,mesbah@ritzygroupbd.com,,,,,,82.05128205128204,confirmed
Ba: Bo:,4927,B H I S Apparels Ltd.,13-04-2010,2500,6607,,,mesbah@ritzygroupbd.com,,,,,,82.05128205128204,confirmed
Ba: Bo:,4929,Evergreen Textiles Ltd.,07-03-2023,6500,5706,,,tanvir696@hotmail.com,,,,,,82.92682926829268,confirmed
Ba: Bo:,4930,Anlima Textile Ltd.,19-05-2022,7000,3922,,,hoque@anlima.com,,,,,,100.0,confirmed
Ba: Bo:,4932,Hosen Dying & Printing Mills Ltd.,08-05-2022,,5915,,,navyhosiery@gmail.com,,,,,,74.28571428571429,low
Ba: Bo:,4933,Martin Knitware Ltd.,17-05-2022,6500,3636,,,martin@dhaka.net,,,,,,87.8048780487805,confirmed
Ba: Bo:,4935,Airish Fabrics Ltd.,24-05-2022,6500,4670,,,zaman@divinetextile.com,,,,,,78.94736842105263,low
Ba: Bo:,4937,Kuliarchar Sweater Industries Ltd.,17-05-2017,2500,2102,,,,,,,,,88.88888888888889,confirmed
Ba: Bo:,4938,Time Sweaters Limited,15-09-2021,3500,5980,,,azhar@targetgroupbd.com,,,,,,87.17948717948718,confirmed
Ba: Bo:,4940,Genesis Fashions Ltd.,22-08-2022,6500,1369,,,tarique_ahmed@mj-group.com,,,,,,97.5609756097561,confirmed
Ba: Bo:,4942,Alim Knit (BD) Ltd.,09-04-2023,6500,4969,,,commercial@mondol.net,,,,,,100.0,confirmed
Ba: Bo:,4941,Keya Knit Composit Ltd.,21-03-2022,,4288,,,kgroup@keya-bd.com,,,,,,97.87234042553192,confirmed
Ba: Bo:,4944,Consumer Knitex Ltd.,25-06-2022,6500,4565,,,,,,,,,100.0,confirmed
Ba: Bo:,4946,Western Knit Ware Ltd.,24-04-2008,2500,5816,,,westknit@link3.net,,,,,,87.8048780487805,confirmed
Ba: Bo:,4945,Consumer Knitex Ltd.,24-06-2012,6500,4565,,,,,,,,,100.0,confirmed
Ba: Bo:,4949,Envoy Textiles Ltd.,14-03-2023,6500,5216,,,rubenapex@gmail.com,,,,,,83.33333333333334,confirmed
Ba: Bo:,4950,Can Am Garments (Pvt.) Ltd.,29-05-2019,4500,1156,,,jamal.evecorpbd@gmail.com,,,,,,90.9090909090909,confirmed
Ba: Bo:,4951,Envoy Textiles Ltd.,14-03-2023,6500,5216,,,rubenapex@gmail.com,,,,,,83.33333333333334,confirmed
Ba: Bo:,4952,Shanto Marium Fashions Ltd.,18-11-2020,3500,1366,,,unityfabric@gnbd.net,,,,,,80.85106382978724,confirmed
Ba: Bo:,4955,Aswad Composite Mills Ltd.,26-08-2020,6500,4640,,,palmalexport@palmalgarments.com,,,,,,100.0,confirmed
Ba: Bo:,4954,"A, R Khan Sizing & Fabrics Ltd.",16-05-2022,5000/-,3830,,,,,,,,,90.32258064516128,confirmed
Ba: Bo:,4957,Target Fine Knit Ind: Ltd.,09-06-2012,3500,4387,,,info@targetgroup-bd.com,,,,,,76.92307692307692,low
Ba: Bo:,4959,Libas Textiles Ltd.,25-06-2022,6500,5992,,,,,,,,,100.0,confirmed
Ba: Bo:,4961,Lotus Kamal Knit Ware Ltd.,20-04-2022,7000,4754,,,,,,,,,72.0,low
Ba: Bo:,4960,South Dragon Dying & Washing Limited,08-01-2019,5000,6472,,,amanul.hossain@hams.com.bd,,,,,,64.70588235294117,low
Ba: Bo:,4963,Mohammdi Dying & Printing Industries Ltd.,07-04-2022,5000,2026,,,,,,,,,72.72727272727273,low
Ba: Bo:,4966,Kenpark Bangladesh Apparels (P:) Ltd.,24-05-2022,6000,4572,,,info@kenpark-bangladesh.com,,,,,,94.5945945945946,confirmed
Ba: Bo:,4967,M P Spinning Mills Ltd.,13-06-2011,,3772,,,quddus@dragon-sweater.net,,,,,,84.44444444444444,confirmed
Ba: Bo:,4968,Three Star Fabrics,26-05-2022,6500,2360,,,fashionpark@greenaro.com,,,,,,64.86486486486487,low
Ba: Bo:,4979,A M C Knit Composit Ltd.,24-05-2022,6500,5103,,,spknit@dandylink.com,,,,,,89.36170212765957,confirmed
Ba: Bo:,4983,Dress & Dismetic (P:) Ltd.,05-05-2022,2500,3142,,,amzad@almuslimgroup.net,,,,,,90.56603773584906,confirmed
Ba: Bo:,4987,Magpai Composit Textile Ltd.,24-06-2020,5000,4557,,,md@magpiegroupbd.com,,,,,,94.73684210526316,confirmed
Ba: Bo:,4989,NRG Composite Yearn Dyeing,30-01-2022,7000,5727,,,annex2bd@hotmail.com,,,,,,62.06896551724138,low
Ba: Bo:,4988,Mascot Knits Ltd.,28-03-2022,2500,4184,,,khaiyam@mascotgroup.com,,,,,,100.0,confirmed
Ba: Bo:,4992,Sattar Textile Mills Ltd.,10-06-2018,6500,3985,,,info@sattartextile.com,,,,,,100.0,confirmed
Ba: Bo:,4994,S M H General Apparels Ltd.,08-08-2022,2500,4382,,,smhgroupbd@gmail.com,,,,,,77.96610169491525,low
Ba: Bo:,4993,Sattar Textile Mills Ltd.,10-06-2018,6500,3985,,,info@sattartextile.com,,,,,,100.0,confirmed
Ba: Bo:,4997,Parl Prince Apparels Ltd.,14-07-2021,5000,4314,,,info@princegroupbd.com,,,,,,98.0392156862745,confirmed
Ba: Bo:,5000,Jara Composit Textiles Ltd.,22-04-2020,6500,4233,,,ndaulah@dirdgroup.org,,,,,,87.27272727272728,confirmed
Ba: Bo:,5002,Eva Dying & Printing,16-08-2021,6500,1910,,,nrgroup@global-bd.net,,,,,,62.06896551724138,low
Ba: Bo:,5005,J M Fabrics Ltd.,14-07-2022,6500,4380,,,a.chowdhury@newasiabd.com,,,,,,84.84848484848484,confirmed
Ba: Bo:,4998,Rajdut Dying & Printing Industries Ltd.,25-04-2022,3500,1910,,,nrgroup@global-bd.net,,,,,,75.32467532467533,low
Ba: Bo:,5006,J M Fabrics Ltd.,03-07-2022,7000,4380,,,a.chowdhury@newasiabd.com,,,,,,84.84848484848484,confirmed
Ba: Bo:,5007,Share Knitware Ltd.,13-09-2016,3500,6056,,,ashraf@r3a-bd.com,,,,,,87.17948717948718,confirmed
Ba: Bo:,5009,Asian Apparels Ltd.,19-06-2017,2500,1231,,,asian@spenectg.com,,,,,,100.0,confirmed
Ba: Bo:,5010,Asian Apparels Ltd.,19-06-2017,2500,1231,,,asian@spenectg.com,,,,,,100.0,confirmed
Ba: Bo:,5012,Messures Keti Textile Mills,16-07-2022,5000,6130,,,,,,,,,66.66666666666667,low
Ba: Bo:,5013,Sahil Fashions Ltd.,05-10-2022,6500,5547,,,reza@aptechdesignsltd.com,,,,,,87.17948717948718,confirmed
Ba: Bo:,5014,R N Textile,12-07-2010,5000,5936,,,,,,,,,66.66666666666667,low
Ba: Bo:,5018,World Dye Dress Pents Ltd.,20-07-2018,3500,4132,,,wyjeanye@hotmail.com,,,,,,82.35294117647058,confirmed
Ba: Bo:,5019,The Rose Dresses Ltd.,23-02-2022,2500,4241,,,atiq@islam-garments.com,,,,,,100.0,confirmed
Ba: Bo:,5022,Sumi Sweaters Ltd.,24-07-2008,,5654,,,sanju3e@gmail.com,,,,,,88.88888888888889,confirmed
Ba: Bo:,5020,The Rose Dresses Ltd.,31-07-2012,,4241,,,atiq@islam-garments.com,,,,,,100.0,confirmed
Ba: Bo:,5023,Aital Tex Knit Ware Ltd.,05-07-2011,2500,6005,,,,,,,,,73.91304347826086,low
Ba: Bo:,5025,Night Angle Fashion Ltd.,13-07-2019,6000,4941,,,paulanup@amplefashion.com,,,,,,76.19047619047619,low
Ba: Bo:,5026,APS Apparels (Dyeing Unit) Ltd.,19-08-2022,6500,2930,,,ali@aps-group.org,,,,,,70.83333333333333,low
Ba: Bo:,5028,Knit & Knit Ware Ltd.,29-07-2011,2500,3498,,,babylon@babylon-bd.com,,,,,,78.04878048780488,low
Ba: Bo:,5029,Intramax Fashions Ltd.,13-10-2016,2500,3256,,,anayet@intramex-bd.com,,,,,,95.45454545454545,confirmed
Ba: Bo:,5030,Energypac Fashions Ltd.,27-08-2018,3500,4471,,,eel@vincit.net,,,,,,100.0,confirmed
Ba: Bo:,5031,New Rakhi Textile Mills Ltd.,24-07-2008,4500,3603,,,rafique@tejgaontextile.com,,,,,,77.77777777777779,low
Ba: Bo:,5035,Vision Garments Ltd.,13-08-2022,5000,4624,,,vision@vision-bd.com,,,,,,100.0,confirmed
Ba: Bo:,5036,Ashik Composit Textile Mills Ltd.,17-08-2022,6000,5703,,,info@silverlinebd.com,,,,,,79.41176470588236,low
Ba: Bo:,5039,Pioneer Apparels Ltd.,25-09-2019,2500,2620,,,mansur@pioneergroupbd.com,,,,,,100.0,confirmed
Ba: Bo:,5038,Waltz Fashions Ltd.,22-08-2022,2500,3879,,,mortuja@waltzfashions.com,,,,,,100.0,confirmed
Ba: Bo:,5042,Swapon Washing Ltd.,22-08-2018,5000,6117,,,badal@tusuka.com,,,,,,73.6842105263158,low
Ba: Bo:,5046,Yogo Tex Fabrics Co.,15-07-2022,6500/-,5960,,,info@autotexfl.com,,,,,,65.0,low
Ba: Bo:,5047,Yogo Tex Fabrics Co. Ltd.,15-08-2022,6500/-,5960,,,info@autotexfl.com,,,,,,75.55555555555556,low
Ba: Bo:,5051,D N Textile Mills Ltd.,28-08-2017,6500,3763,,,garment@kdsgroup.net,,,,,,90.9090909090909,confirmed
Ba: Bo:,5055,Fair Apparels Ltd.,09-08-2013,2500,3061,,,quasem@global-bd.net,,,,,,100.0,confirmed
Ba: Bo:,5056,Padma Polycotton Fabrics Ltd.,26-08-2019,7000,2413,,,admin@padmapolycotton.net,,,,,,92.06349206349206,confirmed
Ba: Bo:,5057,Sincere Knitware Ltd.,11-06-2012,6500,5459,,,,,,,,,82.92682926829268,confirmed
Ba: Bo:,5058,Hosen Dying & Printing Mills Ltd.,26-09-2022,6500,5915,,,navyhosiery@gmail.com,,,,,,74.28571428571429,low
Ba: Bo:,5059,Ali Newaj Textile Mills Ltd.,14-09-2022,6500,4776,,,mebtex@colbd.com,,,,,,80.70175438596492,confirmed
Ba: Bo:,5063,Crown Fashion & Sweater Ind: Ltd.,07-09-2019,3500,3440,,,rezaul@crownfashionbd.net,,,,,,96.96969696969697,confirmed
Ba: Bo:,5065,Jilani Fashion Ware Ltd.,02-09-2008,2500,1794,,,jilani@abnetbd.com,,,,,,93.87755102040816,confirmed
Ba: Bo:,5066,Roshoa Fabrics Ltd.,14-09-2012,7000,4593,,,shahid@rupagroup.net,,,,,,83.33333333333334,confirmed
Ba: Bo:,5067,Goriang Fashions Ltd.,16-11-2020,4500,1239,,,nusrat@gooryongfashions.com,,,,,,88.37209302325581,confirmed
Ba: Bo:,5069,Litun Fabrics Ltd.,16-09-2021,6500,4458,,,,,,,,,100.0,confirmed
Ba: Bo:,5072,Lavis Garments (P): Ltd.,09-09-2008,2500,351,,,kasons@fnfbd.net,,,,,,83.33333333333334,confirmed
Ba: Bo:,5071,Martin Knitware Ltd.,11-09-2008,3500,3636,,,martin@dhaka.net,,,,,,87.8048780487805,confirmed
Ba: Bo:,5076,Rhythm Apparels Ltd.,23-08-2022,2500/-,2510,,,g.kabir1952@yahoo.com,,,,,,100.0,confirmed
Ba: Bo:,5077,Radison Washing Plant Ltd.,21-06-2022,5000,7012,,,mizanmahid7@gmail.com,,,,,,66.66666666666667,low
Ba: Bo:,5078,Nipa Fashion Ware Industries Ltd.,26-02-2022,2500,3203,,,khosru@nipagroup.net,,,,,,90.625,confirmed
Ba: Bo:,5079,J L Sweaters Ltd.,12-09-2022,2500,4620,,,kabir@jlfashionltd.com,,,,,,91.42857142857143,confirmed
Ba: Bo:,5081,Chittagong Washing Ltd.,30-08-2018,2500,2243,,,bhuiyan_anis@yahoo.com,,,,,,70.58823529411764,low
Ba: Bo:,5080,Volmolt Sweaters Ltd.,11-05-2022,2500,4559,,,bipul@valmontsweater.com,,,,,,90.47619047619048,confirmed
Ba: Bo:,5082,"A, T S Apparels Ltd.",15-10-2022,2500,6077,,,jalil@ab-group.co,,,,,,83.33333333333334,confirmed
Ba: Bo:,5085,Clean Washing Ltd.,04-09-2017,3500,4220,,,fifltd@citechco.net,,,,,,80.0,confirmed
Ba: Bo:,5090,Trust Knit Ware Ind: Ltd.,20-09-2022,6000,4373,,,md@trustknitwear.com,,,,,,76.0,low
Ba: Bo:,5091,"A, K, H Shirts Ltd.",18-09-2018,2500,4500,,,info@akhfashions.com,,,,,,82.35294117647058,confirmed
Ba: Bo:,5092,Raj Kumar Textile Mills (P:) Ltd.,22-09-2022,5000/-,6690,,,fairtextilemills@yahoo.com,,,,,,75.0,low
Ba: Bo:,5094,Unique Washing Ind:,13-09-2016,3500,,,,,,,,,,0,none
Ba: Bo:,5095,Comilla Spinning Mills Ltd.,24-09-2008,2500,3772,,,quddus@dragon-sweater.net,,,,,,85.71428571428572,confirmed
Ba: Bo:,5096,Messures Hasan Textile Processing Ind: Ltd.,20-09-2022,5500,2504,,,giant@giantbd.com,,,,,,60.0,low
Ba: Bo:,5099,J L Sweaters Ltd.,22-02-2023,2500,4620,,,kabir@jlfashionltd.com,,,,,,91.42857142857143,confirmed
Ba: Bo:,5100,R M M Sweaters Ltd.,20-11-2020,2500,1694,,,mazidtalukdar@yahoo.com,,,,,,88.88888888888889,confirmed
Ba: Bo:,5102,Land Mark Sweaters Ltd.,24-05-2009,2500,3524,,,commercial@mondol.net,,,,,,85.0,confirmed
Ba: Bo:,5101,Shahreen Fashion Ware Ltd.,24-04-2017,2500,5828,,,info.novimodaknitwearltd.bd.@gmail.com,,,,,,83.33333333333334,confirmed
Ba: Bo:,5103,Natural Sweater Village Ltd.,28-05-2021,2500,5019,,,mizan@naturalgroup.org,,,,,,100.0,confirmed
Ba: Bo:,5108,M/S West Knit Wear Ltd.,16-09-2021,2500,5816,,,westknit@link3.net,,,,,,90.47619047619048,confirmed
Ba: Bo:,5111,Knit Zone Fashions Ltd.,26-09-2012,3500,3490,,,commerz@pslbd.com,,,,,,87.5,confirmed
Ba: Bo:,5112,Knit Zone Fashions Ltd.,26-09-2012,3500,3490,,,commerz@pslbd.com,,,,,,87.5,confirmed
Ba: Bo:,5113,Dress Knit Wares Ltd.,16-09-2009,2500,3507,,,shellco@bdonline.com,,,,,,78.94736842105263,low
Ba: Bo:,5114,Renesha Apparels Ltd.,13-09-2015,2500,4227,,,adr.shakhawat@gmail.com,,,,,,85.71428571428572,confirmed
Ba: Bo:,5116,A B Mart Fashion Ware Ltd.,26-09-2017,2500,4455,,,abmartfashion@gmail.com,,,,,,94.11764705882352,confirmed
Ba: Bo:,5115,Pandora Fashion Ltd.,17-09-2020,3500,3048,,,sma.razzaque@renaissance.com.bd,,,,,,100.0,confirmed
Ba: Bo:,5117,Sharp Knit Composit,25-09-2008,2500,5330,,,md@saihamknit.com,,,,,,75.55555555555556,low
Ba: Bo:,5118,Yousuf Composit Knit Industries Ltd.,22-08-2017,2500,6647,,,sadek.haidory@gmail.com,,,,,,83.33333333333334,confirmed
Ba: Bo:,5121,Penin Sula Dresses International Ltd.,22-09-2022,2500,288,,,sjahan123@gmail.com,,,,,,70.4225352112676,low
Ba: Bo:,5122,Olio Apparels Ltd.,28-08-2022,2500,4410,,,murshedy@envoy-group.com,,,,,,100.0,confirmed
Ba: Bo:,5124,Mohammadi Calendering & Printing Mills Ltd.,17-04-2022,5500,1276,,,gopesh@apexholdings.com,,,,,,61.53846153846154,low
Ba: Bo:,5123,Olio Apparels Ltd.,25-08-2012,2500,4410,,,murshedy@envoy-group.com,,,,,,100.0,confirmed
Ba: Bo:,5128,Chittagong Asian Apparels Ltd.,26-12-2022,2500/-,3940,,,masalam@asianapparels.com,,,,,,100.0,confirmed
Ba: Bo:,5129,Vintage Garments Ltd.,05-09-2018,3500,3083,,,mesbah_khan@windygroupbd.net,,,,,,100.0,confirmed
Ba: Bo:,5132,Tengan Garments Ltd.,14-09-2019,2500,4658,,,kayes@cyanbd.com,,,,,,90.0,confirmed
Ba: Bo:,5134,V Tex Fashion (Pvt.) Ltd.,12-04-2018,2500,5303,,,hafiz@tbhfashion.com,,,,,,86.79245283018868,confirmed
Ba: Bo:,5135,Madina Textile Mills Ltd.,26-09-2008,3500,3587,,,saad_milaco@yahoo.com,,,,,,78.57142857142857,low
Ba: Bo:,5137,Amana Textile,18-09-2018,2500,5936,,,,,,,,,100.0,confirmed
Ba: Bo:,5138,Luxmes Knit Ware Ltd.,26-09-2008,2500,6408,,,info@tex-designbd.com,,,,,,73.91304347826086,low
Ba: Bo:,5139,Mim Dresses (P:) Ltd.,11-09-2009,2500,3559,,,khosru@nipagroup.net,,,,,,81.81818181818181,confirmed
Ba: Bo:,5141,Be Washing Ind:,24-09-2008,3500,4220,,,fifltd@citechco.net,,,,,,62.5,low
Ba: Bo:,5142,Merchant Sweater,26-09-2008,2500,6272,,,sarwar.ahmed@herasweaters.com,,,,,,70.58823529411764,low
Ba: Bo:,5144,Kimbarly Apparels Ltd.,21-09-2015,2500,1656,,,kimberley@global-bd.net,,,,,,93.33333333333333,confirmed
Ba: Bo:,5146,Natural Sweater Village Ltd.,28-05-2021,2500,5019,,,mizan@naturalgroup.org,,,,,,100.0,confirmed
Ba: Bo:,5148,Norp Knit Industries Ltd.,07-09-2022,3500,4007,,,sarkar@norpknit.com,,,,,,100.0,confirmed
Ba: Bo:,5149,Norp Knit Industries Ltd.,12-09-2022,2500,4007,,,sarkar@norpknit.com,,,,,,100.0,confirmed
Ba: Bo:,5150,Tarik Azim Textile Mills Ltd.,24-09-2018,2500,4776,,,mebtex@colbd.com,,,,,,96.55172413793103,confirmed
Ba: Bo:,5154,Uttara Fabrics (Pvt.) Ltd.,10-07-2019,2500,4523,,,commercial@arrow-group.net,,,,,,74.50980392156863,low
Ba: Bo:,5158,Kung King Textile (Bangladesh) Co. Ltd.,21-06-2012,2500,7091,,,acsinfo@acstextiles.com,,,,,,72.22222222222221,low
Ba: Bo:,5162,Naab Fashions Ltd.,17-09-2019,2500,4542,,,enam@naabfashionltd.com,,,,,,100.0,confirmed
Ba: Bo:,5161,"K, N, B, Sweaters Ltd.",04-06-2013,3500,3631,,,zakir.bkc@bracnet.net,,,,,,78.94736842105263,low
Ba: Bo:,5165,Mahdeen Sweaters Ltd.,14-09-2022,3500,4532,,,syed@mahdeengroup.com,,,,,,100.0,confirmed
Ba: Bo:,5164,Mahdeen Sweaters Ltd.,14-09-2022,2500,4532,,,syed@mahdeengroup.com,,,,,,100.0,confirmed
Ba: Bo:,5167,Park View Dresses Ltd.,26-06-2021,2500,4799,,,office@parkscenebd.com,,,,,,93.02325581395348,confirmed
Ba: Bo:,5168,Oishi Fashion Pvt. Ltd,16-12-2021,3500,3438,,,kamal@oasisbd.net,,,,,,75.0,low
Ba: Bo:,5171,Khalifa Apparels Ltd.,05-10-2019,2500,4556,,,info.dir@shinshingroup.com,,,,,,100.0,confirmed
Ba: Bo:,5172,Bakul Apparels Ltd.,04-10-2019,2500,1028,,,lishahi@ragers.com,,,,,,100.0,confirmed
Ba: Bo:,5173,Ali-Hosen Textile Mills (P:) Ltd.,23-10-2008,7000,2154,,,arefin@arefingroupbd.com,,,,,,75.86206896551724,low
Ba: Bo:,5176,Cleston Apparels & Textiles Ltd.,10-10-2022,2500,4062,,,lemond@lemond-fashion.com,,,,,,88.88888888888889,confirmed
Ba: Bo:,5178,Aduri Knit Composit Ltd.,06-11-2022,6500/-,6906,,,rzsalim@gmail.com,,,,,,89.79591836734694,confirmed
Ba: Bo:,5177,Cleston Apparels & Textiles Ltd.,10-10-2022,2500,4062,,,lemond@lemond-fashion.com,,,,,,88.88888888888889,confirmed
Ba: Bo:,5182,Matrics Sweaters Ltd.,10-09-2022,3500,4507,,,alamgir@matrixsweatersbd.com,,,,,,92.6829268292683,confirmed
Ba: Bo:,5184,Global Specialized Garments Ltd.,07-11-2017,3500,2903,,,gsgl2@spnetctg.com,,,,,,89.85507246376811,confirmed
Ba: Bo:,5187,Ayesha Enterprise (Garments) Ltd.,23-01-2018,2500,531,,,euk@eukgroup.org,,,,,,92.06349206349206,confirmed
Ba: Bo:,5188,Taratex Fashion Ltd.,14-11-2021,2500,5665,,,mazumder.hossain@taratexbd.com,,,,,,100.0,confirmed
Ba: Bo:,5191,Designtex Sweaters Ltd.,03-11-2018,3500,3516,,,rafiq@designtexbd.com,,,,,,100.0,confirmed
Ba: Bo:,5192,Epic Garments Manuf. Co. Ltd.,04-11-2021,3500,4676,,,info@egmclbd.com,,,,,,98.24561403508771,confirmed
Ba: Bo:,5194,Tithi Textile Mills (Pvt.) Ltd.,29-11-2010,,3587,,,saad_milaco@yahoo.com,,,,,,77.41935483870968,low
Ba: Bo:,5196,"I, B, Apparels Ltd.",15-01-2013,2500,6607,,,mesbah@ritzygroupbd.com,,,,,,86.48648648648648,confirmed
Ba: Bo:,5203,Hasin Knit Composit Ltd.,23-12-2022,7000,4954,,,nasir@shangugroup.com,,,,,,86.79245283018868,confirmed
Ba: Bo:,5206,Doniyar Textile Mills Ltd.,30-12-2015,4500,3675,,,k2ahsan@yahoo.com,,,,,,88.46153846153845,confirmed
Ba: Bo:,5209,Rebeca Fashions Ltd.,05-10-2021,2500,4965,,,reza@rezagroup-bd.com,,,,,,89.47368421052632,confirmed
Ba: Bo:,5208,Alpaa Composite Towels Ltd.,11-12-2017,3500,7065,,,reza@ahavafashionltd.com,,,,,,76.59574468085107,low
Ba: Bo:,5214,Britex Washing Plant,18-12-2022,3500/-,7012,,,mizanmahid7@gmail.com,,,,,,76.92307692307692,low
Ba: Bo:,5217,Messures Sun Textile,06-12-2019,6000,5903,,,,,,,,,60.60606060606061,low
Ba: Bo:,5218,United Washing Ltd.,27-12-2017,3500,7136,,,md@nttexltd.com,,,,,,70.27027027027026,low
Ba: Bo:,5219,C P M Composit Knit Ltd.,13-12-2012,2500,6340,,,tm.knit@oshingroup-bd.com,,,,,,86.95652173913044,confirmed
Ba: Bo:,5221,Legasy  Fashion Ltd.,18-01-2023,2500/-,4339,,,yasinali@valiantbd.com,,,,,,94.73684210526316,confirmed
Ba: Bo:,5222,Ligasi Fashion Ltd.,18-01-2023,2500/-,3459,,,knitters@citechco.net,,,,,,84.21052631578947,confirmed
Ba: Bo:,5223,Legasy Fashion Ltd.,18-01-2023,2500/-,4339,,,yasinali@valiantbd.com,,,,,,94.73684210526316,confirmed
Ba: Bo:,5224,S B Knit Composit,09-01-2022,6000,5103,,,spknit@dandylink.com,,,,,,75.0,low
Ba: Bo:,5207,Ever Best Textile (P:) Ltd.,12-12-2008,4500,2621,,,shibli@basetextile.com,,,,,,72.72727272727273,low
Ba: Bo:,5229,B S A Fashion Ltd.,07-01-2009,5500,3016,,,aba@abagroupbd.com,,,,,,85.71428571428572,confirmed
Ba: Bo:,5230,Razzak Textile Mills Ltd.,17-01-2014,2500,2343,,,mhrkhan@aitibd.net,,,,,,90.56603773584906,confirmed
Ba: Bo:,5231,Newtech Washing & Send Blasting Enterprise,07-01-2009,3500,,,,,,,,,,0,none
Ba: Bo:,5233,Mohammadi Knitwares,09-01-2009,2500,2026,,,,,,,,,68.18181818181819,low
Ba: Bo:,5232,Mohammadi Knitwares,09-01-2009,2500,2026,,,,,,,,,68.18181818181819,low
Ba: Bo:,5234,Mohammadi Knitwares,09-01-2009,2500,2026,,,,,,,,,68.18181818181819,low
Ba: Bo:,5235,"S, Nahar Garments & Textile Mills Ltd.",09-01-2009,2500,706,,,nazrul@mohammadigroup-hr.com,,,,,,97.36842105263158,confirmed
Ba: Bo:,5237,"S, Nahar Garments & Textile Mills Ltd.",09-01-2009,2500,706,,,nazrul@mohammadigroup-hr.com,,,,,,97.36842105263158,confirmed
Ba: Bo:,5238,"S, Nahar Garments & Textile Mills Ltd.",09-01-2009,2500,706,,,nazrul@mohammadigroup-hr.com,,,,,,97.36842105263158,confirmed
Ba: Bo:,5236,"S, Nahar Garments & Textile Mills Ltd.",09-01-2009,2500,706,,,nazrul@mohammadigroup-hr.com,,,,,,97.36842105263158,confirmed
Ba: Bo:,5239,"S, Nahar Garments & Textile Mills Ltd.",09-01-2009,2500,706,,,nazrul@mohammadigroup-hr.com,,,,,,97.36842105263158,confirmed
Ba: Bo:,5240,"S, Nahar Garments & Textile Mills Ltd.",09-01-2009,2500,706,,,nazrul@mohammadigroup-hr.com,,,,,,97.36842105263158,confirmed
Ba: Bo:,5241,Roni Knit Composit (P:) Ltd.,05-01-2022,6500,5877,,,hasib@aps-group.org,,,,,,78.43137254901961,low
Ba: Bo:,5246,Kapotakkho Knit Wares,09-01-2009,2500,,,,,,,,,,0,none
Ba: Bo:,5248,The Delta Spinning Mills Ltd.,11-02-2021,7000,3772,,,quddus@dragon-sweater.net,,,,,,82.35294117647058,confirmed
Ba: Bo:,5249,Keya Knit Composit Ltd.,22-03-2022,7000,4288,,,kgroup@keya-bd.com,,,,,,97.87234042553192,confirmed
Ba: Bo:,5247,Jahin Knit Wares Ltd.,26-01-2023,6500,5715,,,kamal@kemsgroup.com,,,,,,80.95238095238095,confirmed
Ba: Bo:,5250,Amezing Fashions Ltd.,25-05-2022,2500,4421,,,z.hoque@fareastbd.com,,,,,,95.23809523809523,confirmed
Ba: Bo:,5251,Ripon Knitware Ltd.,09-01-2018,2500,4629,,,faruk@ripongroupbd.com,,,,,,94.73684210526316,confirmed
Ba: Bo:,5254,Al-Hamidi Textiles Ltd.,09-07-2017,6500,5175,,,mansur@pioneergroupbd.com,,,,,,84.44444444444444,confirmed
Ba: Bo:,5255,Bangladesh Spiners & Kniters (Pvt.) Ltd.,05-01-2023,6000/-,2861,,,tonyche@bsklbd.com,,,,,,96.2962962962963,confirmed
Ba: Bo:,5256,Kun Tung Apparels Ltd.,24-01-2021,5000,4216,,,cfo.kt@kwuntongapparels.com,,,,,,93.33333333333333,confirmed
Ba: Bo:,5259,United Apparels Ltd.,25-10-2018,6500,5563,,,unisense.rmg@gmail.com,,,,,,85.71428571428572,confirmed
Ba: Bo:,5262,CPM Composit Knit Ltd.,13-12-2012,6500,5103,,,spknit@dandylink.com,,,,,,88.88888888888889,confirmed
Ba: Bo:,5264,Starling Laundry Ltd.,12-10-2022,6500,3206,,,fazlul@sterlingbd.com,,,,,,69.76744186046511,low
Ba: Bo:,5263,Avant Grade Fashion Ltd.,20-01-2021,5000,7068,,,rupertwu@leadtexinnovation.com,,,,,,83.33333333333334,confirmed
Ba: Bo:,5267,Chittagong Fashion Specialized Textiles Ltd.,22-04-2022,2500/-,3075,,,afzal@chittagongfashion.com,,,,,,89.1566265060241,confirmed
Ba: Bo:,5268,Nassa Washing Ltd.,16-01-2022,5000,6117,,,badal@tusuka.com,,,,,,81.08108108108108,confirmed
Ba: Bo:,5270,Savar Dying & Finishing Ind: Ltd.,21-11-2022,5500,5915,,,navyhosiery@gmail.com,,,,,,71.42857142857143,low
Ba: Bo:,5271,Tarasima Apparels Ltd.,03-08-2022,5500,4306,,,bgmea@misami.com,,,,,,100.0,confirmed
Ba: Bo:,5272,Messures Jalo Kniting Ltd.,08-02-2009,2500,2644,,,queens@jayaknitting.com,,,,,,68.18181818181819,low
Ba: Bo:,5274,High Fashion Composit Textiles Ltd.,27-02-2022,2500,4581,,,islam@fmakers.com,,,,,,86.95652173913044,confirmed
Ba: Bo:,5276,Roujan Sweater Ltd.,15-02-2023,2500/-,3776,,,qtex@globalctg.net,,,,,,89.47368421052632,confirmed
Ba: Bo:,5277,Messures Vision Garments Ltd.,09-01-2023,3500,4624,,,vision@vision-bd.com,,,,,,81.63265306122449,confirmed
Ba: Bo:,5279,Apparels JB 21 Ltd.,08-02-2018,3500,7152,,,info@jbapparelsltd.com,,,,,,91.42857142857143,confirmed
Ba: Bo:,5280,Total Fashion Ltd.,19-02-2022,6500,4464,,,office@total-fashion.org,,,,,,100.0,confirmed
Ba: Bo:,5284,Shagore Garments Ltd.,10-02-2022,2500,57,,,nhaque@shagore.com,,,,,,100.0,confirmed
Ba: Bo:,5283,Keya Knit Composit Ltd.,22-03-2022,7000,4288,,,kgroup@keya-bd.com,,,,,,97.87234042553192,confirmed
Ba: Bo:,5288,S S A Spinning Ltd.,18-02-2020,7000,3772,,,quddus@dragon-sweater.net,,,,,,73.17073170731707,low
Ba: Bo:,5289,Galaxy Sweaters & Yearn Dying Ltd.,14-02-2018,4500,4777,,,info@anontex.com,,,,,,92.3076923076923,confirmed
Ba: Bo:,5292,Paramount Apparels Ltd.,01-01-2016,2500,999,,,mmsohel@panoramabd.com,,,,,,84.44444444444444,confirmed
Ba: Bo:,5291,Knit Redix Ltd.,21-03-2012,2500,5920,,,masud@knitradix.com,,,,,,93.33333333333333,confirmed
Ba: Bo:,5295,Anando Sweater Ltd.,04-03-2009,3500,4383,,,,,,,,,88.88888888888889,confirmed
Ba: Bo:,5294,Pantex Dress Ltd.,28-03-2022,2500,3850,,,bhabesh@pantexbd.com,,,,,,94.44444444444444,confirmed
Ba: Bo:,5299,Toba Garments Ltd.,14-03-2016,2500,4508,,,,,,,,,94.44444444444444,confirmed
Ba: Bo:,5297,Dress World Ltd.,09-01-2023,6500,2875,,,munir@vertexgroup-bd.com,,,,,,100.0,confirmed
Ba: Bo:,5301,Knit House,16-03-2009,2500,2165,,,nrgroup@global-bd.net,,,,,,60.86956521739131,low
Ba: Bo:,5300,Stylo Fashion Garments Ltd.,14-02-2017,2500,3912,,,hasan@stylogroup.net,,,,,,100.0,confirmed
Ba: Bo:,5304,Askimo Fashions Ltd.,11-03-2009,2500,3235,,,sharifur@ntg.net.bd,,,,,,86.48648648648648,confirmed
Ba: Bo:,5303,S B Kniting Ltd.,10-03-2009,,4742,,,,,,,,,82.35294117647058,confirmed
Ba: Bo:,5307,South East Textiles (Pvt.) Ltd.,07-01-2022,3500,5836,,,ilias@icl.bdrmg.com,,,,,,100.0,confirmed
Ba: Bo:,5308,Elegent Washing Ltd.,11-03-2022,5500,4220,,,fifltd@citechco.net,,,,,,70.27027027027026,low
Ba: Bo:,5315,Dazling Dresses Ltd.,15-02-2022,2500,6493,,,kazalddl@epylliongroup.com,,,,,,97.5609756097561,confirmed
Ba: Bo:,5316,New Town Knitware Co. Ltd.,28-09-2022,3500,4338,,,faisal@pentagonknit.com,,,,,,69.38775510204081,low
Ba: Bo:,5317,Best Wool Sweaters Ltd.,24-04-2017,3500,3826,,,akabir@bestwoolbd.net,,,,,,100.0,confirmed
Ba: Bo:,5318,Best Wool Sweaters Ltd.,24-04-2017,3500,3826,,,akabir@bestwoolbd.net,,,,,,100.0,confirmed
Ba: Bo:,5320,Messures Odesa Fashions Ltd.,26-04-2022,2500,1962,,,adnan@zaastex.com,,,,,,79.16666666666666,low
Ba: Bo:,5322,Devine  Textile Ltd.,19-04-2023,6500,2507,,,zaman@divinetextile.com,,,,,,94.73684210526316,confirmed
Ba: Bo:,5323,Park Way Packeging & Printing Ltd.,11-05-2022,6000,,,,,,,,,,0,none
Ba: Bo:,5325,Max Sweater (BD) Ltd.,09-02-2021,4500,3642,,,max@bol-online.com,,,,,,100.0,confirmed
Ba: Bo:,5326,Kwun Tong Apparels Ltd.,24-01-2021,5000,4216,,,cfo.kt@kwuntongapparels.com,,,,,,100.0,confirmed
Ba: Bo:,5336,Concept Kniting Ltd.,09-04-2018,2500,4405,,,masco@mascogrp.com,,,,,,97.5609756097561,confirmed
Ba: Bo:,5337,Concept Kniting Ltd.,03-04-2021,6500,4405,,,masco@mascogrp.com,,,,,,97.5609756097561,confirmed
Ba: Bo:,5338,Jaber & Jobayer Fabrics Ltd.,24-04-2022,7000,4019,,,asean@globalctg.net,,,,,,66.66666666666667,low
Ba: Bo:,5340,Thats It Knit Ltd.,14-04-2009,6500,3593,,,azad@hameemgroup.com,,,,,,97.2972972972973,confirmed
Ba: Bo:,5342,Crony apparels Ltd (KDC),09-05-2022,6500,3790,,,shawn@sparrow-group.com,,,,,,65.21739130434783,low
Ba: Bo:,5343,Mans Fashion Ltd.,17-03-2022,5500,753,,,mksfashionltd@gmail.com,,,,,,94.11764705882352,confirmed
Ba: Bo:,5346,Unilines Textiles Ltd.,03-04-2020,7000,4970,,,info@unilliance.com,,,,,,91.30434782608697,confirmed
Ba: Bo:,5345,Fine Sweaters Ltd.,23-04-2019,2500,4144,,,roman.haider@cosmicbd.com,,,,,,94.44444444444444,confirmed
Ba: Bo:,5347,Unilines Textiles Ltd.,03-04-2020,6500,4970,,,info@unilliance.com,,,,,,91.30434782608697,confirmed
Ba: Bo:,5352,Shadhin Garments (Pvt.) Ltd.,25-05-2022,3500,4434,,,azadcons@bol-online.com,,,,,,100.0,confirmed
Ba: Bo:,5355,Meghna Washing Plant,23-05-2012,2500,7012,,,mizanmahid7@gmail.com,,,,,,82.05128205128204,confirmed
Ba: Bo:,5358,Ridisha Knitex Ltd.,03-10-2022,3500,3845,,,tuhin.hrm@groupreedisha-bd.com,,,,,,92.3076923076923,confirmed
Ba: Bo:,5365,Sakura Dying & Garments Ltd.,09-11-2021,6500,2738,,,log@savartex.com,,,,,,76.59574468085107,low
Ba: Bo:,5368,Younus Spinning Mills Ltd.,19-04-2022,4500,3772,,,quddus@dragon-sweater.net,,,,,,79.16666666666666,low
Ba: Bo:,5370,Fashion 2000 Ltd.,06-04-2021,2500,3551,,,idris@idsbd.com,,,,,,100.0,confirmed
Ba: Bo:,5371,Uni Garden In Corporate Printing Solution,27-05-2020,2500,,,,,,,,,,0,none
Ba: Bo:,5372,Chunji Knit Ltd.,07-05-2015,2500,2435,,,chunji@chunjibd.com,,,,,,90.9090909090909,confirmed
Ba: Bo:,5373,Intramex Textile Ltd.,26-05-2021,7000,3877,,,export@intramex-bd.com,,,,,,80.95238095238095,confirmed
Ba: Bo:,5374,Euta Fashions Ltd.,26-05-2022,3500,2874,,,noor.md@etonfashions.com,,,,,,88.88888888888889,confirmed
Ba: Bo:,5375,Knit Plus Ltd.,03-05-2017,2500,5146,,,ishtiaque@knitplusltd.com,,,,,,83.87096774193549,confirmed
Ba: Bo:,5377,Anjali Textile Ltd.,14-05-2009,2500,3922,,,hoque@anlima.com,,,,,,89.47368421052632,confirmed
Ba: Bo:,5379,Messures Vuiyan Textile & Sizing Mills,18-05-2022,5000,,,,,,,,,,0,none
Ba: Bo:,5381,South End Sweater Co. Ltd.,28-04-2022,2500,3778,,,rakib@team.com.bd,,,,,,100.0,confirmed
Ba: Bo:,5383,M R Sweaters Composit Ltd.,07-11-2022,7000,3834,,,admin@mrgroupbd.com,,,,,,90.56603773584906,confirmed
Ba: Bo:,5382,Comfit Composit Knit Ltd.,25-04-2022,7000,4178,,,Munna@youthbd.com,,,,,,98.0392156862745,confirmed
Ba: Bo:,5384,Knit Sin Ltd.,13-06-2012,2500,6088,,,kamal@kemsgroup.com,,,,,,85.71428571428572,confirmed
Ba: Bo:,5385,M N R Sweaters Ltd.,18-08-2022,3500,1694,,,mazidtalukdar@yahoo.com,,,,,,94.44444444444444,confirmed
Ba: Bo:,5389,Fullcharm Fashion Knitters Ltd.,10-06-2022,3500,3006,,,commercial@fullraybd.com,,,,,,100.0,confirmed
Ba: Bo:,5390,One Up Sweater Ltd.,17-06-2017,2500,4590,,,rshqlm66@gmail.com,,,,,,97.43589743589743,confirmed
Ba: Bo:,5393,City Sweater International Ltd.,14-06-2012,2500,1255,,,amanat@abnetbd.com,,,,,,81.4814814814815,confirmed
Ba: Bo:,5396,Zarjis Composit Knit Ltd.,23-11-2020,6500,4610,,,swapan@amtrades.net,,,,,,84.0,confirmed
Ba: Bo:,5400,Tusuka Fashions Ltd.,12-09-2022,2500,3376,,,jamal1617@aol.com,,,,,,100.0,confirmed
Ba: Bo:,5402,Pans Knited Creations Ltd.,13-02-2023,3500,2237,,,mh_khan@panachebd.com,,,,,,89.28571428571429,confirmed
Ba: Bo:,5405,A K M Knit Ware Ltd.,13-02-2023,5000,909,,,,,,,,,78.94736842105263,low
Ba: Bo:,5404,M R Printing Works,02-07-2022,3500,,,,,,,,,,0,none
Ba: Bo:,5407,Titash Knit Ware Ltd.,30-07-2021,2500,2359,,,soharwardi@rupashigroup.com,,,,,,77.27272727272727,low
Ba: Bo:,5406,Popular Textile Industries,21-06-2021,4500,5148,,,mithelatex@intrepidbd.net,,,,,,76.0,low
Ba: Bo:,5408,Rashik Textile Mills Ltd.,10-07-2022,5000,2329,,,tamalh@bdmail.net,,,,,,84.0,confirmed
Ba: Bo:,5409,Messures Monir Textile,19-07-2020,4500,708,,,monotex@bdmail.net,,,,,,61.224489795918366,low
Ba: Bo:,5416,Akando Textile Mills Ltd.,19-07-2011,2500,2154,,,arefin@arefingroupbd.com,,,,,,84.0,confirmed
Ba: Bo:,5419,Over Sees Fashions Ltd.,28-06-2012,2500,6578,,,gobindobiswas3@gmail.com,,,,,,80.0,confirmed
Ba: Bo:,5421,Shasha Garments Ltd.,27-07-2022,2500,1105,,,sglimpexp@gmail.com,,,,,,100.0,confirmed
Ba: Bo:,5423,Messures Tania Dyeing Printing & Finishing Mills,13-06-2022,4500,5915,,,navyhosiery@gmail.com,,,,,,70.58823529411764,low
Ba: Bo:,5422,Shasha Garments Ltd.,27-07-2022,2500,1105,,,sglimpexp@gmail.com,,,,,,100.0,confirmed
Ba: Bo:,5424,Z M Apparels Ltd.,08-07-2010,2500,5372,,,asabur@mk.com.bd,,,,,,90.9090909090909,confirmed
Ba: Bo:,5427,Swan Sweaters Ltd.,06-12-2022,2500,3566,,,swan@dhaka.net,,,,,,100.0,confirmed
Ba: Bo:,5428,MK Apparels Ltd.,17-12-2022,4500,5372,,,asabur@mk.com.bd,,,,,,100.0,confirmed
Ba: Bo:,5431,H R Textile Mills Ltd.,21-09-2022,7000,5167,,,pride@pride-grp.com,,,,,,88.88888888888889,confirmed
Ba: Bo:,5432,H R Textile Mills Ltd.,20-09-2022,7000,5167,,,pride@pride-grp.com,,,,,,88.88888888888889,confirmed
Ba: Bo:,5435,Unicorn Sweaters Ltd.,16-11-2019,3500,3207,,,management@sterlinggroup.com.bd,,,,,,100.0,confirmed
Ba: Bo:,5437,Crossline Oven Garments Ltd.,11-06-2018,4500,5021,,,commercial1@crosslinewoven.com,,,,,,85.18518518518519,confirmed
Ba: Bo:,5440,Olio  Apparels Ltd.,28-08-2022,2500,4410,,,murshedy@envoy-group.com,,,,,,100.0,confirmed
Ba: Bo:,5442,Messures Special Textile Mills,14-07-2022,5500,6543,,,mujib@smartjeansctg.com,,,,,,65.67164179104478,low
Ba: Bo:,5446,Daf Knit Wears Ltd.,21-08-2022,3500/-,3616,,,iqbal@bhis.net,,,,,,86.48648648648648,confirmed
Ba: Bo:,5445,Daf Knit Wears Ltd.,21-08-2022,3500/-,3616,,,iqbal@bhis.net,,,,,,86.48648648648648,confirmed
Ba: Bo:,5449,Rising Knit Textiles Ltd.,24-08-2022,7000,4687,,,rising@rising-group.com,,,,,,100.0,confirmed
Ba: Bo:,5447,Well Mart Ltd. (Textile Unit),06-12-2022,5000/-,4079,,,nazrul@wellgroupbd.com,,,,,,65.11627906976744,low
Ba: Bo:,5451,See Blue Textile Ltd.,25-07-2018,7000,4372,,,,,,,,,95.23809523809523,confirmed
Ba: Bo:,5452,S M Kniting Ind: Ltd.,11-01-2023,6500,2307,,,factory@tajknitting.com,,,,,,77.27272727272727,low
Ba: Bo:,5454,Advance Composit Textile Ltd.,04-04-2022,7000,4233,,,ndaulah@dirdgroup.org,,,,,,73.6842105263158,low
Ba: Bo:,5455,Cortz Apparels Ltd.,16-01-2023,2500,4490,,,palmalexport@palmalgarments.com,,,,,,100.0,confirmed
Ba: Bo:,5458,Delsi Cotton Spinning Mills Ltd.,29-08-2021,6500,3772,,,quddus@dragon-sweater.net,,,,,,81.4814814814815,confirmed
Ba: Bo:,5460,Delsi Cotton Spinning Mills Ltd.,21-08-2021,7000,3772,,,quddus@dragon-sweater.net,,,,,,81.4814814814815,confirmed
Ba: Bo:,5462,Paramount Textile Ltd.,26-01-2023,6000,6606,,,akif@sansgroupbd.com,,,,,,76.92307692307692,low
Ba: Bo:,5463,Samad Sweaters Ltd.,27-08-2022,5000,4923,,,,,,,,,100.0,confirmed
Ba: Bo:,5465,Jarba Textile Mills Ltd.,25-08-2022,5000,6690,,,fairtextilemills@yahoo.com,,,,,,89.36170212765957,confirmed
Ba: Bo:,5464,Noman Textile Mills Ltd.,27-08-2018,5000,3603,,,rafique@tejgaontextile.com,,,,,,84.0,confirmed
Ba: Bo:,5468,We Steria Textiles Ltd.,08-08-2020,7000,4547,,,moshiur@saturnbd.com,,,,,,79.06976744186046,low
Ba: Bo:,5470,Safa Sweaters Ltd.,04-01-2021,3500,4414,,,info@palmalgarments.com,,,,,,97.2972972972973,confirmed
Ba: Bo:,5472,Hasin Knit Composit Ltd.,23-09-2022,6500,4954,,,nasir@shangugroup.com,,,,,,86.79245283018868,confirmed
Ba: Bo:,5473,Knit Asia Ltd.,20-09-2022,7000,3054,,,allabj@newasiabd.com,,,,,,100.0,confirmed
Ba: Bo:,5474,Asco knit Eears Ltd.,27-11-2021,2500,4613,,,nafees@gears-group.com,,,,,,70.58823529411764,low
Ba: Bo:,5476,Anoyara Fashions Ltd.,18-09-2020,2500,3380,,,yasinali@valiantbd.com,,,,,,95.23809523809523,confirmed
Ba: Bo:,5475,Rupa Fabrics Ltd.,11-01-2016,2500,4593,,,shahid@rupagroup.net,,,,,,100.0,confirmed
Ba: Bo:,5477,Liz Fashion ind.Ltd(Bhaluka Unit),22-09-2022,2500,5886,,,ahmed.ovie@gmail.com,,,,,,61.81818181818181,low
Ba: Bo:,5478,Archard Sweaters Ltd.,21-09-2022,2500,5883,,,,,,,,,85.0,confirmed
Ba: Bo:,5480,Florence Fashions Ltd.,27-05-2015,2500,2965,,,marzuq@florencefashions.net,,,,,,100.0,confirmed
Ba: Bo:,5479,Salek Textile Ltd.,03-09-2022,4500,5747,,,allabj@dhaka.net,,,,,,100.0,confirmed
Ba: Bo:,5483,Hamid Sweaters Ltd.,17-09-2022,3500,3722,,,info@hamidgroup.org,,,,,,97.2972972972973,confirmed
Ba: Bo:,5484,Ridisha Knitex Ltd.,22-04-2020,7000,3845,,,tuhin.hrm@groupreedisha-bd.com,,,,,,92.3076923076923,confirmed
Ba: Bo:,5487,Anoyara Knit Composit Ltd.,14-09-2022,6500,6906,,,rzsalim@gmail.com,,,,,,82.35294117647058,confirmed
Ba: Bo:,5486,Fakir Knitwares Ltd.,02-09-2021,7000,3979,,,fazaman@fakirgroup.com,,,,,,95.0,confirmed
Ba: Bo:,5488,Iskarlet Knit Wares Ltd.,11-11-2021,2500,5788,,,Favouriteknitwear@gmail.com,,,,,,73.46938775510203,low
Ba: Bo:,5491,The Asian Textile,19-09-2011,2500,5936,,,,,,,,,73.33333333333334,low
Ba: Bo:,5490,M/s Square fashions Ltd.,18-09-2022,2500,7136,,,md@nttexltd.com,,,,,,66.66666666666667,low
Ba: Bo:,5493,Nexus Sweaters Ind: (P:) Ltd.,23-09-2020,3500,2942,,,rashid@nexussweater.com,,,,,,77.96610169491525,low
Ba: Bo:,5495,Texam Dresses Ltd.,28-09-2021,2500,2950,,,murshedy@envoy-group.com,,,,,,94.44444444444444,confirmed
Ba: Bo:,5499,Bando Fashions Ltd.,07-09-2014,2500,3522,,,info@creativegroupbd.net,,,,,,100.0,confirmed
Ba: Bo:,5502,Hollywood Fashion (P.) Ltd.,05-03-2019,2500,233,,,dr.humayun@pioneercasual.com,,,,,,92.85714285714286,confirmed
Ba: Bo:,5508,Ragadi Textile Ltd.,28-09-2021,2500,5698,,,info@ragadi.net,,,,,,100.0,confirmed
Ba: Bo:,5509,S I Kniting Ltd.,10-08-2022,2500,4742,,,,,,,,,82.35294117647058,confirmed
Ba: Bo:,5510,G-3 washing Plant Ltd.,15-10-2022,,7012,,,mizanmahid7@gmail.com,,,,,,68.29268292682926,low
Ba: Bo:,5492,Slik Knit Garments Ltd.,21-06-2022,2500,3293,,,,,,,,,93.61702127659575,confirmed
Ba: Bo:,5511,Sisal Composite Ltd.,22-10-2022,2500,5498,,,shahanoor@sisalapparel.com.bd,,,,,,100.0,confirmed
Ba: Bo:,5512,Best Wool Sweaters Ltd.,02-10-2016,3500,3826,,,akabir@bestwoolbd.net,,,,,,100.0,confirmed
Ba: Bo:,5519,Messures M M K Dying Printing Finishing & Calendering Ltd.,12-10-2022,6000,5915,,,navyhosiery@gmail.com,,,,,,69.47368421052632,low
Ba: Bo:,5518,Thermax Woven Dyeing Ltd.,06-11-2022,6500/-,2462,,,yolkgrp@bttb.net.bd,,,,,,65.21739130434783,low
Ba: Bo:,5521,Duranta Knit Composite Ltd.,12-03-2017,2500,5577,,,aravinda@durantoknit.com,,,,,,96.2962962962963,confirmed
Ba: Bo:,5525,Dard Composit Textiles Ltd.,27-11-2022,5500,4233,,,ndaulah@dirdgroup.org,,,,,,94.54545454545455,confirmed
Ba: Bo:,5526,Armana Fashions Ltd.,04-11-2009,2500,5855,,,amanahfashionbd@gmail.com,,,,,,92.3076923076923,confirmed
Ba: Bo:,5528,Spectra Sweaters Ltd.,25-11-2018,2500,4631,,,shajal@sweater-makers.com,,,,,,100.0,confirmed
Ba: Bo:,5534,Wega Fashion Sweater (Pvt.) Ltd.,13-11-2021,3500,2176,,,wega@citechco.net,,,,,,100.0,confirmed
Ba: Bo:,5536,Best Wool Sweaters Ltd.,02-11-2016,3500,3826,,,akabir@bestwoolbd.net,,,,,,100.0,confirmed
Ba: Bo:,5537,Best Wool Sweaters Ltd.,02-11-2016,3500,3826,,,akabir@bestwoolbd.net,,,,,,100.0,confirmed
Ba: Bo:,5540,Raonok Textile Mills Ltd.,11-11-2009,4500,3603,,,rafique@tejgaontextile.com,,,,,,86.27450980392157,confirmed
Ba: Bo:,5541,Arina Composit & Spinning Ind: Ltd.,22-12-2022,7000/-,6906,,,rzsalim@gmail.com,,,,,,66.66666666666667,low
Ba: Bo:,5548,Altra Washing & Dying Ltd.,17-11-2020,5500,4220,,,fifltd@citechco.net,,,,,,69.76744186046511,low
Ba: Bo:,5546,L B Textile & Sizing,19-11-2017,5000,3257,,,sadek.pandg@gmail.com,,,,,,68.42105263157895,low
Ba: Bo:,5547,Islam Garments Ltd.,23-11-2019,7000,186,,,atiq@islam-garments.com,,,,,,100.0,confirmed
Ba: Bo:,5549,Purbani Rotor Spinning Ltd.,24-11-2022,7500,3772,,,quddus@dragon-sweater.net,,,,,,61.224489795918366,low
Ba: Bo:,5551,Muazuddin Textile Ltd.,17-10-2022,7000,3424,,,muazuddin@worldnetbd.net,,,,,,100.0,confirmed
Ba: Bo:,5552,Jisas Fashion Ltd.,14-07-2021,2500,3313,,,jamsgroupbd@yahoo.com,,,,,,91.42857142857143,confirmed
Ba: Bo:,5553,D & S Preity Fashions Ltd.,25-08-2022,2500,3729,,,piash@prettygroupbd.com,,,,,,96.15384615384616,confirmed
Ba: Bo:,5555,Radiance Fashion Ltd.,25-10-2022,5500,3120,,,info@radiancegroup-bd.com,,,,,,100.0,confirmed
Ba: Bo:,5556,Fakir Apparels Ltd.,16-11-2012,6500,3340,,,rana@fakirapparels.com,,,,,,100.0,confirmed
Ba: Bo:,5558,B S A Apparels Ltd.,10-11-2022,2500/-,6077,,,jalil@ab-group.co,,,,,,85.71428571428572,confirmed
Ba: Bo:,5559,B S A Apparels Ltd.,10-11-2022,2500/-,6077,,,jalil@ab-group.co,,,,,,85.71428571428572,confirmed
Ba: Bo:,5561,Anoyar Dying Printing & Finishing Mills,17-08-2022,5500/-,5915,,,navyhosiery@gmail.com,,,,,,73.6842105263158,low
Ba: Bo:,5560,B S A Apparels Ltd.,10-11-2022,2500/-,6077,,,jalil@ab-group.co,,,,,,85.71428571428572,confirmed
Ba: Bo:,5562,New Age Textile Ltd.,16-11-2021,6500,6518,,,jamil@fourhgroup.com,,,,,,78.04878048780488,low
Ba: Bo:,5563,Bonafide Kniting Mills Ltd.,17-08-2018,6500,6044,,,,,,,,,70.58823529411764,low
Ba: Bo:,5565,"M/S Master Knitwear Ltd,",13-10-2022,50000,5874,,,caven2007@163.com,,,,,,86.36363636363636,confirmed
Ba: Bo:,5567,Sun Washing Plant,14-03-2023,3500/-,7012,,,mizanmahid7@gmail.com,,,,,,72.22222222222221,low
Ba: Bo:,5568,Spring Knitwares Ltd.,14-08-2012,2500,3725,,,a1tradebd@gmail.com,,,,,,95.23809523809523,confirmed
Ba: Bo:,5569,Manami Fashions Ltd.,19-12-2022,2500,4713,,,faisal@manamibd.com,,,,,,100.0,confirmed
Ba: Bo:,5571,Polo Composit Knit Ind: Ltd.,18-10-2021,6500,6252,,,jalil@aji-group.com,,,,,,88.52459016393442,confirmed
Ba: Bo:,5575,Angora Fashions Ltd.,22-11-2018,2500,4778,,,mazidtalukdar@yahoo.com,,,,,,100.0,confirmed
Ba: Bo:,5576,Saistone Garments Ltd.,14-11-2014,2500,509,,,mansoor@luckybd.com,,,,,,87.8048780487805,confirmed
Ba: Bo:,5579,C & A Textiles Ltd.,28-11-2009,5500,6080,,,info@cnagroupbd.com,,,,,,100.0,confirmed
Ba: Bo:,5581,Glodias Fashion Ware Ltd.,14-12-2017,2500,2665,,,info@sepalgroupbd.com,,,,,,83.33333333333334,confirmed
Ba: Bo:,5583,Graphics Textiles Ltd.,14-12-2022,7000,4825,,,contact@graphics.com.bd,,,,,,100.0,confirmed
Ba: Bo:,5584,R G R Sweaters Ltd.,10-02-2020,2500,2490,,,rahat@rracrylic.com,,,,,,86.48648648648648,confirmed
Ba: Bo:,5586,Mens Fashions Ltd.,05-11-2012,3500,1828,,,azimmf@azimgroup.com,,,,,,94.44444444444444,confirmed
Ba: Bo:,5591,Knit Shirt (P:) Ltd.,29-12-2009,2500,4783,,,panshiknit@yahoo.com,,,,,,74.4186046511628,low
Ba: Bo:,5592,S B Knit Fashion,13-12-2018,2500,6800,,,aaknitf@outlook.com,,,,,,83.87096774193549,confirmed
Ba: Bo:,5595,Sayem Knit Febrics,25-12-2021,2500,5923,,,jamal@sayamknitfab.com,,,,,,75.0,low
Ba: Bo:,5597,Mondol Apparels Ltd.,04-02-2018,2500,4936,,,commercial@mondol.net,,,,,,100.0,confirmed
Ba: Bo:,5598,Safaa Sweaters Ltd.,18-03-2022,2500,4414,,,info@palmalgarments.com,,,,,,100.0,confirmed
Ba: Bo:,5599,The Dhaka Dying Garments Ltd.,28-01-2017,2500,447,,,info@palmalgarments.com,,,,,,93.10344827586206,confirmed
Ba: Bo:,5600,Lebus Knitwear Ltd.,02-03-2021,3500,3292,,,sharif.hasan0721@mfgbd.net,,,,,,80.0,confirmed
Ba: Bo:,5601,L Usine Fashion Ltd.,26-05-2022,2500,4762,,,info@lusinefashion.com,,,,,,100.0,confirmed
Ba: Bo:,5603,Spairax Textile Washing & Alaid Ind: Ltd.,20-01-2021,2500,5152,,,info_spirax@yahoo.com,,,,,,89.1566265060241,confirmed
Ba: Bo:,5602,Bangladesh Speaners & Kniters (P:) Ltd.,16-01-2018,6000,2861,,,tonyche@bsklbd.com,,,,,,90.0,confirmed
Ba: Bo:,5604,Mohiuddin Textile (Pvt.) Ltd.,17-05-2021,5500,3992,,,ritatexf@dhaka.net,,,,,,76.92307692307692,low
Ba: Bo:,5607,Moyajuddin Knit Fashion Ltd.,21-01-2023,2500,4821,,,info@muazuddintextile.com,,,,,,90.9090909090909,confirmed
Ba: Bo:,5608,Fabric Knit Composit Ltd.,17-01-2010,2500,4827,,,mijan.r@fpg.com.bd,,,,,,96.15384615384616,confirmed
Ba: Bo:,5606,Knitex Dresses Ltd.,26-01-2015,6500,4505,,,commercial@mondol.net,,,,,,100.0,confirmed
Ba: Bo:,5614,Juki Garments Ltd.,21-10-2021,2500,3426,,,mail@daygroupbd.com,,,,,,88.23529411764706,confirmed
Ba: Bo:,5617,Phonix Home Textile Ltd.,11-01-2023,5000,3628,,,,,,,,,80.95238095238095,confirmed
Ba: Bo:,5618,Zoom Sweaters Ltd.,17-01-2010,3500,3536,,,mazidtalukdar@yahoo.com,,,,,,100.0,confirmed
Ba: Bo:,5620,Turag Garments & Hosiery Mills Ltd.,16-01-2023,6500,6561,,,babu@turagbd.net,,,,,,100.0,confirmed
Ba: Bo:,5619,Arva Textile Ltd.,21-01-2011,2500,4784,,,arvatextile@gmail.com,,,,,,100.0,confirmed
Ba: Bo:,5621,Barnali Textile & Printing Ind: (P:) Ltd.,10-01-2022,6500,3806,,,info@harunbd.com,,,,,,61.9718309859155,low
Ba: Bo:,5623,H F Fashion Ltd.,24-11-2010,2500,3732,,,hasan@lizfashion.com,,,,,,87.5,confirmed
Ba: Bo:,5624,Febrica Knit Composit Ltd.,03-05-2022,6500,4827,,,mijan.r@fpg.com.bd,,,,,,94.33962264150944,confirmed
Ba: Bo:,5625,Bea-Con Knitwear Ltd. (Factory-02).,29-12-2022,2500,3294,,,dkl@epylliongroup.com,,,,,,68.75,low
Ba: Bo:,5632,Sape Fashions Ltd.,19-02-2012,4500,3684,,,radiant@agni.com,,,,,,91.89189189189189,confirmed
Ba: Bo:,5633,A K H Washing Ltd,19-10-2022,4500,4220,,,fifltd@citechco.net,,,,,,70.58823529411764,low
Ba: Bo:,5634,Cozima Lyric Garments Ltd.,18-02-2023,2500,6442,,,lisa@coco-bd.com,,,,,,78.26086956521739,low
Ba: Bo:,5638,Dharola Fashions Ltd.,17-12-2021,2500,4789,,,sales@dfashionstyle.com,,,,,,95.0,confirmed
Ba: Bo:,5639,Yasoma Kniting & Dying Ltd.,17-02-2022,6500,3422,,,union@hrcworks.com,,,,,,80.0,confirmed
Ba: Bo:,5640,Purbani Rotor Spinning Ltd.,23-02-2023,7000,3772,,,quddus@dragon-sweater.net,,,,,,61.224489795918366,low
Ba: Bo:,5643,Pabon Fabrics Ltd.,24-02-2012,5000,4002,,,commercial@mondol.net,,,,,,81.08108108108108,confirmed
Ba: Bo:,5645,Fiat Fashion Ltd.,06-02-2022,2500,4835,,,badsha@fiatfashion.net,,,,,,100.0,confirmed
Ba: Bo:,5646,Monir Sikdar Textile & Sizing Mills Ltd.,24-02-2010,5500,708,,,monotex@bdmail.net,,,,,,71.64179104477613,low
Ba: Bo:,5647,Tamishna Fashionware Ltd.,07-02-2022,5000,3854,,,info@tamishna.com,,,,,,82.35294117647058,confirmed
Ba: Bo:,5648,Best Shirts Ltd.,13-02-2023,3500,4524,,,hanif@bestshirtsbd.net,,,,,,100.0,confirmed
Ba: Bo:,5649,Takoya Fabrics Ltd.,13-03-2014,6500,5088,,,arif@lantaburgroup.com,,,,,,86.48648648648648,confirmed
Ba: Bo:,5652,Sad Musa Fabrics Ltd.,14-03-2023,6500/-,3454,,,info@saadmusa.com,,,,,,85.71428571428572,confirmed
Ba: Bo:,5656,Nazim Fashion Ltd.,30-08-2015,2500,4594,,,,,,,,,100.0,confirmed
Ba: Bo:,5659,Space Sweater Ltd.,30-03-2017,2500,4646,,,sadek@spacebd.biz,,,,,,100.0,confirmed
Ba: Bo:,5661,Creative Shirts Ltd.,25-03-2017,2500,2883,,,ceo@creativeshirtsltd.com,,,,,,100.0,confirmed
Ba: Bo:,5662,Creative Shirts Ltd.,25-03-2017,2500,2883,,,ceo@creativeshirtsltd.com,,,,,,100.0,confirmed
Ba: Bo:,5664,A K H Fashions Ltd.,29-03-2018,2500,3236,,,anwar@ajintl.com,,,,,,88.88888888888889,confirmed
Ba: Bo:,5665,Squire Fashions Ltd.,12-09-2022,7000,3545,,,sanchia@squaregroup.com,,,,,,95.0,confirmed
Ba: Bo:,5666,Land Mark Fabrics Ltd.,04-05-2018,7000,3103,,,md_azim61@yahoo.com,,,,,,81.81818181818181,confirmed
Ba: Bo:,5669,Achin Textile (P:) Ltd.,17-03-2022,5000,2447,,,,,,,,,76.59574468085107,low
Ba: Bo:,5671,BHML Sweaters Ltd.,16-03-2018,3500,4584,,,bhml@sparkbd.com,,,,,,100.0,confirmed
Ba: Bo:,5670,ACS Textile (Bangladesh) Ltd.,07-02-2017,7000,7091,,,acsinfo@acstextiles.com,,,,,,90.32258064516128,confirmed
Ba: Bo:,5677,N Ahmed Dying & Finishing Mills Ltd.,15-04-2022,6000,4725,,,mahtab@falcongroupbd.com,,,,,,81.08108108108108,confirmed
Ba: Bo:,5683,Experiences Textile,21-04-2022,6500,7081,,,ceo@eagletextile.asia,,,,,,60.60606060606061,low
Ba: Bo:,5684,Experiences Textile Ltd.,09-03-2023,6500,5706,,,tanvir696@hotmail.com,,,,,,76.19047619047619,low
Ba: Bo:,5685,Squire Multi Fabrics Ltd.,12-09-2022,7000,2655,,,ctg@asianapparels.com,,,,,,74.4186046511628,low
Ba: Bo:,5686,Shyamoli Garments Ltd.,09-03-2021,6000,641,,,samoli@siriusbb.com,,,,,,97.67441860465115,confirmed
Ba: Bo:,5691,Brign Knit Composit Ltd.,11-02-2010,2500,6906,,,rzsalim@gmail.com,,,,,,89.79591836734694,confirmed
Ba: Bo:,5692,Jhalmal Textile Mills (P:) Ltd.,11-04-2022,4500,5184,,,info@farihagroup.com,,,,,,76.36363636363637,low
Ba: Bo:,5696,Aswad Composite Mills Ltd.,15-06-2022,6500,4640,,,palmalexport@palmalgarments.com,,,,,,100.0,confirmed
Ba: Bo:,5698,Nurani Dying & Sweater Ltd.,18-04-2018,6500,4761,,,ndslfeni@gmail.com,,,,,,98.18181818181819,confirmed
Ba: Bo:,5704,Indesor Sweater Ltd.,05-08-2022,3500,4707,,,milon@indesore.com,,,,,,97.5609756097561,confirmed
Ba: Bo:,5703,Indesor Sweater Ltd.,05-09-2022,3500,4707,,,milon@indesore.com,,,,,,97.5609756097561,confirmed
Ba: Bo:,5705,Hasmotullah Knit Wares Ltd.,17-04-2017,2500,5715,,,kamal@kemsgroup.com,,,,,,70.83333333333333,low
Ba: Bo:,5707,Taufiq Sweater Ltd.,09-02-2022,,7192,,,info@shovongroup-bd.com,,,,,,87.8048780487805,confirmed
Ba: Bo:,5710,The Dress & the ideas ltd.,22-02-2023,2500,5966,,,babu@turagbd.net,,,,,,68.08510638297872,low
Ba: Bo:,5711,Skyline Apparels Ltd.,20-04-2017,4500,3282,,,iqbal@skylin-bd.com,,,,,,100.0,confirmed
Ba: Bo:,5712,Knit Software Ltd.,08-05-2017,2500,4901,,,info@knitsoftwear.com,,,,,,80.95238095238095,confirmed
Ba: Bo:,5714,sinargy Fashion,15-03-2022,,6787,,,jinatfashion2017@gmail.com,,,,,,78.57142857142857,low
Ba: Bo:,5717,Rabbi Textiles,15-06-2022,6000,7081,,,ceo@eagletextile.asia,,,,,,71.42857142857143,low
Ba: Bo:,5719,A B G Sweaters Ltd.,31-05-2012,2500,4732,,,basher@abgsweater.com,,,,,,94.44444444444444,confirmed
Ba: Bo:,5720,Express Washing & Dying Ltd.,26-04-2010,7000,4292,,,info@del-bd.com,,,,,,68.08510638297872,low
Ba: Bo:,5721,B H I S Apparels Ltd.,21-06-2022,2500,6607,,,mesbah@ritzygroupbd.com,,,,,,82.05128205128204,confirmed
Ba: Bo:,5722,B H I S Apparels Ltd.,14-06-2022,3500,6607,,,mesbah@ritzygroupbd.com,,,,,,82.05128205128204,confirmed
Ba: Bo:,5723,Rose Sweaters Ltd.,12-04-2022,3500,3529,,,md@rosesweater.com,,,,,,97.14285714285714,confirmed
Ba: Bo:,5725,Noman Home Textile Mills Ltd.,05-06-2022,5500,5167,,,pride@pride-grp.com,,,,,,76.92307692307692,low
Ba: Bo:,5724,Noman Textile Mills Ltd.,25-08-2022,5500,3603,,,rafique@tejgaontextile.com,,,,,,84.0,confirmed
Ba: Bo:,5726,Dalas Fashions Ltd.,08-05-2022,6000,6350,,,md@dalasfashions.com,,,,,,100.0,confirmed
Ba: Bo:,5727,Dalas Fashions Ltd.,08-05-2022,6000,6350,,,md@dalasfashions.com,,,,,,100.0,confirmed
Ba: Bo:,5728,Four H Dying & Printing Ltd.,10-05-2022,7000,5915,,,navyhosiery@gmail.com,,,,,,70.76923076923076,low
Ba: Bo:,5729,Aram Sweater Ltd.,16-04-2018,2500,4692,,,amersalim@knitasia.com,,,,,,91.42857142857143,confirmed
Ba: Bo:,5730,Interlink Apparels Ltd.,28-04-2021,2500,3745,,,alahi@interlinkbd.com,,,,,,100.0,confirmed
Ba: Bo:,5731,B.R.N Washing Ltd.,29-12-2022,2500,4220,,,fifltd@citechco.net,,,,,,74.28571428571429,low
Ba: Bo:,5733,Lafti Design & Fashions (P:) Ltd.,11-05-2017,2500,1496,,,design.excom@gmail.com,,,,,,77.77777777777779,low
Ba: Bo:,5702,Meghna Knit Composite Ltd.,22-12-2022,6500,4265,,,pinto@meghnaknit.com.bd,,,,,,100.0,confirmed
Ba: Bo:,5734,ESE KNITWEAR,04-05-2022,2500,,,,,,,,,,0,none
Ba: Bo:,5737,A K M Knit Ware Ltd.,26-05-2022,6500,909,,,,,,,,,78.94736842105263,low
Ba: Bo:,5738,Legasy Fashion Ltd.,24-07-2022,2500/-,4339,,,yasinali@valiantbd.com,,,,,,94.73684210526316,confirmed
Ba: Bo:,5739,Legasy Fashion Ltd.,24-07-2022,2500/-,4339,,,yasinali@valiantbd.com,,,,,,94.73684210526316,confirmed
Ba: Bo:,5740,Legasy Fashion Ltd.,24-07-2022,2500/-,4339,,,yasinali@valiantbd.com,,,,,,94.73684210526316,confirmed
Ba: Bo:,5741,Legasy Fashion Ltd.,25-05-2022,2500/-,4339,,,yasinali@valiantbd.com,,,,,,94.73684210526316,confirmed
Ba: Bo:,5742,Legasy Fashion Ltd.,24-07-2022,2500,4339,,,yasinali@valiantbd.com,,,,,,94.73684210526316,confirmed
Ba: Bo:,5746,Sonia & Sweaters Ltd.,22-02-2023,3500,3704,,,info@soniagroup.com,,,,,,100.0,confirmed
Ba: Bo:,5748,Gramtech Knit Dying Finishing Garments Ltd.,18-05-2019,6500,4189,,,rakib@team.com.bd,,,,,,80.89887640449437,confirmed
Ba: Bo:,5749,D A L Knit Ware Ltd.,20-05-2019,2500,909,,,,,,,,,78.94736842105263,low
Ba: Bo:,5752,Surojjaman Textile & Dying Mills,10-11-2021,,3985,,,info@sattartextile.com,,,,,,63.1578947368421,low
Ba: Bo:,5751,Sijonse Dresses Ltd.,13-05-2021,2500,1413,,,info@sunman.net,,,,,,85.0,confirmed
Ba: Bo:,5753,Pearl Garments Co. Ltd.,22-05-2019,3500,141,,,epic@epicbd.com,,,,,,88.0,confirmed
Ba: Bo:,5754,Dress & Dismetic (P:) Ltd.,05-05-2022,2500,3142,,,amzad@almuslimgroup.net,,,,,,90.56603773584906,confirmed
Ba: Bo:,5757,Mahmud Fashions Ltd.,05-08-2022,6500,6303,,,rafee@mahmudgroupbd.com,,,,,,97.43589743589743,confirmed
Ba: Bo:,5758,Fokhoruddin Textile Mills Ltd.,21-06-2022,6500,4596,,,asif@urmigroup.net,,,,,,94.91525423728814,confirmed
Ba: Bo:,5760,Usan Knit Composite Ltd.,06-08-2020,2500,5981,,,mangoknitbd@gmal.com,,,,,,89.79591836734694,confirmed
Ba: Bo:,5764,Wave Tex Apparels Ltd.,09-05-2022,2500,5911,,,info@wavetexbd.com,,,,,,100.0,confirmed
Ba: Bo:,5765,Wave Tex Apparels Ltd.,18-05-2019,2500,5911,,,info@wavetexbd.com,,,,,,100.0,confirmed
Ba: Bo:,5767,Rahman Knit,23-05-2019,2500,3757,,,sks6@globalctg.net,,,,,,64.0,low
Ba: Bo:,5769,Shed Fashions Ltd.,22-12-2022,2500,5805,,,shahidul.sfl@sldhaka.com,,,,,,91.42857142857143,confirmed
Ba: Bo:,5772,Global Specialized Garments Ltd.,11-06-2011,,2903,,,gsgl2@spnetctg.com,,,,,,89.85507246376811,confirmed
Ba: Bo:,5773,Naz Sweaters Ltd.,06-06-2011,3500,3759,,,mostak@nalizasweaters.com,,,,,,91.89189189189189,confirmed
Ba: Bo:,5777,Messures Seba Textile & Sizing,10-06-2021,3500,3835,,,info@sunman.net,,,,,,62.295081967213115,low
Ba: Bo:,5776,Zaber And Zubair Fabrics Ltd.,26-09-2022,7000,4934,,,noman@znzfab.com,,,,,,92.85714285714286,confirmed
Ba: Bo:,5778,Nannu Textile Mills Ltd.,26-10-2022,4500,3603,,,rafique@tejgaontextile.com,,,,,,84.0,confirmed
Ba: Bo:,5780,Seturn Textile Ltd.,13-06-2022,3500,4547,,,moshiur@saturnbd.com,,,,,,92.3076923076923,confirmed
Ba: Bo:,5781,E F F Textile Ltd.,23-06-2018,2500,4869,,,,,,,,,88.23529411764706,confirmed
Ba: Bo:,5783,Jamuna Apparels  Ltd.,19-06-2014,2500,1029,,,info@jamunaapparels.com,,,,,,100.0,confirmed
Ba: Bo:,5782,Alfa Kniting Ware Ltd.,16-06-2021,2500,1115,,,faruk@shaningroup.net,,,,,,86.95652173913044,confirmed
Ba: Bo:,5785,Kamana Daeyoung Textile Limited,14-06-2022,9500,5506,,,a-hai@legendgroupleo.net,,,,,,70.37037037037037,low
Ba: Bo:,5789,Versetile Fashion pvt limited,11-05-2022,2500,5452,,,ashrafurbabu@gmail.com,,,,,,68.0,low
Ba: Bo:,5790,Messures Parashmoni Sweater Ltd.,29-06-2014,2500,3683,,,azadpsltd@gmail.com,,,,,,77.77777777777779,low
Ba: Bo:,5791,Horizen Fashion Ware Ltd.,11-05-2021,2500,4301,,,,,,,,,92.0,confirmed
Ba: Bo:,5792,Joni Finishing Mills,19-06-2022,6500,4725,,,mahtab@falcongroupbd.com,,,,,,62.06896551724138,low
Ba: Bo:,5793,Winsome Knit Composit Ltd.,15-06-2019,2500,4727,,,winsomeknit@yahoo.com,,,,,,98.11320754716981,confirmed
Ba: Bo:,5794,Fa Apparels Ltd.,27-06-2010,2500,3061,,,quasem@global-bd.net,,,,,,94.11764705882352,confirmed
Ba: Bo:,5796,Cristal Knit Ware Ltd.,26-06-2010,2500,4953,,,shuvro@crownknitwear.com,,,,,,76.19047619047619,low
Ba: Bo:,5798,Eko Washing Ltd.,08-06-2022,3500,4220,,,fifltd@citechco.net,,,,,,78.78787878787878,low
Ba: Bo:,5797,Himel Textile & Sizing,17-06-2022,4500/-,7066,,,ahasanul@molliktextile.com,,,,,,64.15094339622642,low
Ba: Bo:,5800,Chandpur Textile Mills Ltd.,21-04-2022,6000,6508,,,dtml@dbg.com.bd,,,,,,85.71428571428572,confirmed
Ba: Bo:,5802,Messures Tania Dying Printing & Finishing Mill,13-06-2022,4500,5915,,,navyhosiery@gmail.com,,,,,,69.87951807228916,low
Ba: Bo:,5803,Dewti Fashion Ltd.,15-07-2012,2500,4912,,,,,,,,,94.44444444444444,confirmed
Ba: Bo:,5805,Square Textiles Ltd.,26-05-2022,6000,2148,,,log@savartex.com,,,,,,87.17948717948718,confirmed
Ba: Bo:,5804,Squire Textiles Ltd.,26-06-2020,7000,4547,,,moshiur@saturnbd.com,,,,,,85.0,confirmed
Ba: Bo:,5806,Square Textiles Ltd.,11-06-2022,7000,2148,,,log@savartex.com,,,,,,87.17948717948718,confirmed
Ba: Bo:,5807,Squire Textiles Ltd.,26-06-2020,7000,4547,,,moshiur@saturnbd.com,,,,,,85.0,confirmed
Ba: Bo:,5809,Samahar Sweaters Ltd.,15-04-2019,3500,4414,,,info@palmalgarments.com,,,,,,90.0,confirmed
Ba: Bo:,5811,Hannan Knit & Textiles Ltd.,11-07-2022,2500,4840,,,shams@fancybd.com,,,,,,100.0,confirmed
Ba: Bo:,5810,Scandex Knitware Ltd.,21-07-2011,3500,3889,,,umashek@annesha-style.com,,,,,,95.23809523809523,confirmed
Ba: Bo:,5813,Hannan Knit & Textiles Ltd.,25-07-2017,2500,4840,,,shams@fancybd.com,,,,,,100.0,confirmed
Ba: Bo:,5812,Hannan Knit & Textiles Ltd.,03-07-2022,2500,4840,,,shams@fancybd.com,,,,,,100.0,confirmed
Ba: Bo:,5814,Unicom Textile Mills Ltd.,19-12-2021,7000,5359,,,eftakher@uniformtextile.com,,,,,,80.0,confirmed
Ba: Bo:,5815,Emon Fashion Ltd.,04-07-2022,6000,2874,,,noor.md@etonfashions.com,,,,,,91.42857142857143,confirmed
Ba: Bo:,5818,Barat Dying & Printing,08-06-2022,3500,,,,,,,,,,0,none
Ba: Bo:,5819,M C Apparels Ltd.,09-07-2017,2500,5791,,,t-ino@gavans.com,,,,,,90.9090909090909,confirmed
Ba: Bo:,5820,Jaber & Jobayer Fabrics Ltd.,25-07-2022,7000,4019,,,asean@globalctg.net,,,,,,66.66666666666667,low
Ba: Bo:,5821,Jaber & Jobayer Fabrics Ltd.,08-07-2022,7000,4019,,,asean@globalctg.net,,,,,,66.66666666666667,low
Ba: Bo:,5822,Mouli Fashion Ltd.,19-07-2017,2500,4950,,,moulyfashionltd32@gmail.com,,,,,,94.44444444444444,confirmed
Ba: Bo:,5824,Interlink Dresses,22-07-2022,2500,4892,,,intezar@interlink-bd.com,,,,,,100.0,confirmed
Ba: Bo:,5826,Belview Knitex Ltd.,08-07-2011,2500,2648,,,bfklbd@gmail.com,,,,,,80.95238095238095,confirmed
Ba: Bo:,5828,Evince Textiles Ltd.,06-07-2022,6500,2507,,,zaman@divinetextile.com,,,,,,87.17948717948718,confirmed
Ba: Bo:,5827,Urmy Garments Ltd.,14-07-2021,2500,571,,,asif@urmigroup.net,,,,,,94.44444444444444,confirmed
Ba: Bo:,5830,Devine Fabrics Ltd.,14-07-2022,6500,4670,,,zaman@divinetextile.com,,,,,,94.73684210526316,confirmed
Ba: Bo:,5833,Armor Garments Ltd.,13-11-2022,2500,819,,,murshedy@envoy-group.com,,,,,,97.43589743589743,confirmed
Ba: Bo:,5825,Interlink Dresses,22-07-2022,2500,4892,,,intezar@interlink-bd.com,,,,,,100.0,confirmed
Ba: Bo:,5835,Level Two Apparels Ltd.,14-05-2022,2500,3071,,,,,,,,,78.26086956521739,low
Ba: Bo:,5836,Jaber & Jobayer Fabrics Ltd.,25-07-2022,7000,4019,,,asean@globalctg.net,,,,,,66.66666666666667,low
Ba: Bo:,5837,Talha Fabrics Ltd.,25-05-2022,6500,5088,,,arif@lantaburgroup.com,,,,,,88.88888888888889,confirmed
Ba: Bo:,5838,Noman Composit Textile Ltd.,01-08-2022,6500,6859,,,shifacomposite@gmail.com,,,,,,83.63636363636364,confirmed
Ba: Bo:,5841,Blosom Textiles Ltd.,08-08-2012,3500,4510,,,alamgir@fourhgroup.com,,,,,,85.0,confirmed
Ba: Bo:,5840,Green Life Knitex Ltd.,03-08-2017,2500,2938,,,ashraf@grameentelecom.net.bd,,,,,,74.4186046511628,low
Ba: Bo:,5839,Sukhi Textile & Processing Mills,25-07-2022,6000,2329,,,tamalh@bdmail.net,,,,,,63.1578947368421,low
Ba: Bo:,5842,Yong International Garments (BD) Ltd.,10-08-2010,2500,2719,,,banking@yictg.com,,,,,,98.66666666666667,confirmed
Ba: Bo:,5843,Yong International Garments (BD) Ltd.,10-08-2010,2500,2719,,,banking@yictg.com,,,,,,98.66666666666667,confirmed
Ba: Bo:,5845,Engels Composit Kniting Ind: (P:) Ltd.,11-08-2013,6500,3425,,,eti@gmsbd.com,,,,,,74.28571428571429,low
Ba: Bo:,5846,Apparels 21 Ltd.,13-10-2022,,6321,,,alitrade11@gmail.com,,,,,,87.5,confirmed
Ba: Bo:,5849,Sinha Knit Ind. Ltd.,10-05-2022,3500,5070,,,commercial@sinhafwl.com,,,,,,97.5609756097561,confirmed
Ba: Bo:,5852,Talha  Fabrics Ltd.,25-05-2022,5500,5088,,,arif@lantaburgroup.com,,,,,,88.88888888888889,confirmed
Ba: Bo:,5851,B. Brothers Garments Co. Ltd.,04-07-2022,6500,1737,,,,,,,,,100.0,confirmed
Ba: Bo:,5853,Noman Textile Mills Ltd.,24-08-2022,5500,3603,,,rafique@tejgaontextile.com,,,,,,84.0,confirmed
Ba: Bo:,5855,Transworld Sweater Ltd.,12-09-2022,3500,4364,,,,,,,,,79.06976744186046,low
Ba: Bo:,5856,Chittagong Fashion Specialized Textiles Ltd.,22-08-2012,2500,3075,,,afzal@chittagongfashion.com,,,,,,89.1566265060241,confirmed
Ba: Bo:,5857,E S E Knit Ware Ltd.,03-09-2022,2500,6163,,,info@eurogroup-bd.com,,,,,,76.92307692307692,low
Ba: Bo:,5859,Design Tex Fashions Ltd.,22-08-2022,2500,5340,,,rana@fashions-designs.com,,,,,,88.88888888888889,confirmed
Ba: Bo:,5861,Paramount Textile Ltd.,04-08-2022,6500,6606,,,akif@sansgroupbd.com,,,,,,76.92307692307692,low
Ba: Bo:,5864,R.K. Textile & Processing Plant,14-09-2022,6500,6983,,,nazimuddin@abedingroup.com,,,,,,64.70588235294117,low
Ba: Bo:,5863,Soyan Garments (P:) Ltd.,01-09-2010,2500,601,,,commercial@zisasfashionltd.com.bd,,,,,,85.71428571428572,confirmed
Ba: Bo:,5867,Space Sweater Ltd.,24-09-2017,2500,4646,,,sadek@spacebd.biz,,,,,,100.0,confirmed
Ba: Bo:,5866,Tung High Kniting & Dying Ltd.,11-09-2012,2500,4606,,,mahbub@tunghaigroup.com,,,,,,91.80327868852459,confirmed
Ba: Bo:,5868,R M M Knit Clothing Ltd.,16-06-2022,2500,4768,,,info@texbaybd.com,,,,,,91.30434782608697,confirmed
Ba: Bo:,5869,Arari Fashion Ltd.,23-08-2022,3500,5951,,,bablu@nhk-ast.com,,,,,,94.44444444444444,confirmed
Ba: Bo:,5873,K Ali Sweater Ind: Ltd.,03-09-2010,2500,3758,,,masudmukit@gmail.com,,,,,,75.55555555555556,low
Ba: Bo:,5877,Shad Fashion Ltd.,30-08-2019,3500,5805,,,shahidul.sfl@sldhaka.com,,,,,,100.0,confirmed
Ba: Bo:,5879,Supreme Knit Ware Ltd.,16-08-2022,4500,4981,,,info@opexgroup.com,,,,,,79.06976744186046,low
Ba: Bo:,5880,Fareast Kniting & Dying Ind: Ltd.,07-07-2020,3500,1944,,,mazharul@fareastknit.com,,,,,,81.15942028985508,confirmed
Ba: Bo:,5881,Chittagong Knitwers (Pvt) Ltd,05-06-2018,2500,2272,,,rickylee@ckl1996.com,,,,,,95.08196721311475,confirmed
Ba: Bo:,5882,Chittagong Knitwers (Pvt) Ltd,05-06-2018,2500,2272,,,rickylee@ckl1996.com,,,,,,95.08196721311475,confirmed
Ba: Bo:,5885,S B Style Composite Ltd.,27-09-2020,3500,7146,,,info@sbknitcomposite.com,,,,,,96.0,confirmed
Ba: Bo:,5888,Classic Shirts Ltd.,10-10-2011,2500,3038,,,azad.khan@live.com,,,,,,100.0,confirmed
Ba: Bo:,5887,Faruk Dying Kniting & Manufacturing Ltd.,03-10-2013,4500,4606,,,mahbub@tunghaigroup.com,,,,,,73.23943661971832,low
Ba: Bo:,5890,Day-Fashions Ltd.,27-10-2016,2500,3005,,,wahab@daygroupbd.com,,,,,,94.11764705882352,confirmed
Ba: Bo:,5892,Jamal Uddin Textile,12-09-2020,3500,1538,,,landmark@bdmail.net,,,,,,62.857142857142854,low
Ba: Bo:,5893,D & S Preity Fashions Ltd.,25-08-2022,4500,3729,,,piash@prettygroupbd.com,,,,,,96.15384615384616,confirmed
Ba: Bo:,5894,Mark Fabrics Ltd.,06-08-2022,3500,6100,,,,,,,,,86.48648648648648,confirmed
Ba: Bo:,5895,Mazeda Fabrics Ltd.,26-10-2021,3500,5236,,,,,,,,,86.48648648648648,confirmed
Ba: Bo:,5898,Glory Fashions Ltd.,20-07-2019,2500,3336,,,alaksaha@gloryfashions.com,,,,,,100.0,confirmed
Ba: Bo:,5899,Urmy Knit Ware Ltd.,22-09-2022,7000,4243,,,chairman@mantrust.net,,,,,,80.0,confirmed
Ba: Bo:,5900,Load Star Fashions Ltd.,22-10-2011,2500,1143,,,hossain@goldstargroupbd.com,,,,,,91.30434782608697,confirmed
Ba: Bo:,5902,M & S Sweater Ltd.,18-10-2010,2500,4660,,,ms.sweaterltd@gmail.com,,,,,,100.0,confirmed
Ba: Bo:,5904,Pilusid Textile Ltd.,22-12-2022,5500,2329,,,tamalh@bdmail.net,,,,,,80.0,confirmed
Ba: Bo:,5905,National Composit Knit Ltd.,13-10-2022,4500,3808,,,info@pakizaknit.com,,,,,,83.01886792452831,confirmed
Ba: Bo:,5906,Align Apparels Ltd.,16-11-2022,2500,6348,,,jasimanjumangmt@gmail.com,,,,,,94.73684210526316,confirmed
Ba: Bo:,5907,Barnali Textile & Printing Ind: (P:) Ltd.,25-10-2018,2500,3806,,,info@harunbd.com,,,,,,61.9718309859155,low
Ba: Bo:,5908,Panorama Apparels Ltd.,09-10-2021,2500,999,,,mmsohel@panoramabd.com,,,,,,100.0,confirmed
Ba: Bo:,5913,Cadni Textile Mills Ltd.,26-11-2022,6000,6690,,,fairtextilemills@yahoo.com,,,,,,89.36170212765957,confirmed
Ba: Bo:,5914,Sumi Printing & Wiving Ind: (P:) Ltd.,24-07-2021,5500,,,,,,,,,,0,none
Ba: Bo:,5917,Ring Sine Textiles Ltd.,26-11-2020,6500,2396,,,pinery@spctnet.com,,,,,,76.19047619047619,low
Ba: Bo:,5923,Jajira Fabrics,19-11-2015,,3547,,,arif@mascoknit.com,,,,,,64.70588235294117,low
Ba: Bo:,5924,Unifil Textile Mills Ltd.,25-11-2018,6500,3763,,,garment@kdsgroup.net,,,,,,76.59574468085107,low
Ba: Bo:,5927,Crown Knitware Ltd.,02-11-2019,2500,2096,,,info@nz-bd.com,,,,,,80.0,confirmed
Ba: Bo:,5931,Bango Fashion Ltd.,19-08-2022,2500,4591,,,m_rahman@agni.com,,,,,,94.44444444444444,confirmed
Ba: Bo:,5930,Southern Dress Shilpo Ltd.,21-11-2010,2500,6608,,,robiwl.sg@silverworldbd.com,,,,,,74.4186046511628,low
Ba: Bo:,5932,Sonica Screen Printing & Dying,23-11-2010,4500,,,,,,,,,,0,none
Ba: Bo:,5933,A. K. H Kniting & Dying Ltd.,10-10-2022,6500,3890,,,info@akhfashions.com,,,,,,81.4814814814815,confirmed
Ba: Bo:,5941,G. S Garments Ltd.,24-08-2018,2500,6152,,,ranalaila@trouserlineltd.com,,,,,,88.23529411764706,confirmed
Ba: Bo:,5943,Sinha Yearn Dying & Fabrics Ltd.,26-04-2022,7000,2525,,,sinhafwl1@yahoo.com,,,,,,72.0,low
Ba: Bo:,5944,Ruhul Sweater Ltd.,01-12-2014,2500,2488,,,rakib@assurancemonigroup.com,,,,,,82.35294117647058,confirmed
Ba: Bo:,5947,Fakir Apparels Ltd.,12-12-2012,7000,3340,,,rana@fakirapparels.com,,,,,,100.0,confirmed
Ba: Bo:,5949,Sadma Fashion Ware Ltd.,23-12-2014,6500,3517,,,nasir@sadmafashion.com,,,,,,95.65217391304348,confirmed
Ba: Bo:,5951,Cotton Textile & Apparels Ltd.,14-12-2012,2500,2369,,,cotton@bol-online.com,,,,,,93.5483870967742,confirmed
Ba: Bo:,5958,Tajrin Fashions Ltd.,15-03-2012,2500,4262,,,ismail@sharmingroup.com,,,,,,87.8048780487805,confirmed
Ba: Bo:,5957,Messures Yasin Knitex Ind: Ltd.,19-12-2022,6500,4911,,,md@auko-texgroup.com,,,,,,76.36363636363637,low
Ba: Bo:,5959,Five Star Textile Mills Ltd.,24-01-2022,6500,3985,,,info@sattartextile.com,,,,,,86.79245283018868,confirmed
Ba: Bo:,5960,Fatulla Fashions Ltd.,16-11-2022,2500,2725,,,asian@spenectg.com,,,,,,85.71428571428572,confirmed
Ba: Bo:,5961,Grenn textile Limited,16-04-2022,2500,5506,,,a-hai@legendgroupleo.net,,,,,,77.27272727272727,low
Ba: Bo:,5967,T M Textile & Garments Ltd.,19-01-2023,6500,4975,,,durjay@tmtgbd.com,,,,,,92.5925925925926,confirmed
Ba: Bo:,5966,A C S Textile (Bangladesh) Limited,14-12-2021,7000,7091,,,acsinfo@acstextiles.com,,,,,,92.53731343283582,confirmed
Ba: Bo:,5968,Shishir Kniting & Dying Ltd.,24-01-2015,2500,6058,,,info@mmfcl.ad.com,,,,,,96.55172413793103,confirmed
Ba: Bo:,5970,Panasia Sweaters Ltd.,18-01-2017,2500,4990,,,,,,,,,100.0,confirmed
Ba: Bo:,5971,Han Sing Textile Co. (BD) Ltd.,03-01-2018,6500,5979,,,shahid@soorty.com,,,,,,69.0909090909091,low
Ba: Bo:,5972,Kazipur Fashions Ltd. (Unit-1),12-01-2023,6500,1914,,,mosharraf_h@standard-group.com,,,,,,82.35294117647058,confirmed
Ba: Bo:,5978,Susuka Knit Ltd.,22-10-2022,2500,4661,,,pimu@susukaknit.com,,,,,,100.0,confirmed
Ba: Bo:,5981,Riya  Apparels Ltd.,15-01-2018,2500,6659,,,kutubuddin@rafiaapparels.com,,,,,,91.89189189189189,confirmed
Ba: Bo:,5983,Mega Choice Knit Ware Ltd.,26-01-2011,2500,4265,,,pinto@meghnaknit.com.bd,,,,,,73.07692307692308,low
Ba: Bo:,5975,Bela Fashions Ltd.,27-01-2015,2500,2255,,,info@sunman.net,,,,,,91.89189189189189,confirmed
Ba: Bo:,5987,Dohar Washing Plant (P:) Ltd.,31-01-2011,2500,7012,,,mizanmahid7@gmail.com,,,,,,66.66666666666667,low
Ba: Bo:,5986,Panrama Apparels Ltd.,02-01-2019,2500,999,,,mmsohel@panoramabd.com,,,,,,97.67441860465115,confirmed
Ba: Bo:,5989,G. M. Composit Textile Ltd.,03-02-2011,6000,4557,,,md@magpiegroupbd.com,,,,,,82.14285714285714,confirmed
Ba: Bo:,5990,G. M. Composit Textile Ltd.,03-02-2011,6000,4557,,,md@magpiegroupbd.com,,,,,,82.14285714285714,confirmed
Ba: Bo:,5995,Fakir Garments Ltd.,18-05-2022,2500,236,,,ndaulah@dirdgroup.org,,,,,,86.48648648648648,confirmed
Ba: Bo:,6001,Smart Knit Wares Ltd.,09-02-2011,2500,3520,,,shiplu@ratulgroup.com,,,,,,80.95238095238095,confirmed
Ba: Bo:,6004,Sonargaon Textile Ind:,10-02-2011,3500,6606,,,akif@sansgroupbd.com,,,,,,66.66666666666667,low
Ba: Bo:,6005,B. L. Apparels Ltd.,09-02-2022,6500,7116,,,btlapparels782970@gmail.com,,,,,,92.6829268292683,confirmed
Ba: Bo:,6012,M K Fashions Ltd.,19-02-2012,2500,5803,,,kamal@kemsgroup.com,,,,,,90.9090909090909,confirmed
Ba: Bo:,6016,Tamanna Sweater Ltd.,28-03-2015,2500,4294,,,rahad@tamanna.com.bd,,,,,,100.0,confirmed
Ba: Bo:,6017,Tamanna Sweater Ltd.,28-03-2015,2500,4294,,,rahad@tamanna.com.bd,,,,,,100.0,confirmed
Ba: Bo:,6018,A.S.T knitwear,06-12-2022,2500,4046,,,bablu@nhk-ast.com,,,,,,70.96774193548387,low
Ba: Bo:,6019,Pakija Dying & Printing Ind: (P:) Ltd.,20-10-2022,7000,1910,,,nrgroup@global-bd.net,,,,,,65.78947368421053,low
Ba: Bo:,6020,Febrics Knit Composit Ltd.,07-05-2022,6500,4827,,,mijan.r@fpg.com.bd,,,,,,90.56603773584906,confirmed
Ba: Bo:,6022,Sardar Apparels Ltd.,17-03-2015,6500,1553,,,titash@pradeshta.net,,,,,,92.3076923076923,confirmed
Ba: Bo:,6023,Devine Fabrics Ltd.,24-08-2022,6500,4670,,,zaman@divinetextile.com,,,,,,94.73684210526316,confirmed
Ba: Bo:,6024,knit plus limited.,15-01-2023,6000,5146,,,ishtiaque@knitplusltd.com,,,,,,80.0,confirmed
Ba: Bo:,6028,Designtex Sweaters Ltd.,06-10-2019,2500,3516,,,rafiq@designtexbd.com,,,,,,100.0,confirmed
Ba: Bo:,6031,Messures Sumi Dying & Printing Ind:,13-03-2011,3500,1910,,,nrgroup@global-bd.net,,,,,,60.273972602739725,low
Ba: Bo:,6033,Jedda Dying & Printing Ltd.,23-03-2023,6000,1910,,,nrgroup@global-bd.net,,,,,,70.76923076923076,low
Ba: Bo:,6038,Hams Garments Ltd.,22-03-2018,2500,4639,,,amanul.hossain@hams.com.bd,,,,,,100.0,confirmed
Ba: Bo:,6041,Nasir Printing & Packeging Industries Ltd.,02-03-2022,6000,392,,,azmat@citechco.net,,,,,,61.53846153846154,low
Ba: Bo:,6040,T. J. Sweaters Ltd.,11-03-2022,2500,3248,,,fdl@farshegroup.com,,,,,,86.48648648648648,confirmed
Ba: Bo:,6042,M. S. Dying Printing & Finishing Ltd.,22-03-2016,6500,5915,,,navyhosiery@gmail.com,,,,,,91.89189189189189,confirmed
Ba: Bo:,6044,Adorn Fashions Ltd.,08-04-2022,2500,5038,,,,,,,,,100.0,confirmed
Ba: Bo:,6047,Pakija Dying & Printing Ind: (P:) Ltd.,23-01-2023,6000,1910,,,nrgroup@global-bd.net,,,,,,65.78947368421053,low
Ba: Bo:,6049,Hams Garments Ltd.,07-03-2022,6500,4639,,,amanul.hossain@hams.com.bd,,,,,,100.0,confirmed
Ba: Bo:,6052,Kaiyum Fashion Ltd.,23-02-2017,2500,1914,,,mosharraf_h@standard-group.com,,,,,,85.0,confirmed
Ba: Bo:,6051,New Top Textile BD Ltd.,10-04-2021,5000,5320,,,totaltextile.bd@gmail.com,,,,,,73.17073170731707,low
Ba: Bo:,6056,D A K Textile,23-03-2022,5000,5936,,,,,,,,,69.23076923076923,low
Ba: Bo:,6063,Asif Apparels Ltd.,02-04-2019,2500,2763,,,asif@ bdmail.net,,,,,,100.0,confirmed
Ba: Bo:,6064,Meridian Washing Plant (P:) Ltd.,13-03-2022,5000,7012,,,mizanmahid7@gmail.com,,,,,,66.66666666666667,low
Ba: Bo:,6068,Bando Fashions Limited,01-06-2019,2500,3522,,,info@creativegroupbd.net,,,,,,87.8048780487805,confirmed
Ba: Bo:,6071,Phoenix Spinning Mills Ltd.,30-04-2018,3500,3772,,,quddus@dragon-sweater.net,,,,,,77.55102040816327,low
Ba: Bo:,6070,Messures Angashree Dying & Printing,26-04-2022,5500,,,,,,,,,,0,none
Ba: Bo:,6072,Armana Apparels Ltd.,08-05-2019,2500,3588,,,zaman@armanagroup.com,,,,,,100.0,confirmed
Ba: Bo:,6073,Armana Apparels Ltd.,03-05-2012,2500,3588,,,zaman@armanagroup.com,,,,,,100.0,confirmed
Ba: Bo:,6079,Indesor Sweater Ltd.,05-09-2022,3500,4707,,,milon@indesore.com,,,,,,97.5609756097561,confirmed
Ba: Bo:,6080,Logos Apparels Ltd.,11-05-2022,3500,2812,,,hamza@logosbd.net,,,,,,100.0,confirmed
Ba: Bo:,6081,Garments Export Village Ltd.,22-05-2022,5500,4066,,,alam@amtranet.com,,,,,,100.0,confirmed
Ba: Bo:,6082,Surichala Textile & Dying Mills Ltd.,05-05-2015,6500,3985,,,info@sattartextile.com,,,,,,72.1311475409836,low
Ba: Bo:,6090,Roujan Sweater Ltd.,18-05-2018,2500,3776,,,qtex@globalctg.net,,,,,,89.47368421052632,confirmed
Ba: Bo:,6098,Bando Fashions Ltd.,07-06-2020,2500,3522,,,info@creativegroupbd.net,,,,,,100.0,confirmed
Ba: Bo:,6100,Malesh Dying Printing & Processing Mills,22-05-2011,5500,6833,,,info@mosharafgroup.com,,,,,,68.23529411764706,low
Ba: Bo:,6102,Matrix Sweaters Ltd.,03-11-2018,2500,4507,,,alamgir@matrixsweatersbd.com,,,,,,100.0,confirmed
Ba: Bo:,6101,Khadiza Textile Processing & Printing Industries Ltd.,14-06-2019,6500,6015,,,info@sonnettex.com,,,,,,65.06024096385542,low
Ba: Bo:,6105,Inter Fab Shirts Manuf: Ltd.,14-06-2022,3500,3804,,,ahasan@interfabshirt.com,,,,,,72.1311475409836,low
Ba: Bo:,6104,Akij Printing & Packeging Ltd.,28-06-2022,5000,6904,,,jibon@asiasourcing.com,,,,,,60.71428571428572,low
Ba: Bo:,6109,Camlet Fashions Ltd.,11-06-2011,2500,4481,,,appnappco@gmail.com,,,,,,100.0,confirmed
Ba: Bo:,6110,Transworld Sweaters Ltd.,24-06-2019,2500,4364,,,,,,,,,81.81818181818181,confirmed
Ba: Bo:,6115,J M S Composit Knit Ware Ltd.,15-06-2018,2500,5104,,,info@skcl-bd.com,,,,,,82.14285714285714,confirmed
Ba: Bo:,6116,Messures Brothers Textile Mills,14-06-2022,4500,6130,,,,,,,,,61.53846153846154,low
Ba: Bo:,6117,Hydroxide Knitware Ltd.,21-02-2019,2500,3927,,,ariful.kabir@syntexknitwear.com,,,,,,95.65217391304348,confirmed
Ba: Bo:,6119,The-Civil Engineers Ltd. (Sweater Unit),13-07-2022,3500,4834,,,atiqur_r@standard-group.com,,,,,,76.71232876712328,low
Ba: Bo:,6118,One Up Sweater Ltd.,03-06-2022,2500,4590,,,rshqlm66@gmail.com,,,,,,97.43589743589743,confirmed
Ba: Bo:,6122,Nafa Apparels  Ltd.,16-02-2023,2500,3962,,,palmalexport@palmalgarments.com,,,,,,100.0,confirmed
Ba: Bo:,6123,Nafa Apparels Ltd.,16-02-2023,2500,3962,,,palmalexport@palmalgarments.com,,,,,,100.0,confirmed
Ba: Bo:,6124,Queen South Textile Mills Ltd.,04-05-2022,7000,3233,,,regent@spnetctg.com,,,,,,83.63636363636364,confirmed
Ba: Bo:,6126,Green Life Knit Composit Ltd.,27-06-2022,7000,6694,,,faruko27@yahoo.com,,,,,,80.0,confirmed
Ba: Bo:,6127,Hindol Wally Textile Ltd.,18-06-2011,6500,5422,,,,,,,,,71.11111111111111,low
Ba: Bo:,6134,E O S Textile Mills Ltd.,13-04-2021,5500,3763,,,garment@kdsgroup.net,,,,,,82.6086956521739,confirmed
Ba: Bo:,6133,Anoyara Dress Makers Ltd.,18-06-2011,3500,4209,,,jasimfrank@icloud.com,,,,,,96.0,confirmed
Ba: Bo:,6136,Ayet Ali Vuiyan Textile Mills Ltd.,21-06-2011,4500,2154,,,arefin@arefingroupbd.com,,,,,,71.1864406779661,low
Ba: Bo:,6138,G M S Composit Kniting Ind: Ltd.,15-06-2022,8000,3425,,,eti@gmsbd.com,,,,,,84.375,confirmed
Ba: Bo:,6141,F G S Laundry Ltd.,16-07-2018,3500,3103,,,md_azim61@yahoo.com,,,,,,65.0,low
Ba: Bo:,6144,N R G Spinning Mills Ltd.,14-07-2019,7000,3772,,,quddus@dragon-sweater.net,,,,,,85.1063829787234,confirmed
Ba: Bo:,6142,Ramisa's Fashions Ltd.,02-07-2012,2500,3833,,,naimgmts@gmail.com,,,,,,100.0,confirmed
Ba: Bo:,6145,N R G Spinning Mills Ltd.,29-08-2018,7000,3772,,,quddus@dragon-sweater.net,,,,,,85.1063829787234,confirmed
Ba: Bo:,6146,Shishir Kniting & Dying Ltd.,03-06-2022,5500,6058,,,info@mmfcl.ad.com,,,,,,96.55172413793103,confirmed
Ba: Bo:,6147,Fakir Apparels Ltd.,20-07-2021,3500,3340,,,rana@fakirapparels.com,,,,,,100.0,confirmed
Ba: Bo:,6148,Section Seven Apparels Ltd.,23-05-2022,3500,5045,,,smkhan@shirtmakersltd.com,,,,,,100.0,confirmed
Ba: Bo:,6150,Southern Dress Shilpo Ltd.,09-08-2020,3500,6608,,,robiwl.sg@silverworldbd.com,,,,,,74.4186046511628,low
Ba: Bo:,6153,Bunon Kniting Ltd.,13-07-2011,2500,5944,,,bunonknit@gmail.com,,,,,,81.08108108108108,confirmed
Ba: Bo:,6156,Taha Textiles Ltd.,14-07-2021,7000,2148,,,log@savartex.com,,,,,,86.48648648648648,confirmed
Ba: Bo:,6158,Aman Knitings Ltd.,06-07-2022,5000,2978,,,amanknit@gnbd.net,,,,,,97.2972972972973,confirmed
Ba: Bo:,6164,Squire Knit Composit Ltd.,19-07-2022,6000,5004,,,younus@anontexgroup.com,,,,,,86.27450980392157,confirmed
Ba: Bo:,6165,Squire Knit Composit Ltd.,17-07-2022,7000,5004,,,younus@anontexgroup.com,,,,,,86.27450980392157,confirmed
Ba: Bo:,6173,Tandem Sweaters Ltd.,18-07-2018,3500,4364,,,,,,,,,100.0,confirmed
Ba: Bo:,6178,Messures Zakir Textile,16-07-2022,6000,6772,,,yeakingtextileindustries@gmail.com,,,,,,68.08510638297872,low
Ba: Bo:,6182,Interlink Dresses,22-07-2022,3500,4892,,,intezar@interlink-bd.com,,,,,,100.0,confirmed
Ba: Bo:,6179,Messures Rabbani Washing Co.,21-09-2022,3500/-,,,,,,,,,,0,none
Ba: Bo:,6183,Fair Kniting Ltd.,01-08-2011,5500,5902,,,,,,,,,90.32258064516128,confirmed
Ba: Bo:,6184,Fair Washing Ltd.,13-08-2018,7000,4220,,,fifltd@citechco.net,,,,,,100.0,confirmed
Ba: Bo:,6185,Fair Washing Ltd.,21-08-2014,7000,4220,,,fifltd@citechco.net,,,,,,100.0,confirmed
Ba: Bo:,6187,NRG Composite Yearn Dyeing,30-01-2022,7000,5727,,,annex2bd@hotmail.com,,,,,,62.06896551724138,low
Ba: Bo:,6188,Envoy Textiles Ltd.,14-03-2023,6500,5216,,,rubenapex@gmail.com,,,,,,83.33333333333334,confirmed
Ba: Bo:,6190,Norp Knit Industries Ltd.,08-08-2022,3500,4007,,,sarkar@norpknit.com,,,,,,100.0,confirmed
Ba: Bo:,6193,How Are You Textile Industries Ltd.,10-08-2016,7000,6015,,,info@sonnettex.com,,,,,,70.76923076923076,low
Ba: Bo:,6194,Chemio USA Knit Ware Ltd.,22-03-2018,2500,4805,,,info@camiousa.com,,,,,,75.0,low
Ba: Bo:,6195,Envoy Textiles Ltd.,14-03-2023,7000,5216,,,rubenapex@gmail.com,,,,,,83.33333333333334,confirmed
Ba: Bo:,6196,Regent Textile Mills Ltd.,26-03-2023,6500/-,3233,,,regent@spnetctg.com,,,,,,100.0,confirmed
Ba: Bo:,6198,Squire Fashions Ltd.,15-01-2023,2500,3545,,,sanchia@squaregroup.com,,,,,,95.0,confirmed
Ba: Bo:,6197,Moni Fashion Ltd.,16-08-2020,3500,4020,,,sakhawat@assurancemonigroup.com,,,,,,100.0,confirmed
Ba: Bo:,6201,Spectra Sweaters Ltd.,11-03-2023,2500,4631,,,shajal@sweater-makers.com,,,,,,100.0,confirmed
Ba: Bo:,6202,Fokhoruddin Textile Mills Ltd.,03-07-2022,5500,4596,,,asif@urmigroup.net,,,,,,94.91525423728814,confirmed
Ba: Bo:,6200,Jalal Ahmed Knit Composit Ltd.,26-08-2016,2500,4702,,,mijan.r@fpg.com.bd,,,,,,98.36065573770492,confirmed
Ba: Bo:,6204,R R Apparels Ltd.,19-08-2016,2500,4171,,,merchandising@rrapparelsbd.com,,,,,,91.42857142857143,confirmed
Ba: Bo:,6203,Mexi Bangla Sweater Ltd.,06-04-2016,2500,5749,,,info@kalamsweater.com,,,,,,76.19047619047619,low
Ba: Bo:,6206,Digonto Sweaters Ltd.,19-07-2022,3500,4187,,,cosmos@cosmosdiganta.com,,,,,,90.47619047619048,confirmed
Ba: Bo:,6208,Sidatex Apparels Ltd.,04-09-2015,2500,3736,,,info@updategroupbd.com,,,,,,87.8048780487805,confirmed
Ba: Bo:,6210,Ridisha Knitex Ltd.,28-08-2022,7000,3845,,,tuhin.hrm@groupreedisha-bd.com,,,,,,92.3076923076923,confirmed
Ba: Bo:,6212,Pantalun Textiles Ltd.,01-09-2011,2500,4547,,,moshiur@saturnbd.com,,,,,,85.71428571428572,confirmed
Ba: Bo:,6213,Cold Asia Sweater Ltd.,28-09-2022,2500,3758,,,masudmukit@gmail.com,,,,,,100.0,confirmed
Ba: Bo:,6214,Natural Wool Wears Ltd.,12-08-2022,2500,3737,,,mizan@naturalgroup.org,,,,,,100.0,confirmed
Ba: Bo:,6215,Altimate Fashions Ltd.,04-09-2011,2500,1965,,,afl-1@azmatgroup.com,,,,,,87.8048780487805,confirmed
Ba: Bo:,6218,OASIS FASHION LTD.,14-03-2022,2500,6519,,,selim.hronefashions@gmail.com,,,,,,63.1578947368421,low
Ba: Bo:,6216,S R B Fashions Ltd.,01-09-2011,2500,5178,,,reza1924@gmail.com,,,,,,89.47368421052632,confirmed
Ba: Bo:,6219,Designtex Sweaters Ltd.,07-09-2019,2500,3516,,,rafiq@designtexbd.com,,,,,,100.0,confirmed
Ba: Bo:,6220,DGN Apparels Ltd.,28-09-2015,2500,5791,,,t-ino@gavans.com,,,,,,90.9090909090909,confirmed
Ba: Bo:,6222,Runing Fashions Ltd.,16-04-2018,2500,2542,,,babu@rising-group.com,,,,,,90.0,confirmed
Ba: Bo:,6224,B.K.C. Sweaters Ltd.,05-09-2011,2500,4561,,,adofia@connectbd.com,,,,,,89.47368421052632,confirmed
Ba: Bo:,6228,Hornbill Apparels Ltd.,17-09-2018,2500,2377,,,wahidul@norbangroup.com,,,,,,97.67441860465115,confirmed
Ba: Bo:,6230,DK Knit Ware Ltd.,26-09-2021,6500,909,,,,,,,,,80.0,confirmed
Ba: Bo:,6235,Aiyubpur Textile Mills Ltd.,23-09-2022,3500/-,6690,,,fairtextilemills@yahoo.com,,,,,,84.0,confirmed
Ba: Bo:,6236,Tandem Sweaters Ltd.,19-10-2017,2500,4364,,,,,,,,,100.0,confirmed
Ba: Bo:,6237,Nexus Sweaters Ind: (P:) Ltd.,23-09-2020,3500,2942,,,rashid@nexussweater.com,,,,,,77.96610169491525,low
Ba: Bo:,6238,Aporupa Textile Mills Ltd.,08-10-2012,5000,2154,,,arefin@arefingroupbd.com,,,,,,82.35294117647058,confirmed
Ba: Bo:,6240,Kasse Apparels Ltd.,02-10-2011,2500,4663,,,haseenapparels@kayabagroup.com,,,,,,87.17948717948718,confirmed
Ba: Bo:,6241,S. A. Rahman Sweater Factory Ltd.,09-10-2011,2500,3652,,,sartlheadoffice@qubeemail.com.bd,,,,,,92.3076923076923,confirmed
Ba: Bo:,6243,Poshomi Sweaters Ltd.,17-10-2022,2500,5023,,,shajal@sweater-makers.com,,,,,,95.0,confirmed
Ba: Bo:,6245,Intraco Sweaters Ltd.,18-10-2011,3500,3877,,,export@intramex-bd.com,,,,,,85.71428571428572,confirmed
Ba: Bo:,6244,Poshomi Sweaters Ltd.,17-10-2022,2500,5023,,,shajal@sweater-makers.com,,,,,,95.0,confirmed
Ba: Bo:,6246,Arl Fashion Ltd.,05-10-2016,2500,3855,,,aprilfs@dhaka.net,,,,,,91.42857142857143,confirmed
Ba: Bo:,6247,Mohamadi Knit Store Ltd.,29-09-2020,3500,4734,,,mksl@mohammadigroup.com,,,,,,91.66666666666666,confirmed
Ba: Bo:,6248,Pan Mark Apparels (P:) Ltd.,04-10-2022,2500/-,1702,,,panmarkhr@asianapparels.com,,,,,,80.0,confirmed
Ba: Bo:,6249,Nar Sweater Ltd.,17-10-2018,2500,3524,,,commercial@mondol.net,,,,,,90.9090909090909,confirmed
Ba: Bo:,6250,New Labour Hosiery & Garments,20-02-2018,3500,6561,,,babu@turagbd.net,,,,,,68.75,low
Ba: Bo:,6252,M. T. Sweaters Ltd.,21-08-2021,2500,3818,,,rana@fashionsdesigns.com,,,,,,86.48648648648648,confirmed
Ba: Bo:,6253,Fashion FX Ltd.,16-11-2015,2500,2252,,,,,,,,,87.5,confirmed
Ba: Bo:,6254,Sicili Garments Ltd.,05-11-2017,2500,2667,,,sicily@dhaka.net,,,,,,95.0,confirmed
Ba: Bo:,6255,Alema Textiles Ltd.,01-09-2022,6500,5035,,,mahabub@mimgroupbd.com,,,,,,100.0,confirmed
Ba: Bo:,6259,Navi Moda Knit Ware Ltd.,12-11-2014,2500,4476,,,olikfl@dhaka.net,,,,,,76.19047619047619,low
Ba: Bo:,6260,Thina Sweaters Ltd.,16-07-2022,3500,3731,,,raihan@oceansweater.com,,,,,,100.0,confirmed
Ba: Bo:,6263,Tandem Sweater Ltd.,19-07-2018,2500,4364,,,,,,,,,97.43589743589743,confirmed
Ba: Bo:,6264,Mondol Fabrics Ltd.,15-08-2022,6500,4002,,,commercial@mondol.net,,,,,,100.0,confirmed
Ba: Bo:,6273,Pioneer Sweater Ltd.,04-11-2021,4500,3942,,,polto@polestargroupbd.net,,,,,,82.05128205128204,confirmed
Ba: Bo:,6274,Pioneer Sweater Ltd.,02-11-2021,4500,3942,,,polto@polestargroupbd.net,,,,,,82.05128205128204,confirmed
Ba: Bo:,6275,Pioneer Knit Wares (BD) Ltd.,18-04-2022,5000,5015,,,accounts.ho@pkbdl.com,,,,,,80.0,confirmed
Ba: Bo:,6279,Fahami Washing Plant Ltd.,23-11-2019,7000,7012,,,mizanmahid7@gmail.com,,,,,,81.81818181818181,confirmed
Ba: Bo:,6282,AKH Shirts Ltd.,30-12-2018,2500,4500,,,info@akhfashions.com,,,,,,100.0,confirmed
Ba: Bo:,6281,S.B. Knit Composit,05-12-2011,6500,6991,,,mdabdulawal260@gmail.com,,,,,,78.04878048780488,low
Ba: Bo:,6283,Pandora Sweaters Ltd.,22-10-2018,2500,4065,,,saiful.alam@renaissance.com.bd,,,,,,100.0,confirmed
Ba: Bo:,6285,Fullcharm Fashion Knitters Ltd.,12-11-2022,5500,3006,,,commercial@fullraybd.com,,,,,,100.0,confirmed
Ba: Bo:,6288,Ridisha Knitex Ltd.,05-12-2022,7000,3845,,,tuhin.hrm@groupreedisha-bd.com,,,,,,92.3076923076923,confirmed
Ba: Bo:,6287,BHML Sweaters Ltd.,16-12-2021,2500,4584,,,bhml@sparkbd.com,,,,,,100.0,confirmed
Ba: Bo:,6291,Dynamic Sweater Ind. Ltd.,25-04-2020,3500,3640,,,akabir@bestwoolbd.net,,,,,,98.0392156862745,confirmed
Ba: Bo:,6292,Malek Dying Printing & Finishing Mills,11-12-2021,3500,5915,,,navyhosiery@gmail.com,,,,,,77.33333333333333,low
Ba: Bo:,6299,Four H Dying & Printing Ltd.,26-12-2022,,5915,,,navyhosiery@gmail.com,,,,,,70.76923076923076,low
Ba: Bo:,6302,"Crony Apparels Ltd. (Knitting, Dyeing & Printing Unit)",02-02-2022,6500,,,,,,,,,,0,none
Ba: Bo:,6303,Epic Garments Manuf. Co. Ltd.,07-11-2022,5500,4676,,,info@egmclbd.com,,,,,,98.24561403508771,confirmed
Ba: Bo:,6304,Anzir Apparels Ltd.,27-11-2011,2500,3231,,,anzirterrytowels@gmail.com,,,,,,100.0,confirmed
Ba: Bo:,6309,Nayla Fashion (P:) Ltd.,14-10-2019,2500,3930,,,tipunfl@dhaka.net,,,,,,89.36170212765957,confirmed
Ba: Bo:,6312,Harodos Garments Ltd.,06-01-2018,2500,1092,,,harrods@colbd.com,,,,,,95.23809523809523,confirmed
Ba: Bo:,6311,Sujon Apparels Ltd.,01-12-2015,2500,5190,,,info@sal.com.bd,,,,,,94.73684210526316,confirmed
Ba: Bo:,6316,Regency Garments Ltd.(Unit-02),12-04-2022,6500/-,378,,,ajith.wijesinghe@regencybd.net,,,,,,82.35294117647058,confirmed
Ba: Bo:,6319,Jeans Washing Ind: Ltd.,05-02-2013,5000,3905,,,sazzad@passhionjeans.net,,,,,,73.17073170731707,low
Ba: Bo:,6321,Barnali Textile & Printing Ind: (P:) Ltd.,10-01-2022,6500,3806,,,info@harunbd.com,,,,,,61.9718309859155,low
Ba: Bo:,6313,Harodos Garments Ltd.,06-01-2018,2500,1092,,,harrods@colbd.com,,,,,,95.23809523809523,confirmed
Ba: Bo:,6323,L Usine Fashion Ltd.,15-01-2022,2500,4762,,,info@lusinefashion.com,,,,,,100.0,confirmed
Ba: Bo:,6322,L Usine Fashion Ltd.,24-01-2022,2500,4762,,,info@lusinefashion.com,,,,,,100.0,confirmed
Ba: Bo:,6324,Roshita Knit Wares (P:) Ltd.,02-01-2013,3500,2359,,,soharwardi@rupashigroup.com,,,,,,74.50980392156863,low
Ba: Bo:,6325,Fashion It Co. Ltd.  (Unit-2),12-05-2016,5000,4600,,,syed.nurul@wellbd.com,,,,,,77.77777777777779,low
Ba: Bo:,6331,Fortis Garments Ltd.,25-01-2018,2500,5100,,,md@texfortis.com,,,,,,100.0,confirmed
Ba: Bo:,6333,Finkoli Apparels Ltd.,13-01-2019,6500,5244,,,finnkoli@dhaka.net,,,,,,97.67441860465115,confirmed
Ba: Bo:,6332,Confidence Knit Ware Ltd.,02-02-2021,2500,3498,,,babylon@babylon-bd.com,,,,,,75.55555555555556,low
Ba: Bo:,6336,New Age Apparels Ltd.,12-01-2022,2500,2168,,,info@newage-group.com,,,,,,82.92682926829268,confirmed
Ba: Bo:,6334,Mozib Fashions Ltd.,26-01-2012,2500,5934,,,,,,,,,94.73684210526316,confirmed
Ba: Bo:,6339,Denimach Washing Ltd.,02-01-2023,6500,4444,,,neptunebd@siriusbb.com,,,,,,76.92307692307692,low
Ba: Bo:,6340,Radiant Sweater Ind: Ltd.,14-02-2022,2500,3098,,,nazemul@sayem-group.com,,,,,,85.71428571428572,confirmed
Ba: Bo:,6341,Eastern Dresses Ltd.,17-12-2015,2500,2001,,,stislam@gmail.com,,,,,,100.0,confirmed
Ba: Bo:,6344,Nasir Dying & Printing Finishing Ind: (P:) Ltd.,14-03-2022,4500,5915,,,navyhosiery@gmail.com,,,,,,76.19047619047619,low
Ba: Bo:,6347,Messures Dewyan Textile Mills,27-03-2019,3500,6508,,,dtml@dbg.com.bd,,,,,,65.51724137931035,low
Ba: Bo:,6349,Sparkol Knit Composit Ltd.,21-02-2022,6500,5104,,,info@skcl-bd.com,,,,,,94.33962264150944,confirmed
Ba: Bo:,6353,V & R Fashion,21-02-2019,2500,5178,,,reza1924@gmail.com,,,,,,81.25,confirmed
Ba: Bo:,6352,Sadika Textile Mills (P:) Ltd.,05-02-2022,3500,3985,,,info@sattartextile.com,,,,,,80.0,confirmed
Ba: Bo:,6357,Anowara Dress Makers Ltd.,20-03-2023,3500/-,4209,,,jasimfrank@icloud.com,,,,,,100.0,confirmed
Ba: Bo:,6359,Mashihata Sweaters Ltd.,26-02-2023,4500,3753,,,info@masihata.com,,,,,,97.77777777777777,confirmed
Ba: Bo:,6361,H N Garments Ltd.,23-02-2021,2500,3314,,,info@trzgroup.com,,,,,,90.9090909090909,confirmed
Ba: Bo:,6367,Classic Shirts Ltd.,23-03-2017,2500,3038,,,azad.khan@live.com,,,,,,100.0,confirmed
Ba: Bo:,6369,Takwaya Fabrics Limited,28-11-2017,6500,5088,,,arif@lantaburgroup.com,,,,,,78.04878048780488,low
Ba: Bo:,6372,Squire Fashions Ltd.,07-03-2013,2500,3545,,,sanchia@squaregroup.com,,,,,,95.0,confirmed
Ba: Bo:,6373,Union Knit Wares Ltd.,23-03-2021,2500,5156,,,rahim@uniongarmentsltd.com,,,,,,92.6829268292683,confirmed
Ba: Bo:,6380,EUSEBIO Textile (Bangladesh) Ltd.,22-03-2022,6500/-,7091,,,acsinfo@acstextiles.com,,,,,,78.78787878787878,low
Ba: Bo:,6384,Islam Garments Ltd.,18-03-2020,7000,186,,,atiq@islam-garments.com,,,,,,100.0,confirmed
Ba: Bo:,6385,Mane Washing Ltd.,26-02-2022,3500,6117,,,badal@tusuka.com,,,,,,77.77777777777779,low
Ba: Bo:,6387,Bilasi Textile Ind. (P.) Ltd.,20-03-2022,4500,2447,,,,,,,,,71.69811320754718,low
Ba: Bo:,6388,Bilasi Textile Ind. (P.) Ltd.,21-03-2022,5000,2447,,,,,,,,,71.69811320754718,low
Ba: Bo:,6393,Kun Tung Apparels Ltd.,24-01-2021,5000,4216,,,cfo.kt@kwuntongapparels.com,,,,,,93.33333333333333,confirmed
Ba: Bo:,6394,Bengal Haricane Dying & Printing (P:) Ltd.,07-03-2023,6500,5915,,,navyhosiery@gmail.com,,,,,,60.75949367088608,low
Ba: Bo:,6392,Shenon Sweaters Ltd.,03-09-2022,4500,3861,,,shanon@bdonline.com,,,,,,95.0,confirmed
Ba: Bo:,6395,Padma Polycotton Knit Fabrics Ltd.,04-04-2022,7000,2413,,,admin@padmapolycotton.net,,,,,,100.0,confirmed
Ba: Bo:,6396,Sayeed Textile Mills Ltd.,01-04-2012,4500,3233,,,regent@spnetctg.com,,,,,,84.0,confirmed
Ba: Bo:,6400,G.M. Dying & Printing Mills,15-04-2022,5000,6833,,,info@mosharafgroup.com,,,,,,69.44444444444444,low
Ba: Bo:,6402,Simba Fashions Ltd.,24-03-2022,2500,5267,,,navneet@simbafashion.com,,,,,,100.0,confirmed
Ba: Bo:,6404,Chunji Knit Ltd.,25-01-2023,5500,2435,,,chunji@chunjibd.com,,,,,,90.9090909090909,confirmed
Ba: Bo:,6406,Space Sweater Ltd.,16-04-2018,2500,4646,,,sadek@spacebd.biz,,,,,,100.0,confirmed
Ba: Bo:,6407,Mitaly Fashions Ltd.,12-03-2022,2500,3164,,,abdullah@mitalifashions.net,,,,,,95.0,confirmed
Ba: Bo:,6408,Mitaly Fashions Ltd.,28-03-2022,2500,3164,,,abdullah@mitalifashions.net,,,,,,95.0,confirmed
Ba: Bo:,6409,The Rose Dresses Ltd.,10-04-2022,2500,4241,,,atiq@islam-garments.com,,,,,,100.0,confirmed
Ba: Bo:,6410,Best Wool Sweaters Ltd.,24-04-2017,3500,3826,,,akabir@bestwoolbd.net,,,,,,100.0,confirmed
Ba: Bo:,6411,Sinha Fabrics Ltd.,14-04-2022,5000,2525,,,sinhafwl1@yahoo.com,,,,,,100.0,confirmed
Ba: Bo:,6412,Thermax Textile Mills Ltd.,16-04-2012,5500,1480,,,mamoon@dukefocus.com,,,,,,75.86206896551724,low
Ba: Bo:,6413,Sayham Knit Composit Ltd.,12-04-2023,7000,5330,,,md@saihamknit.com,,,,,,94.11764705882352,confirmed
Ba: Bo:,6414,Kojima Lirik Garments Ltd.,18-02-2023,2500,1732,,,liton.lyric@gmail.com,,,,,,76.92307692307692,low
Ba: Bo:,6415,S F Denim Apparels Ltd.,17-04-2022,2500,2746,,,fuad@sfdenim.com,,,,,,89.36170212765957,confirmed
Ba: Bo:,6418,Fortune Apparels Ltd.,13-03-2018,2500,2947,,,masalam@asianapparels.com,,,,,,100.0,confirmed
Ba: Bo:,6420,T S S Fashions Ltd.,23-04-2015,2500,3964,,,mostafa_victory@siriusbb.com,,,,,,88.88888888888889,confirmed
Ba: Bo:,6417,Shah Amanat Kniting & Dying Industries Ltd.,15-04-2022,19500/-,2855,,,mkdil@citech-bd.com,,,,,,72.5,low
Ba: Bo:,6421,Fresh Fashion Ware Ltd.,25-03-2022,2500,4465,,,mohsin@freshfashion-bd.com,,,,,,95.65217391304348,confirmed
Ba: Bo:,6423,Clifton Textile & Apparels Ltd.,24-04-2017,2500,3856,,,chairman@cliftongroupbd.com,,,,,,90.625,confirmed
Ba: Bo:,6424,Clifton Fashions Ltd.,22-04-2012,2500,2406,,,mohiuddin@cliftongroupbd.com,,,,,,97.5609756097561,confirmed
Ba: Bo:,6427,Clifton Garments Ltd.,24-04-2017,2500,395,,,ali@cliftongroupbd.com,,,,,,100.0,confirmed
Ba: Bo:,6426,Delux Fashions Ltd.,24-04-2017,2500,1460,,,chairman@cliftongroupbd.com,,,,,,97.43589743589743,confirmed
Ba: Bo:,6429,Heyon Apparels Ltd.,09-04-2019,2500,3987,,,tapashyun@gmail.com,,,,,,91.89189189189189,confirmed
Ba: Bo:,6430,Metro Knitting & Dyeing Mills Limited (Factory-2),07-04-2022,2500,3676,,,info@metrokd.com,,,,,,79.51807228915662,low
Ba: Bo:,6434,Your Fashion Sweater Ltd.,14-05-2022,2500,4448,,,atiqur_r@standard-group.com,,,,,,100.0,confirmed
Ba: Bo:,6436,Raks Fashion Ltd,21-03-2022,2500,753,,,mksfashionltd@gmail.com,,,,,,90.9090909090909,confirmed
Ba: Bo:,6437,Orion Knit Textiles Ltd.,25-05-2022,7000,7019,,,asad.oktl@orion-group.net,,,,,,90.19607843137256,confirmed
Ba: Bo:,6442,Riyaz Export Apparels Ltd.,08-05-2022,2500,3421,,,faruk@shaningroup.net,,,,,,94.11764705882352,confirmed
Ba: Bo:,6443,Riyaz Export Apparels Ltd.,01-05-2022,2500,3421,,,faruk@shaningroup.net,,,,,,94.11764705882352,confirmed
Ba: Bo:,6445,Zoom Sweaters Ltd.,03-02-2019,2500,3536,,,mazidtalukdar@yahoo.com,,,,,,100.0,confirmed
Ba: Bo:,6447,T-Design Sweaters Ltd.,21-04-2021,2500,4865,,,halim@tdesignsweater.com,,,,,,100.0,confirmed
Ba: Bo:,6446,Ridisha Textiles Ltd.,22-10-2018,2500,6020,,,tuhin.hrm@groupreedisha-bd.com,,,,,,81.81818181818181,confirmed
Ba: Bo:,6455,Torque Fashions Limited,03-11-2018,2500,4623,,,kamal@torquebd.com,,,,,,88.37209302325581,confirmed
Ba: Bo:,6461,Paragon Knit Composit Ltd.,25-05-2012,2500,5981,,,mangoknitbd@gmal.com,,,,,,86.27450980392157,confirmed
Ba: Bo:,6460,Posh Garments Ltd.,22-04-2022,2500,313,,,wasim@poshgarmentsltd.com,,,,,,100.0,confirmed
Ba: Bo:,6462,Radiance Knitware Ltd.,19-05-2021,2500,3385,,,md@texgengroup.com,,,,,,93.33333333333333,confirmed
Ba: Bo:,6464,A.K.M. Knit Ware Ltd.,04-05-2022,7000,3420,,,md@pacificbluejeans.com,,,,,,95.23809523809523,confirmed
Ba: Bo:,6466,Friends & Friends Apparels (P:) Ltd.,23-05-2016,2500,1060,,,,,,,,,88.0,confirmed
Ba: Bo:,6465,Siraj Dying & Printing Industries,29-05-2012,4500,1910,,,nrgroup@global-bd.net,,,,,,64.7887323943662,low
Ba: Bo:,6467,P & G Textile Ltd.,24-04-2022,2500,3257,,,sadek.pandg@gmail.com,,,,,,100.0,confirmed
Ba: Bo:,6468,Green Fair Textile Ltd.,16-04-2018,2500,3021,,,greenfair.bd@gmail.com,,,,,,100.0,confirmed
Ba: Bo:,6470,Comfit Composite Knit Ltd Unit-2,10-03-2022,2500,4178,,,Munna@youthbd.com,,,,,,86.20689655172413,confirmed
Ba: Bo:,6472,Fantasy Sweater (P:) Ltd.,01-06-2012,2500,3908,,,info@dynastygroupbd.com,,,,,,80.0,confirmed
Ba: Bo:,6481,Shinshin Apparels Ltd.,13-07-2022,2500,4336,,,info.dir@shinshingroup.com,,,,,,93.33333333333333,confirmed
Ba: Bo:,6482,Mahbub Dying Printing & Finishing Mill,17-06-2012,6500,5915,,,navyhosiery@gmail.com,,,,,,77.33333333333333,low
Ba: Bo:,6488,Kazipur Fashions Ltd.,06-01-2023,3500,1914,,,mosharraf_h@standard-group.com,,,,,,100.0,confirmed
Ba: Bo:,6491,Magpai Composite Textile Ltd.,18-06-2018,6500,4557,,,md@magpiegroupbd.com,,,,,,96.55172413793103,confirmed
Ba: Bo:,6492,H D F Apparels Ltd.,20-06-2021,2500,5467,,,jamil@fourhgroup.com,,,,,,87.17948717948718,confirmed
Ba: Bo:,6493,Southern Garments Ltd.,29-06-2021,2500,246,,,muhammad.sayeed@renaissance.com.bd,,,,,,100.0,confirmed
Ba: Bo:,6495,Five Star Textile Mills Ltd.,16-06-2022,3500,3985,,,info@sattartextile.com,,,,,,86.79245283018868,confirmed
Ba: Bo:,6494,Kalosas Apparels Ltd.,22-06-2021,4500,6500,,,koalaapparelbd@gmail.com,,,,,,87.17948717948718,confirmed
Ba: Bo:,6498,Fashion Makers Ltd.,12-06-2022,2500,1456,,,info@fashionmakers.net,,,,,,100.0,confirmed
Ba: Bo:,6497,R M M Knit Clothing Ltd.,16-06-2022,2500,4768,,,info@texbaybd.com,,,,,,91.30434782608697,confirmed
Ba: Bo:,6500,Queen South Textile Mills Ltd.,26-06-2019,7000,3233,,,regent@spnetctg.com,,,,,,83.63636363636364,confirmed
Ba: Bo:,6501,Shirt Makers Limited,14-06-2018,3500,1018,,,smkhan@shirtmakersltd.com,,,,,,86.48648648648648,confirmed
Ba: Bo:,6503,Reliance Washing Ind: Ltd.,18-07-2022,5000/-,4622,,,salimb@salimbrothers.com,,,,,,66.66666666666667,low
Ba: Bo:,6504,Aduri Knit Composit Ltd.,14-06-2022,7000,6906,,,rzsalim@gmail.com,,,,,,89.79591836734694,confirmed
Ba: Bo:,6505,Aduri Knit Composit Ltd.,14-06-2022,6500,6906,,,rzsalim@gmail.com,,,,,,89.79591836734694,confirmed
Ba: Bo:,6506,Squire Fashions Ltd.,15-02-2023,3500,3545,,,sanchia@squaregroup.com,,,,,,95.0,confirmed
Ba: Bo:,6508,J. K. Shirt & Fabrics Ltd.,09-07-2022,2500/-,5256,,,,,,,,,94.11764705882352,confirmed
Ba: Bo:,6510,Graphics Textiles Ltd.,25-07-2022,7000,4825,,,contact@graphics.com.bd,,,,,,100.0,confirmed
Ba: Bo:,6513,Brothers Fashion Limited,24-07-2012,2500,594,,,rakib@team.com.bd,,,,,,100.0,confirmed
Ba: Bo:,6514,Scandex Knitware Ltd. (Unit-2),17-09-2021,2500,4982,,,umashek@annesha-style.com,,,,,,91.22807017543859,confirmed
Ba: Bo:,6515,Mid Line Sweater Ltd.,16-07-2022,2500,5283,,,mynul@midlinefashion.com,,,,,,100.0,confirmed
Ba: Bo:,6527,LUsine Fashion Ltd.,26-05-2022,2500,1901,,,bashar@apparelbuyersolution.com,,,,,,87.17948717948718,confirmed
Ba: Bo:,6528,ABC Garments Ltd.,24-07-2016,2500,60,,,salim@spectra-bd.com,,,,,,96.96969696969697,confirmed
Ba: Bo:,6531,Kazi Nure E Alam Textile & Enter Lining (Pvt.) Ltd.,21-05-2021,7000,6977,,,rifat@azadcomposite.com,,,,,,62.5,low
Ba: Bo:,6535,Hannan Knit Wares Ltd.,18-02-2019,2500,4840,,,shams@fancybd.com,,,,,,77.55102040816327,low
Ba: Bo:,6536,Ishakpur Sweater Ind: Ltd.,18-07-2018,2500,3739,,,info@sunman.net,,,,,,90.56603773584906,confirmed
Ba: Bo:,6537,Ishakpur Sweater Ind: Ltd.,18-07-2018,2500,3739,,,info@sunman.net,,,,,,90.56603773584906,confirmed
Ba: Bo:,6539,KDS Garments Ind: Ltd.,22-12-2022,4500/-,586,,,index@ctg.bdndt,,,,,,82.92682926829268,confirmed
Ba: Bo:,6541,M U Fashion Ltd.,16-08-2021,2500,6499,,,soumik@mufashionltd.com,,,,,,100.0,confirmed
Ba: Bo:,6543,Mohammadi Knit Star Ltd.,26-08-2014,2500,4734,,,mksl@mohammadigroup.com,,,,,,100.0,confirmed
Ba: Bo:,6544,Atlanta Washing Plant,27-10-2017,2500,7012,,,mizanmahid7@gmail.com,,,,,,75.0,low
Ba: Bo:,6547,Leni Apparels Ltd.,10-08-2021,5000,5353,,,Commercial@lennyfashions.com,,,,,,91.89189189189189,confirmed
Ba: Bo:,6549,Juma Fashions Ltd.,03-08-2016,2500,6312,,,s.jumerfashion@gmail.com,,,,,,88.88888888888889,confirmed
Ba: Bo:,6548,Sif Textile Ind: Ltd.,16-06-2022,6500,6980,,,salauddin.jakir@gmail.com,,,,,,85.71428571428572,confirmed
Ba: Bo:,6550,Sweater Tech Ltd.,26-08-2020,2500,4531,,,babul@sweatertech.com,,,,,,90.9090909090909,confirmed
Ba: Bo:,6551,Mantrast Sweater Ltd.,27-08-2017,3500,3090,,,admin@mantrust.net,,,,,,95.23809523809523,confirmed
Ba: Bo:,6554,Fakir Apparels Ltd.,23-07-2022,5000,3340,,,rana@fakirapparels.com,,,,,,100.0,confirmed
Ba: Bo:,6555,A. H. H. Textile Mills Ltd.,17-02-2022,6500,5167,,,pride@pride-grp.com,,,,,,88.0,confirmed
Ba: Bo:,6558,Regent Textile Mills Ltd.,24-08-2022,7000/-,3233,,,regent@spnetctg.com,,,,,,100.0,confirmed
Ba: Bo:,6560,T M knit composite Ltd.,14-02-2022,6500,5103,,,spknit@dandylink.com,,,,,,60.86956521739131,low
Ba: Bo:,6562,Alhaj Karim Textiles Ltd.,05-08-2022,6000,925,,,info@purbanigroup.com,,,,,,86.36363636363636,confirmed
Ba: Bo:,6564,Sigma Fashions Ltd.,30-08-2021,3500,4824,,,quamar@me.com,,,,,,100.0,confirmed
Ba: Bo:,6565,Rahman Knit Garments Ltd.,24-08-2022,6500,2613,,,rkgl@dandylink.com,,,,,,84.7457627118644,confirmed
Ba: Bo:,6566,Cross Line Fabrics Ltd.,16-09-2022,2500,4458,,,,,,,,,78.04878048780488,low
Ba: Bo:,6567,Safe Fashion Ltd.,23-09-2017,2500,6820,,,contact@naffashionltd.com,,,,,,90.9090909090909,confirmed
Ba: Bo:,6575,Impress Newtex Composite Textile Ltd.,13-08-2019,3500,5424,,,nafis.doula@impress-newtex.com,,,,,,82.66666666666667,confirmed
Ba: Bo:,6579,TRZ Garments Ind: Ltd.,04-09-2022,2500,2982,,,haroon@trzgroup.com,,,,,,87.5,confirmed
Ba: Bo:,6578,Impals Sweaters Ltd.,05-09-2016,2500,4657,,,anamknit@gnbd.net,,,,,,84.21052631578947,confirmed
Ba: Bo:,6582,Fountain Garments Manufacturing Ltd,15-08-2022,3500,2643,,,alamgir@rababgroup.com,,,,,,98.59154929577466,confirmed
Ba: Bo:,6581,Moyajuddin Knit Fashion Ltd.,17-09-2022,2500,4821,,,info@muazuddintextile.com,,,,,,90.9090909090909,confirmed
Ba: Bo:,6584,Anoyara Knitng Ltd.,02-09-2022,2500,3810,,,qtex@globalctg.net,,,,,,75.67567567567568,low
Ba: Bo:,6588,Mark Wear Ltd.,22-02-2022,2500,5861,,,ejaz@markdesignersltd.com,,,,,,100.0,confirmed
Ba: Bo:,6587,A. Z. A. Sweaters Ltd.,14-09-2015,2500,3728,,,knitexpo@spnetctg.com,,,,,,85.0,confirmed
Ba: Bo:,6589,Nibir Sweaters Ltd.,21-05-2020,2500,5404,,,,,,,,,97.2972972972973,confirmed
Ba: Bo:,6591,Pioneer Knit Wares (BD) Ltd.,21-09-2022,5000,5015,,,accounts.ho@pkbdl.com,,,,,,80.0,confirmed
Ba: Bo:,6590,Pioneer Knit Wares (BD) Ltd.,21-09-2022,6500,5015,,,accounts.ho@pkbdl.com,,,,,,80.0,confirmed
Ba: Bo:,6601,Hall Mark Radimade Garments Ltd.,01-10-2012,2500,382,,,madina@dream-bd.net,,,,,,73.07692307692308,low
Ba: Bo:,6600,Balano Radimate Garments Ltd.,01-10-2012,2500,1199,,,anis@thianis.com,,,,,,77.55102040816327,low
Ba: Bo:,6603,Khalek Textile Mills Ltd.,09-10-2012,6500,3763,,,garment@kdsgroup.net,,,,,,85.1063829787234,confirmed
Ba: Bo:,6607,R Z Fashion,07-10-2020,2500,7115,,,jahir@jfashion-bd.com,,,,,,80.0,confirmed
Ba: Bo:,6609,Yagi Bangladesh Garments Ltd.,10-09-2022,2500,5268,,,mohit@odell.com.bd,,,,,,100.0,confirmed
Ba: Bo:,6610,Fuzi Knitware Ltd.,18-11-2021,2500,2894,,,awal@rupayansweater.com,,,,,,86.48648648648648,confirmed
Ba: Bo:,6608,Yagi Bangladesh Garments Ltd.,27-09-2021,2500,5268,,,mohit@odell.com.bd,,,,,,100.0,confirmed
Ba: Bo:,6613,Abul Hosen Dying & Printing,15-10-2012,3500,3890,,,info@akhfashions.com,,,,,,60.37735849056604,low
Ba: Bo:,6615,Albi Textile Mills Ltd.,21-10-2018,4500,2154,,,arefin@arefingroupbd.com,,,,,,87.5,confirmed
Ba: Bo:,6616,GMS Composit Kniting Ind: Ltd.,22-09-2022,5500,3425,,,eti@gmsbd.com,,,,,,93.5483870967742,confirmed
Ba: Bo:,6618,Jarjis Composit Knit Ind: (P:) Ltd.,24-11-2021,7000,6366,,,insideknitcompositeltd@gmail.com,,,,,,72.1311475409836,low
Ba: Bo:,6620,Mohammadi Fashion Sweaters Ltd.,30-10-2021,3500,3633,,,info@mohammadigroup.com,,,,,,100.0,confirmed
Ba: Bo:,6621,Mohammadi Fashion Sweaters Ltd.,21-10-2022,2500,3633,,,info@mohammadigroup.com,,,,,,100.0,confirmed
Ba: Bo:,6622,Dukati Apparels Ltd.,15-09-2022,3500,3789,,,khayer@ducatiapparels.com,,,,,,95.0,confirmed
Ba: Bo:,6626,Fair Apparels Ltd.,19-10-2017,2500,3061,,,quasem@global-bd.net,,,,,,100.0,confirmed
Ba: Bo:,6628,Kalyndi Textile,23-10-2022,5000,5936,,,,,,,,,71.42857142857143,low
Ba: Bo:,6631,Tithi Textile Mills (Pvt.) Ltd.,20-10-2022,6000,3587,,,saad_milaco@yahoo.com,,,,,,77.41935483870968,low
Ba: Bo:,6632,M S Knit Design Ltd.,29-10-2019,2500,6122,,,msknitdesign@gmail.com,,,,,,97.43589743589743,confirmed
Ba: Bo:,6641,Laundry Industries Ltd.,12-11-2022,5500,1681,,,moshiur@saturnbd.com,,,,,,80.0,confirmed
Ba: Bo:,6644,BKC Sweaters Ltd.,13-11-2022,2500,3631,,,zakir.bkc@bracnet.net,,,,,,96.96969696969697,confirmed
Ba: Bo:,6646,Dew Fashion Ltd.,12-12-2016,2500,5254,,,,,,,,,100.0,confirmed
Ba: Bo:,6647,Thermax Yearn Dide Fabrics Ltd.,06-11-2022,5000/-,4934,,,noman@znzfab.com,,,,,,65.51724137931035,low
Ba: Bo:,6645,BKC Sweaters Ltd.,13-11-2022,2500,3631,,,zakir.bkc@bracnet.net,,,,,,96.96969696969697,confirmed
Ba: Bo:,6658,Reytex Fashion Wares Ltd.,14-05-2022,2500,4399,,,reytex57@gmail.com,,,,,,90.19607843137256,confirmed
Ba: Bo:,6664,A R S Washing Ltd.,14-12-2021,5000,4220,,,fifltd@citechco.net,,,,,,74.28571428571429,low
Ba: Bo:,6668,Pionner Apparels Limited,20-12-2020,2500,2620,,,mansur@pioneergroupbd.com,,,,,,84.44444444444444,confirmed
Ba: Bo:,6670,Advance Composit Textile Ltd.,12-09-2022,7000,4233,,,ndaulah@dirdgroup.org,,,,,,73.6842105263158,low
Ba: Bo:,6671,Nayagra Textiles Ltd.,27-12-2022,7000,4570,,,,,,,,,90.47619047619048,confirmed
Ba: Bo:,6673,The Ros Dresses Ltd,04-12-2022,2500,4241,,,atiq@islam-garments.com,,,,,,95.0,confirmed
Ba: Bo:,6681,Wangs Textile Ltd.,21-01-2022,6000,3442,,,vintagegroup2@gmail.com,,,,,,78.94736842105263,low
Ba: Bo:,6686,Interfab Shirt Manuf: Ltd.,23-11-2022,3500,3804,,,ahasan@interfabshirt.com,,,,,,84.7457627118644,confirmed
Ba: Bo:,6687,Madani Fashion Ware Ltd.,24-10-2016,2500,5891,,,hmabsd@gmail.com,,,,,,91.66666666666666,confirmed
Ba: Bo:,6689,Viyellatex Apparels Ltd,22-01-2023,3500,6510,,,david.hasanat@viyelltexgroup.com,,,,,,97.87234042553192,confirmed
Ba: Bo:,6702,M/s. Fazar Ali Dyeing Printing & Finishing,12-09-2022,5000,5915,,,navyhosiery@gmail.com,,,,,,75.9493670886076,low
Ba: Bo:,6704,Dragan Sweater & Spining Ltd,12-02-2017,7000,2963,,,quddus@dragon-sweater.net,,,,,,93.10344827586206,confirmed
Ba: Bo:,6708,Cutting Edge Garments Factory Ltd.,17-11-2022,3500,4477,,,info@mbm.group,,,,,,70.17543859649122,low
Ba: Bo:,6710,Pakiza Dyeing & Printing Industries Ltd.,09-01-2017,6000,1910,,,nrgroup@global-bd.net,,,,,,71.7948717948718,low
Ba: Bo:,6709,Sunbeem Knitware Ltd.,07-01-2013,2500,4981,,,info@opexgroup.com,,,,,,80.95238095238095,confirmed
Ba: Bo:,6712,Amreen Sweater Ltd.,05-06-2018,2500,6332,,,info@amreensweaterltd.com,,,,,,100.0,confirmed
Ba: Bo:,6713,Around Stat Sweaters Ltd.,11-02-2015,2500,1827,,,arif@around-bd.com,,,,,,96.0,confirmed
Ba: Bo:,6715,Buniun Knit Fashions Ltd.,06-02-2015,2500,4391,,,bonianbd@hotmail.com,,,,,,92.0,confirmed
Ba: Bo:,6718,Anzir Apparels Ltd,23-02-2022,2500,3231,,,anzirterrytowels@gmail.com,,,,,,97.2972972972973,confirmed
Ba: Bo:,6719,Anzir Apparels Ltd,13-02-2013,2500,3231,,,anzirterrytowels@gmail.com,,,,,,97.2972972972973,confirmed
Ba: Bo:,6722,Teelak Weaving Mills Ltd,18-02-2013,3500,3603,,,rafique@tejgaontextile.com,,,,,,64.0,low
Ba: Bo:,6723,Epyllion Fabrics Ltd,11-02-2022,7000,3797,,,esl@epylliongroup.com,,,,,,74.4186046511628,low
Ba: Bo:,6724,Sparoo Apparels Ltd.,14-05-2019,3500,191,,,shawn@sparrow-group.com,,,,,,92.6829268292683,confirmed
Ba: Bo:,6728,Misa Apparels Ltd.,15-02-2013,2500,5177,,,anis@fairtex-bd.com,,,,,,91.89189189189189,confirmed
Ba: Bo:,6727,Epyllion Fabrics Ltd,26-05-2022,2500,3797,,,esl@epylliongroup.com,,,,,,74.4186046511628,low
Ba: Bo:,6730,Honeywell Garments Ltd.,24-02-2016,2500,809,,,anwar@ajintl.com,,,,,,100.0,confirmed
Ba: Bo:,6734,"The Delta Composit Kniting Industries Ltd.,",11-02-2021,7000,3032,,,dckilgs@bdmail.net,,,,,,87.8048780487805,confirmed
Ba: Bo:,6735,JKS Garments & Washing Ltd.,12-02-2016,2500,1695,,,azim@shinestgroup.com,,,,,,76.59574468085107,low
Ba: Bo:,6738,"Green Life Knit Composit Ltd.,",06-03-2016,2500,6694,,,faruko27@yahoo.com,,,,,,78.57142857142857,low
Ba: Bo:,6741,"Hal-Mark Fashion Ltd.,",03-03-2013,6500,2123,,,naro@citech-bd.com,,,,,,80.95238095238095,confirmed
Ba: Bo:,6742,"Kojima Lyric Garments Ltd.,",18-02-2023,4500,1732,,,liton.lyric@gmail.com,,,,,,98.11320754716981,confirmed
Ba: Bo:,6746,Thats It Fashion.,13-06-2022,2500,805,,,azad@hameemgroup.com,,,,,,80.0,confirmed
Ba: Bo:,6745,"Sajukin Apparels Ltd.,",03-03-2013,2500,5241,,,sajukin@gmail.com,,,,,,97.67441860465115,confirmed
Ba: Bo:,6749,Faiza Sweater Ltd.,07-03-2013,2500,5242,,,shahin106@gmail.com,,,,,,100.0,confirmed
Ba: Bo:,6748,A. T. N. Fashion Ltd.,30-11--0001,6500,5905,,,nrrfashionltd@gmail.com,,,,,,80.0,confirmed
Ba: Bo:,6750,Exensive Fashion  Ltd.,17-03-2017,2500,5427,,,ahmed@exensivefashionltd.com,,,,,,100.0,confirmed
Ba: Bo:,6754,Southern Knitwear Ltd.,17-03-2021,2500,5586,,,,,,,,,100.0,confirmed
Ba: Bo:,6756,A.K.H Eco Apparels Ltd.,12-10-2022,3500,5848,,,,,,,,,95.45454545454545,confirmed
Ba: Bo:,6757,AKH Knitting & Dyeing Ltd.,27-03-2019,3500,3890,,,info@akhfashions.com,,,,,,100.0,confirmed
Ba: Bo:,6765,Hasnat Sweaters Ltd.,30-03-2013,2500,5252,,,hasnatsweater@yahoo.com,,,,,,100.0,confirmed
Ba: Bo:,6772,Sonali Fabrics & Textile  Mills pvt. Ltd.,15-05-2022,4500,6063,,,info@sonali-group.com,,,,,,77.08333333333334,low
Ba: Bo:,6773,Talha  Fabrics Ltd.,26-05-2022,7000,5088,,,arif@lantaburgroup.com,,,,,,88.88888888888889,confirmed
Ba: Bo:,6775,Uniform Textile Ltd.,04-02-2019,2500,5359,,,eftakher@uniformtextile.com,,,,,,100.0,confirmed
Ba: Bo:,6774,Talha  Fabrics Ltd.,25-05-2022,7000,5088,,,arif@lantaburgroup.com,,,,,,88.88888888888889,confirmed
Ba: Bo:,6776,Kazi Washing Plant,29-11-2018,4500,7012,,,mizanmahid7@gmail.com,,,,,,86.48648648648648,confirmed
Ba: Bo:,6781,Rose Sweaters Limited,12-04-2022,3500,7184,,,reo.sewaters@gmail.com,,,,,,87.8048780487805,confirmed
Ba: Bo:,6785,Dhanglion Fashion (BD) Ltd.,07-04-2018,2500,5771,,,,,,,,,76.59574468085107,low
Ba: Bo:,6788,Farisha Composit Knitware Ltd.,23-04-2017,2500,5426,,,da_vincl_bd@yahoo.com,,,,,,95.08196721311475,confirmed
Ba: Bo:,6789,James Apparels (P.) Ltd.,14-04-2016,6500,4544,,,info@jamsapparels.com,,,,,,93.87755102040816,confirmed
Ba: Bo:,6792,Savar Dying & Finishing Ind: Ltd:,09-03-2023,5500,5915,,,navyhosiery@gmail.com,,,,,,68.57142857142857,low
Ba: Bo:,6793,Appolo Fashions Ltd.,07-04-2022,2500,3030,,,commercial@mondol.net,,,,,,100.0,confirmed
Ba: Bo:,6799,Siraj Dying & Printing Industries,11-04-2023,3500,1910,,,nrgroup@global-bd.net,,,,,,64.7887323943662,low
Ba: Bo:,6802,Liz Fashion Industries Ltd,19-04-2022,3500,2486,,,hasan@lizfashion.com,,,,,,90.19607843137256,confirmed
Ba: Bo:,6801,Fortis Garments Ltd.,11-04-2022,2500,5100,,,md@texfortis.com,,,,,,100.0,confirmed
Ba: Bo:,6805,Heyon Apparels Ltd.,04-05-2022,2500,3987,,,tapashyun@gmail.com,,,,,,91.89189189189189,confirmed
Ba: Bo:,6806,Aftab Garments Ltd.,19-11-2022,3500,4798,,,ail@aftabgroupbd.com,,,,,,100.0,confirmed
Ba: Bo:,6811,Jon Ron Sweaters Ltd.,17-03-2022,3500,3750,,,sweater@rangs.com,,,,,,82.92682926829268,confirmed
Ba: Bo:,6817,Alim Knit (BD) Ltd:,11-04-2022,3500,4969,,,commercial@mondol.net,,,,,,94.73684210526316,confirmed
Ba: Bo:,6820,Nasco Textiles Ltd.,12-04-2018,5000,5678,,,,,,,,,83.33333333333334,confirmed
Ba: Bo:,6827,Jeans Washing Ind: Ltd.,21-05-2022,5000,3905,,,sazzad@passhionjeans.net,,,,,,73.17073170731707,low
Ba: Bo:,6830,Metro Knitting & Dyeing Mills Ltd. (Factory-2),07-04-2021,2500,3676,,,info@metrokd.com,,,,,,85.0,confirmed
Ba: Bo:,6835,Amazing Fashions Ltd.,14-05-2022,2500,4421,,,z.hoque@fareastbd.com,,,,,,100.0,confirmed
Ba: Bo:,6836,Norp Knit Industries Ltd.,08-05-2022,15000,4007,,,sarkar@norpknit.com,,,,,,100.0,confirmed
Ba: Bo:,6837,"U,S,A tex fashion  Ltd.",03-07-2022,6500/=,7136,,,md@nttexltd.com,,,,,,65.0,low
Ba: Bo:,6842,Moon Fabrics Industries,28-05-2019,2500,507,,,choice@globalctg.net,,,,,,69.38775510204081,low
Ba: Bo:,6843,A. M. C. S. Textiles Ltd.,03-05-2015,3500/-,6080,,,info@cnagroupbd.com,,,,,,77.27272727272727,low
Ba: Bo:,6846,Load Star Fashions Ltd.,14-05-2022,"15,000/=",1143,,,hossain@goldstargroupbd.com,,,,,,91.30434782608697,confirmed
Ba: Bo:,6847,M/S Tonoy Sweater Ltd.,24-09-2020,3500,3793,,,rezaul@around-bd.com,,,,,,80.0,confirmed
Ba: Bo:,6850,Aristro Fashions Ltd.,19-05-2016,2500,4232,,,commercial@aristo.com.bd,,,,,,97.5609756097561,confirmed
Ba: Bo:,6855,Trans World Sweaters Ltd.,13-06-2022,"10,500/=",4145,,,rkarim_tws@hotmail.com,,,,,,81.63265306122449,confirmed
Ba: Bo:,6856,Transworld Sweaters Ltd.,13-07-2022,"10,500/=",4364,,,,,,,,,81.81818181818181,confirmed
Ba: Bo:,6859,Bando Fashions Ltd.,11-06-2021,3500,3522,,,info@creativegroupbd.net,,,,,,100.0,confirmed
Ba: Bo:,6863,Colour & Fashion Industries Ltd.,15-06-2022,3500,5416,,,shymol@colournfashion.com,,,,,,88.13559322033898,confirmed
Ba: Bo:,6864,Rib Line Fashion Ltd.,26-11-2018,2500,1901,,,bashar@apparelbuyersolution.com,,,,,,82.92682926829268,confirmed
Ba: Bo:,6868,Konabari Fashion Ltd.,25-06-2017,2500,5194,,,,,,,,,100.0,confirmed
Ba: Bo:,6869,A. Z. A. Sweaters Ltd.,04-06-2015,2500,3728,,,knitexpo@spnetctg.com,,,,,,85.0,confirmed
Ba: Bo:,6870,Sinki Garments Ltd.,08-06-2019,2500,262,,,mmislam@pinakigroup.com,,,,,,92.3076923076923,confirmed
Ba: Bo:,6872,Zamuna Apparels Limited,14-06-2022,3500,5543,,,info@dslgroupbd.com,,,,,,85.71428571428572,confirmed
Ba: Bo:,6871,Sinki Garments Ltd.,08-06-2019,2500/=,262,,,mmislam@pinakigroup.com,,,,,,92.3076923076923,confirmed
Ba: Bo:,6873,Rafeq Apparels Washing & Packeging Ind: Ltd.,23-06-2021,"18,000/=",2943,,,info@passionjeans.net,,,,,,77.10843373493977,low
Ba: Bo:,6876,Eva Dying & Printing,23-01-2022,6500,1910,,,nrgroup@global-bd.net,,,,,,62.06896551724138,low
Ba: Bo:,6878,Mik Sweater Ltd.,18-07-2022,3500,3524,,,commercial@mondol.net,,,,,,90.9090909090909,confirmed
Ba: Bo:,6877,Titas Sweater Ind. Ltd,05-07-2022,2500,3691,,,alamgir50@titassweater.com,,,,,,95.65217391304348,confirmed
Ba: Bo:,6881,Sinki Garments Ltd.,30-11--0001,"7,500/=",262,,,mmislam@pinakigroup.com,,,,,,92.3076923076923,confirmed
Ba: Bo:,6883,Lavender Garments Ltd.,13-07-2019,2500,4325,,,iqbal.lavender@yem-bd.com,,,,,,97.67441860465115,confirmed
Ba: Bo:,6885,Armana Apparels Ltd.,12-07-2020,2500,3588,,,zaman@armanagroup.com,,,,,,100.0,confirmed
Ba: Bo:,6886,Jita Apparels Ltd.,10-07-2022,"7,500/=",6096,,,ndaulah@durdgroup.org,,,,,,91.89189189189189,confirmed
Ba: Bo:,6887,Jita Apparels Ltd.,10-07-2022,"2,500/=",6096,,,ndaulah@durdgroup.org,,,,,,91.89189189189189,confirmed
Ba: Bo:,6889,Saharish Composite Towel Ltd.,11-07-2017,7000,5498,,,shahanoor@sisalapparel.com.bd,,,,,,77.55102040816327,low
Ba: Bo:,6890,Century Design & Fashion (P:) Ltd.,29-07-2016,2500,3783,,,azhar-1@bangla.net,,,,,,95.65217391304348,confirmed
Ba: Bo:,6891,New Era Fashions Mfrs. (bd) Ltd,27-03-2017,"6,500/-",5700,,,zhangws@newera-bd.com,,,,,,82.53968253968253,confirmed
Ba: Bo:,6895,Digonto Sweaters Ltd.,19-07-2022,6500,4187,,,cosmos@cosmosdiganta.com,,,,,,90.47619047619048,confirmed
Ba: Bo:,6898,Bengal Fine Knitex Ltd.,24-07-2021,5500,2648,,,bfklbd@gmail.com,,,,,,100.0,confirmed
Ba: Bo:,6899,Giant Textiles  Ltd.,03-07-2022,6500,5199,,,azfar.hassan@giantbd.com,,,,,,100.0,confirmed
Ba: Bo:,6901,Wash And Wear Ltd.,16-07-2017,2500,5552,,,mahabub@unifillgroup.net,,,,,,75.0,low
Ba: Bo:,6900,Giant Textiles  Ltd.,10-07-2022,6500,5199,,,azfar.hassan@giantbd.com,,,,,,100.0,confirmed
Ba: Bo:,6908,Kenpark Bangladesh Apparel (Pvt.) Ltd.,12-06-2022,6500/-,4572,,,info@kenpark-bangladesh.com,,,,,,98.66666666666667,confirmed
Ba: Bo:,6911,Apex Knit Composite Ltd.,17-08-2017,6500,5208,,,commercial@atg-bd.com,,,,,,100.0,confirmed
Ba: Bo:,6916,Orion Knit Textiles Ltd.,26-08-2019,2500,7019,,,asad.oktl@orion-group.net,,,,,,90.19607843137256,confirmed
Ba: Bo:,6918,Paramount Textile Ltd.,04-08-2022,7000,6606,,,akif@sansgroupbd.com,,,,,,76.92307692307692,low
Ba: Bo:,6919,Universal Maswear Ltd.,28-08-2018,2500,5638,,,info@ananta-bd.com,,,,,,93.33333333333333,confirmed
Ba: Bo:,6920,Hasan Tanvir Fashan Wears Ltd.,06-08-2020,2500,4200,,,zakir@nistyles.com,,,,,,95.08196721311475,confirmed
Ba: Bo:,6929,Chantik Garments Ltd.,18-09-2017,2500,4715,,,nazmul@fashionglobe-bd.com,,,,,,100.0,confirmed
Ba: Bo:,6931,Maskot knits Ltd.,24-09-2020,3500,4880,,,shipping@mascogrp.com,,,,,,66.66666666666667,low
Ba: Bo:,6915,Ejax Sweater Ltd.,17-08-2021,2500,2956,,,avij@floreal.intnet.mu,,,,,,94.11764705882352,confirmed
Ba: Bo:,6937,Legend Textiles Ltd.,27-09-2016,2500,5506,,,a-hai@legendgroupleo.net,,,,,,88.37209302325581,confirmed
Ba: Bo:,6938,Far East Knitting & Dyeing Ind. Ltd.,22-07-2022,6500,1944,,,mazharul@fareastknit.com,,,,,,100.0,confirmed
Ba: Bo:,6940,Mahdeen Sweaters Ltd.,14-09-2022,3500,4532,,,syed@mahdeengroup.com,,,,,,100.0,confirmed
Ba: Bo:,6939,F.B Fashion (Pvt) Ltd.,20-09-2022,2500,3923,,,tks2007.su@gmail.com,,,,,,97.77777777777777,confirmed
Ba: Bo:,6943,Enthony Young Garments Ltd.,12-09-2022,2500,430,,,murshedy@envoy-group.com,,,,,,78.26086956521739,low
Ba: Bo:,6945,Young Forever Textile Ltd.,10-09-2021,2500,5090,,,rajiv.chowdhury@bsasia.net.bd,,,,,,84.61538461538461,confirmed
Ba: Bo:,6949,Farseeing knit composite Ltd,20-09-2021,2500,3198,,,enayet@fpl-bd.com,,,,,,62.22222222222222,low
Ba: Bo:,6950,Essential Knit Ware,26-09-2017,3500,771,,,gkw@bdonline.com,,,,,,64.70588235294117,low
Ba: Bo:,6951,Jaber & Jobayer Fabrics Ltd.,03-11-2022,7000,4019,,,asean@globalctg.net,,,,,,66.66666666666667,low
Ba: Bo:,6953,Unitex Knit Wear Ltd.,18-10-2016,2500,5156,,,rahim@uniongarmentsltd.com,,,,,,87.8048780487805,confirmed
Ba: Bo:,6952,Jaber & Jobayer Fabrics Ltd.,03-10-2022,6500,4019,,,asean@globalctg.net,,,,,,66.66666666666667,low
Ba: Bo:,6956,United Trousers Limited,15-09-2018,2500,5720,,,hasan@unitedapparelsbd.net,,,,,,88.37209302325581,confirmed
Ba: Bo:,6955,P.N. Composite Ltd.,19-11-2018,2500,4236,,,tapan@pncomposite.com,,,,,,100.0,confirmed
Ba: Bo:,6960,Sang Koyang Sweaters Ltd.,19-10-2018,2500,2844,,,,,,,,,89.79591836734694,confirmed
Ba: Bo:,6971,M/S Hornbill Apparel Ltd.,14-03-2022,2500,2377,,,wahidul@norbangroup.com,,,,,,91.30434782608697,confirmed
Ba: Bo:,6974,Soikot Knitwear,04-09-2022,4500,7134,,,ak.azad033@gmail.com,,,,,,76.92307692307692,low
Ba: Bo:,6976,Emerald Dresses Ltd.,17-10-2014,2500,5575,,,info@emeralddressesltd.com,,,,,,100.0,confirmed
Ba: Bo:,6978,Sajeeb Fashion Wear Ltd.,14-11-2022,2500,3669,,,ahmedgroup@dhaka.net,,,,,,93.61702127659575,confirmed
Ba: Bo:,6979,French Fashions Kniting (Pvt.) Ltd.,26-10-2017,5500,1438,,,kfl@remotectg.net,,,,,,81.35593220338984,confirmed
Ba: Bo:,6962,Brite Textile Industries (Pvt.) Ltd.,24-10-2021,6500,2865,,,hossain@goldstargroupbd.com,,,,,,75.0,low
Ba: Bo:,6987,M.A.C.K  Shirts Ltd.,12-10-2016,2500,5433,,,,,,,,,91.42857142857143,confirmed
Ba: Bo:,6993,Najiyat Sweaters Ltd.,30-10-2016,2500,3812,,,info@naziat.co.cc,,,,,,92.6829268292683,confirmed
Ba: Bo:,6995,Base Fashions Ltd.,21-09-2019,2500,5652,,,,,,,,,100.0,confirmed
Ba: Bo:,6999,Mithila Textile Industry,14-12-2021,5000,5148,,,mithelatex@intrepidbd.net,,,,,,95.83333333333334,confirmed
Ba: Bo:,7000,Hidroxide Knite Wear Ltd.,09-11-2022,6500,3927,,,ariful.kabir@syntexknitwear.com,,,,,,79.16666666666666,low
Ba: Bo:,7003,Sisal Composite Ltd.,08-11-2017,2500,5498,,,shahanoor@sisalapparel.com.bd,,,,,,100.0,confirmed
Ba: Bo:,7004,Green Valey Sweaters Ltd.,09-11-2016,2500,6332,,,info@amreensweaterltd.com,,,,,,77.27272727272727,low
Ba: Bo:,7007,Golden Times Sweaters & Dying Ltd.,25-11-2018,2500,4204,,,md@asrgroupbd.com,,,,,,97.05882352941177,confirmed
Ba: Bo:,7008,Golden Times Sweaters & Dying Ltd.,26-11-2021,2500,4204,,,md@asrgroupbd.com,,,,,,97.05882352941177,confirmed
Ba: Bo:,7009,Marma Composite Ltd.,12-11-2022,2500,5672,,,,,,,,,94.73684210526316,confirmed
Ba: Bo:,7011,Safia Apparels Ltd.,20-06-2018,2500,6659,,,kutubuddin@rafiaapparels.com,,,,,,94.73684210526316,confirmed
Ba: Bo:,7012,Sharmin Fashions Ltd.,12-11-2022,3500,4262,,,ismail@sharmingroup.com,,,,,,100.0,confirmed
Ba: Bo:,7013,Mik Sweater & Fashions Ltd.,04-11-2018,3500,6141,,,mannan@meeksweater.com,,,,,,94.54545454545455,confirmed
Ba: Bo:,7017,Square Fashions Ltd.,18-10-2022,2500,3545,,,sanchia@squaregroup.com,,,,,,100.0,confirmed
Ba: Bo:,7020,M.M Trade Apparels Ltd.,18-11-2021,6000,2220,,,,,,,,,85.71428571428572,confirmed
Ba: Bo:,7021,Ajux Sweater Ltd.,15-11-2022,5000,2956,,,avij@floreal.intnet.mu,,,,,,94.11764705882352,confirmed
Ba: Bo:,7023,Kor Span Apparels Ltd.,16-12-2018,2500,5576,,,naim@corespunaprl.com,,,,,,88.88888888888889,confirmed
Ba: Bo:,7027,M/S Bismillah dyeing & Printing,13-12-2015,3500,,,,,,,,,,0,none
Ba: Bo:,7028,Genesis Fashions Ltd.,22-08-2022,5000,1369,,,tarique_ahmed@mj-group.com,,,,,,97.5609756097561,confirmed
Ba: Bo:,7032,LUsine Fashion Ltd.,13-08-2022,2500,1901,,,bashar@apparelbuyersolution.com,,,,,,87.17948717948718,confirmed
Ba: Bo:,7035,South East Textiles (Pvt.) Ltd.,19-12-2022,5500,5836,,,ilias@icl.bdrmg.com,,,,,,100.0,confirmed
Ba: Bo:,7036,Tilok Weaving Mills Ltd.,07-12-2013,3500,3772,,,quddus@dragon-sweater.net,,,,,,65.21739130434783,low
Ba: Bo:,7037,Mukul Knit wear Ltd.,23-12-2019,2500,3520,,,shiplu@ratulgroup.com,,,,,,78.04878048780488,low
Ba: Bo:,7042,M.M. Knit wear Ltd.,04-12-2020,2500,3468,,,info@mmknitwear.com,,,,,,75.67567567567568,low
Ba: Bo:,7043,M.M. Knit wear Ltd.,04-12-2020,2500,3468,,,info@mmknitwear.com,,,,,,75.67567567567568,low
Ba: Bo:,7045,M.M. Knit wear Ltd.,10-12-2022,6500,3468,,,info@mmknitwear.com,,,,,,75.67567567567568,low
Ba: Bo:,7044,M.M. Knit wear Ltd.,04-12-2020,2500,3468,,,info@mmknitwear.com,,,,,,75.67567567567568,low
Ba: Bo:,7049,M/S. R.S.S. Textile & Peper  Mills,08-12-2022,5000,3233,,,regent@spnetctg.com,,,,,,62.06896551724138,low
Ba: Bo:,7050,Knitivo Fashion Ltd.,02-12-2021,2500,6797,,,info@hrknitfashion.com,,,,,,82.92682926829268,confirmed
Ba: Bo:,7052,Babylon Casual wear Ltd,15-10-2022,2500,4245,,,mozammelster@gmail.com,,,,,,78.26086956521739,low
Ba: Bo:,7051,Babylon Casual wear Ltd,15-10-2022,2500,4245,,,mozammelster@gmail.com,,,,,,78.26086956521739,low
Ba: Bo:,7065,Ajax Sweater Ltd.,23-01-2022,2500,2956,,,avij@floreal.intnet.mu,,,,,,100.0,confirmed
Ba: Bo:,7067,Siba textile processing ltd,26-01-2023,5500,4266,,,pktlbd@gmail.com,,,,,,61.81818181818181,low
Ba: Bo:,7068,Bellissima Apparels Ltd.,23-01-2023,2500,982,,,zaman@bellissima-bd.com,,,,,,100.0,confirmed
Ba: Bo:,7071,Fashion Step Ltd.,24-01-2022,2500,5613,,,masud@fashionstepbd.net,,,,,,100.0,confirmed
Ba: Bo:,7073,K. L Fashion Ltd.,17-01-2014,6500,5621,,,kochisiddiqui@yahoo.com,,,,,,93.75,confirmed
Ba: Bo:,7074,Rijency Garments Ltd.,08-01-2018,4500,378,,,ajith.wijesinghe@regencybd.net,,,,,,90.47619047619048,confirmed
Ba: Bo:,7079,Update Fashions Ltd.,20-01-2014,2500,1220,,,info@updategroupbd.com,,,,,,100.0,confirmed
Ba: Bo:,7080,Tung High Sweater Ltd.,21-01-2018,2500,2464,,,info@tunghaigroup.com,,,,,,90.9090909090909,confirmed
Ba: Bo:,7081,Tung High Sweater Ltd.,21-01-2018,2500,2464,,,info@tunghaigroup.com,,,,,,90.9090909090909,confirmed
Ba: Bo:,7082,Tung High Sweaters Ltd.,21-01-2018,2500,2464,,,info@tunghaigroup.com,,,,,,93.33333333333333,confirmed
Ba: Bo:,7083,Tung High Sweaters Ltd.,21-01-2018,2500,2464,,,info@tunghaigroup.com,,,,,,93.33333333333333,confirmed
Ba: Bo:,7086,Amir Sweater & Apparels Ltd.,07-02-2016,2500,2979,,,fdl@farshegroup.com,,,,,,85.71428571428572,confirmed
Ba: Bo:,7088,M/S. Anwar Dyeing & Printing,09-12-2022,3500,5915,,,navyhosiery@gmail.com,,,,,,64.61538461538461,low
Ba: Bo:,7089,M/S. Alam Textile & Garments,16-01-2023,2500,3138,,,,,,,,,77.19298245614034,low
Ba: Bo:,7090,Irish Fashions Ltd.,23-09-2018,2500,3841,,,alam@irisgroupbd.com,,,,,,97.2972972972973,confirmed
Ba: Bo:,7091,Tivoli Apparels Ltd.,26-07-2021,2500,2389,,,nislam@nddlbd.net,,,,,,100.0,confirmed
Ba: Bo:,7096,M/S. Rupasdi Textile,18-01-2022,4500,5698,,,info@ragadi.net,,,,,,71.7948717948718,low
Ba: Bo:,7099,Febrico Washing Plant,26-01-2014,2500,7012,,,mizanmahid7@gmail.com,,,,,,75.0,low
Ba: Bo:,7098,Goldstar Garments Ltd,23-02-2023,2500,1026,,,mominul4u@gmail.com,,,,,,97.67441860465115,confirmed
Ba: Bo:,7100,Work Field Knit Wears,01-02-2014,2500,5496,,,shoeb@workfieldgroup.com.bd,,,,,,100.0,confirmed
Ba: Bo:,7104,Versatyle Textiles Ltd.,07-06-2021,2500,5627,,,kalam@versatilebd.net,,,,,,95.65217391304348,confirmed
Ba: Bo:,7102,Al Islam Textiles Ltd.,17-02-2019,2500,5175,,,mansur@pioneergroupbd.com,,,,,,95.45454545454545,confirmed
Ba: Bo:,7106,M/S. Rima Dyeing And Finishing Mills,16-02-2022,5000,2016,,,cotton@cottongroupbd.com.bd,,,,,,72.22222222222221,low
Ba: Bo:,7107,Setarn Textiles Ltd. (woven Division),12-02-2018,2500,5696,,,faroque@seatex.net,,,,,,76.92307692307692,low
Ba: Bo:,7125,Febrico Washing Plant,21-02-2016,2500,7012,,,mizanmahid7@gmail.com,,,,,,75.0,low
Ba: Bo:,7126,La-Muni Apparels Ltd.,08-12-2020,2500,6336,,,info@maksonsgroup.com.bd,,,,,,100.0,confirmed
Ba: Bo:,7129,Arvind Textile Mills Ltd.,18-02-2020,2500,2154,,,arefin@arefingroupbd.com,,,,,,92.0,confirmed
Ba: Bo:,7130,Cottage Apparels Ltd.,25-02-2021,3500,3515,,,info@onusgroup.com,,,,,,85.71428571428572,confirmed
Ba: Bo:,7136,BD Knit Design Ltd.,25-02-2018,2500,6122,,,msknitdesign@gmail.com,,,,,,84.21052631578947,confirmed
Ba: Bo:,7139,M/S. Sonali Textile,28-12-2022,4500,5747,,,allabj@dhaka.net,,,,,,70.27027027027026,low
Ba: Bo:,7141,Amanat Shah Weaving Processing Ltd.,15-03-2022,6500,2504,,,giant@giantbd.com,,,,,,70.96774193548387,low
Ba: Bo:,7140,ONUS APPARELS LTD.,14-03-2018,2500,6334,,,munir@purbaapparels.com,,,,,,70.0,low
Ba: Bo:,7142,Raks Fashion Ltd,21-03-2022,2500,753,,,mksfashionltd@gmail.com,,,,,,90.9090909090909,confirmed
Ba: Bo:,7146,Maher Garments Ltd.,19-03-2016,3500,346,,,masalam@asianapparels.com,,,,,,94.73684210526316,confirmed
Ba: Bo:,7154,Alema Textiles Ltd.,11-03-2014,2500,5035,,,mahabub@mimgroupbd.com,,,,,,100.0,confirmed
Ba: Bo:,7155,M/S. Lucky Dyeing & Printing Mills Ltd.,14-02-2022,6000,6833,,,info@mosharafgroup.com,,,,,,71.42857142857143,low
Ba: Bo:,7156,Emex Apparels Ltd.,26-03-2019,2500,4237,,,evince@evincebd.com,,,,,,89.47368421052632,confirmed
Ba: Bo:,7159,Evinc Garments Ltd,10-10-2022,2500,45,,,evince@evincebd.com,,,,,,94.73684210526316,confirmed
Ba: Bo:,7158,Sang Koyang Apparels Ltd.,11-03-2023,3500,5840,,,faruk@arunima-group.net,,,,,,80.95238095238095,confirmed
Ba: Bo:,7182,Kaniz Garments Ltd.,14-04-2019,2500,1887,,,info@group-qa.com,,,,,,100.0,confirmed
Ba: Bo:,7180,Topaz Dresses Ltd.,04-06-2020,2500,4375,,,Zhou.qing@beaume.cn,,,,,,100.0,confirmed
Ba: Bo:,7181,M.s Sonali Dying and Printing,12-12-2021,3500,,,,,,,,,,0,none
Ba: Bo:,7183,Colossus Apparel Limited,22-05-2022,6000,7084,,,info@colossusbd.com,,,,,,88.88888888888889,confirmed
Ba: Bo:,7193,H R Textile Mills Ltd.,15-04-2021,3500,5167,,,pride@pride-grp.com,,,,,,88.88888888888889,confirmed
Ba: Bo:,7195,Pole Star Fashion Design Ltd.,18-04-2015,2500,5358,,,polto@polestargroupbd.com,,,,,,100.0,confirmed
Ba: Bo:,7197,Winter Dress Ltd.,27-04-2022,5500,5492,,,manir@wintergroupbd.com,,,,,,100.0,confirmed
Ba: Bo:,7198,Winter Dress Ltd.,20-04-2022,5000,5492,,,manir@wintergroupbd.com,,,,,,100.0,confirmed
Ba: Bo:,7201,Textile Processing Industries Ltd.,21-04-2014,6500,6015,,,info@sonnettex.com,,,,,,81.25,confirmed
Ba: Bo:,7203,Tamishna Fashion Wear Ltd.,17-04-2019,2500,3854,,,info@tamishna.com,,,,,,100.0,confirmed
Ba: Bo:,7204,Mevin Fashion Ltd.,06-04-2022,2500,1828,,,azimmf@azimgroup.com,,,,,,88.88888888888889,confirmed
Ba: Bo:,7206,Garments Export  Village Ltd.,22-04-2022,4500,4066,,,alam@amtranet.com,,,,,,100.0,confirmed
Ba: Bo:,7205,Win Wear Ltd.,07-04-2021,2500,2675,,,radix@accesstel.net,,,,,,86.66666666666667,confirmed
Ba: Bo:,7207,Knit & Knitex  (Pvt.) Ltd.,27-05-2019,2500,5559,,,,,,,,,97.95918367346938,confirmed
Ba: Bo:,7211,Khan Brothers Textile Mills Ltd.,27-04-2019,5500,6508,,,dtml@dbg.com.bd,,,,,,78.68852459016394,low
Ba: Bo:,7210,Bando Eco Apparels Ltd.,10-06-2022,2500,6222,,,rahman@teamtexgroup.com,,,,,,100.0,confirmed
Ba: Bo:,7214,Apparels JB 21 Ltd,26-05-2022,3500,7152,,,info@jbapparelsltd.com,,,,,,88.23529411764706,confirmed
Ba: Bo:,7212,The Civil Enginers Ltd. ( Sweater Unit).,11-10-2022,3500,4834,,,atiqur_r@standard-group.com,,,,,,83.78378378378379,confirmed
Ba: Bo:,7217,Duranta Knit Composite Ltd.,12-05-2017,2500,5577,,,aravinda@durantoknit.com,,,,,,96.2962962962963,confirmed
Ba: Bo:,7219,Fakir Fashion Ltd.,28-05-2022,6500,6587,,,akon@fakirfashion.com,,,,,,100.0,confirmed
Ba: Bo:,7223,Alim knit (BD) Ltd.,26-05-2022,2500,4969,,,commercial@mondol.net,,,,,,73.6842105263158,low
Ba: Bo:,7222,Creative Woolwear Ltd.,10-05-2019,2500,3871,,,info@creativegroupbd.net,,,,,,100.0,confirmed
Ba: Bo:,7221,Sad-San Apparels Ltd.,28-05-2018,5000,1553,,,titash@pradeshta.net,,,,,,90.0,confirmed
Ba: Bo:,7225,Square Fashions Ltd.,12-09-2022,7000,3545,,,sanchia@squaregroup.com,,,,,,100.0,confirmed
Ba: Bo:,7224,Bestwool Sweaters Ltd.,15-05-2022,4500,3596,,,adofia@citecho.net,,,,,,82.05128205128204,confirmed
Ba: Bo:,7226,Square Fashions Ltd.,12-09-2022,7000,3545,,,sanchia@squaregroup.com,,,,,,100.0,confirmed
Ba: Bo:,7230,Brilianc Sweater Limited,06-05-2016,2500,5550,,,ashik@brilliancesweater.com,,,,,,93.87755102040816,confirmed
Ba: Bo:,7231,Brilianc Sweater Limited,06-05-2016,2500,5550,,,ashik@brilliancesweater.com,,,,,,93.87755102040816,confirmed
Ba: Bo:,7233,M/S Promodth Knitware Ltd.,20-12-2017,2500,6294,,,momotaj_chairman@yahoo.com,,,,,,76.59574468085107,low
Ba: Bo:,7239,Givency Garments Ltd. (Washing Plant),13-06-2022,6500,307,,,azerasul@sumanfashion.com,,,,,,68.75,low
Ba: Bo:,7240,Dress Up Limited,12-05-2018,2500,4188,,,info@dressupbd.com,,,,,,93.75,confirmed
Ba: Bo:,7241,Blue Planet Knitware Ltd.,23-05-2016,2500,5510,,,arif@blueplanetgroup.com,,,,,,96.0,confirmed
Ba: Bo:,7242,M.J Dying & Printing Ltd.,03-04-2023,5000,5915,,,navyhosiery@gmail.com,,,,,,77.41935483870968,low
Ba: Bo:,7246,Eon Knit Composite Ltd.,16-06-2022,2500,6210,,,,,,,,,89.79591836734694,confirmed
Ba: Bo:,7251,Desh Garments Ltd,25-06-2022,2500/-,1,,,desh@deshgroup.com,,,,,,97.14285714285714,confirmed
Ba: Bo:,7255,Laki Star Apparels Ltd.,05-06-2016,2500,5356,,,,,,,,,87.8048780487805,confirmed
Ba: Bo:,7263,Belashe Textile Industries  Pvt. Ltd,20-03-2022,4500,6015,,,info@sonnettex.com,,,,,,73.84615384615385,low
Ba: Bo:,7265,M/S. Salman Sizing and Printing,15-06-2022,3500,,,,,,,,,,0,none
Ba: Bo:,7266,Sharaf Washing & Dyeing Industries Ltd.,25-10-2022,6500,392,,,azmat@citechco.net,,,,,,70.96774193548387,low
Ba: Bo:,7276,Envoy Textiles Limited,14-03-2023,6500,5506,,,a-hai@legendgroupleo.net,,,,,,80.0,confirmed
Ba: Bo:,7277,Envoy Textiles Limited,14-03-2023,7500,5506,,,a-hai@legendgroupleo.net,,,,,,80.0,confirmed
Ba: Bo:,7285,Metro Kniting & Dyeing Mills Ltd.,24-08-2022,7000,3676,,,info@metrokd.com,,,,,,98.50746268656717,confirmed
Ba: Bo:,7286,Metro Knitting & Dyeing Mills Limited (Factory-2),10-07-2022,6500,3676,,,info@metrokd.com,,,,,,79.51807228915662,low
Ba: Bo:,7288,Redience Knitware Ltd.,16-06-2022,2500,3385,,,md@texgengroup.com,,,,,,84.44444444444444,confirmed
Ba: Bo:,7289,M.M. Knitware Ltd.,14-07-2022,2500,3468,,,info@mmknitwear.com,,,,,,94.44444444444444,confirmed
Ba: Bo:,7290,Mission Fashion Limited,13-07-2015,2500,5074,,,info@missiongroupbd.com,,,,,,88.37209302325581,confirmed
Ba: Bo:,7295,World-E-Apparels (BD) Ltd.,12-07-2022,5000/-,4615,,,neam@taratexbd.com,,,,,,60.46511627906976,low
Ba: Bo:,7296,Hansin textiles Co. Ltd,16-07-2022,5500/-,6897,,,md@hasnattex.com,,,,,,71.42857142857143,low
Ba: Bo:,7298,sad Musa Fabrics Ltd Unit-3,17-07-2022,2500/-,3454,,,info@saadmusa.com,,,,,,69.0909090909091,low
Ba: Bo:,7301,Lavern Tex Sweaters Ltd.,29-10-2020,3500,6142,,,info@laverntexbd.com,,,,,,85.1063829787234,confirmed
Ba: Bo:,7302,Ananta Fashion Ltd.,01-08-2014,2500,2993,,,info@ananta-bd.com,,,,,,100.0,confirmed
Ba: Bo:,7303,Sepal Garments Ltd.,10-08-2022,2500,632,,,tipumunshi25@gmail.com,,,,,,100.0,confirmed
Ba: Bo:,7306,centex textile and apparels ltd.,06-08-2022,2500,3965,,,jashim@orient-bd.com,,,,,,80.64516129032258,confirmed
Ba: Bo:,7308,Texteel Fashion Ltd.,15-06-2022,2500,2798,,,textile2@speedbd.com,,,,,,90.0,confirmed
Ba: Bo:,7309,Trade Wind Sweaters Ltd.,02-08-2018,2500,4145,,,rkarim_tws@hotmail.com,,,,,,100.0,confirmed
Ba: Bo:,7310,Univoge Garments Co. Ltd,18-07-2021,2500,424,,,ashvin@uglgroup.com,,,,,,96.0,confirmed
Ba: Bo:,7318,Your Fashion Sweater Ltd.,04-09-2022,3500,4448,,,atiqur_r@standard-group.com,,,,,,100.0,confirmed
Ba: Bo:,7320,Standard Stitches Ltd. (woven unit),12-09-2022,3500,5663,,,mosharraf_h@standard-group.com,,,,,,94.28571428571428,confirmed
Ba: Bo:,7319,Standard Stitches Ltd. (woven unit),12-09-2022,3500,5663,,,mosharraf_h@standard-group.com,,,,,,94.28571428571428,confirmed
Ba: Bo:,7325,Fakharuddin Textile Mills Ltd.,13-09-2022,6500,4596,,,asif@urmigroup.net,,,,,,98.30508474576271,confirmed
Ba: Bo:,7327,Starlight Sweater Ltd.,03-09-2022,3500,2996,,,alamgir@matrixsweatersbd.com,,,,,,97.77777777777777,confirmed
Ba: Bo:,7329,Avant Garments Ltd.,18-09-2022,2500,5729,,,zia@arbellafashion.com,,,,,,100.0,confirmed
Ba: Bo:,7339,Paradise Washing Plant  Ltd.,20-09-2022,6500,7012,,,mizanmahid7@gmail.com,,,,,,69.56521739130434,low
Ba: Bo:,7343,Aduri Knit Composite Ltd.,18-09-2022,4500/-,6906,,,rzsalim@gmail.com,,,,,,92.0,confirmed
Ba: Bo:,7344,Best style composite Ltd.,18-12-2021,2500,4524,,,hanif@bestshirtsbd.net,,,,,,63.41463414634146,low
Ba: Bo:,7347,Tharmex Spinning Ltd.,18-09-2022,7000/-,4460,,,islam@spring.com.bd,,,,,,73.6842105263158,low
Ba: Bo:,7346,Tharmax Yarn Dying Ltd.,18-09-2022,7000/-,4121,,,rakib@team.com.bd,,,,,,71.42857142857143,low
Ba: Bo:,7348,Tharmex Spinning Ltd.,18-09-2022,7000/-,4460,,,islam@spring.com.bd,,,,,,73.6842105263158,low
Ba: Bo:,7351,Fariha Knit Tex  Ltd.,24-08-2022,7000,3645,,,asrotex@worldnetbd.com,,,,,,100.0,confirmed
Ba: Bo:,7355,Oriental Fashion Ltd.,20-09-2015,2500,5345,,,reyaz.juztrading@gmail.com,,,,,,100.0,confirmed
Ba: Bo:,7360,Madhabdi Dyeing Finishing Mills Ltd.,22-08-2022,6500/-,2016,,,cotton@cottongroupbd.com.bd,,,,,,75.0,low
Ba: Bo:,7361,Don Garments & Textiles Ltd.,29-10-2018,2500,511,,,bakersfa@bol.com,,,,,,88.13559322033898,confirmed
Ba: Bo:,7364,Innovative Knitex Ltd.,26-10-2017,2500,5913,,,,,,,,,100.0,confirmed
Ba: Bo:,7365,FM Yearn Dyeing Ltd.,19-10-2022,7000,4121,,,rakib@team.com.bd,,,,,,82.05128205128204,confirmed
Ba: Bo:,7367,Babilon Garments Ltd.,15-10-2022,2500,99,,,jayantaneogi@bangagarmentsbd.com,,,,,,85.0,confirmed
Ba: Bo:,7372,Unilon Textiles Ltd.,18-10-2021,5500,4970,,,info@unilliance.com,,,,,,86.36363636363636,confirmed
Ba: Bo:,7374,Unilon Textiles Ltd.,18-10-2021,5500,4970,,,info@unilliance.com,,,,,,86.36363636363636,confirmed
Ba: Bo:,7376,Latif Knitting Mills Ltd.,13-10-2022,2500,5927,,,latifkm@latifkm.com,,,,,,100.0,confirmed
Ba: Bo:,7378,Mahdi Fashion (pvt.) Ltd.,05-10-2017,2500,5710,,,shapon322gmail.com,,,,,,92.0,confirmed
Ba: Bo:,7381,arkey knit Dyeing mills ltd,08-01-2023,3500,6668,,,palmalexport@palmalgarments.com,,,,,,65.45454545454545,low
Ba: Bo:,7382,Estro Knit Wear Ltd.,08-10-2021,2500,6163,,,info@eurogroup-bd.com,,,,,,92.3076923076923,confirmed
Ba: Bo:,7384,Ajmeri Composite Knit Ltd.,11-10-2021,2500,3715,,,palmalexport@palmalgarments.com,,,,,,96.15384615384616,confirmed
Ba: Bo:,7385,Demra Dyeing & Screen Printing Works,29-09-2022,5000,,,,,,,,,,0,none
Ba: Bo:,7387,A & A Trousers Ltd.,28-11-2022,4500,4671,,,mahbub@aandagroupbd.com,,,,,,100.0,confirmed
Ba: Bo:,7389,Jems Sweaters Ltd.,23-11-2018,2500,3859,,,jp@colbd.com,,,,,,88.23529411764706,confirmed
Ba: Bo:,7391,Naborupa Fashions (pvt.) Ltd.,17-11-2014,2500,3930,,,tipunfl@dhaka.net,,,,,,79.24528301886792,low
Ba: Bo:,7392,Kung King Textile (BD) Ltd.,15-11-2022,6500,5722,,,managingdirector@kaifengbd.com,,,,,,70.83333333333333,low
Ba: Bo:,7397,Fab-Con Textile Mills Ltd.,29-11-2021,5000,6690,,,fairtextilemills@yahoo.com,,,,,,85.71428571428572,confirmed
Ba: Bo:,7398,Rainbo Washing Ltd.,12-11-2021,6500,6117,,,badal@tusuka.com,,,,,,73.6842105263158,low
Ba: Bo:,7399,te Knitting Industries Ltd.,26-10-2022,6500,1908,,,asad@fuljhury.com,,,,,,84.0,confirmed
Ba: Bo:,7407,Eastern knitwer Ltd,17-12-2017,2500,3219,,,shaheedeg@gmail.com,,,,,,68.29268292682926,low
Ba: Bo:,7406,York Fashion Ltd.,24-10-2022,2500/-,2526,,,salim@yorkbd.com,,,,,,100.0,confirmed
Ba: Bo:,7409,Kung Keng Textile (Bangladesh) Co. Ltd.,15-10-2022,3500,7091,,,acsinfo@acstextiles.com,,,,,,72.22222222222221,low
Ba: Bo:,7411,Rose Sweaters Ltd.,10-12-2019,3500,3529,,,md@rosesweater.com,,,,,,97.14285714285714,confirmed
Ba: Bo:,7410,Kung Keng Textile (Bangladesh) Co. Ltd.,15-11-2022,3500,7091,,,acsinfo@acstextiles.com,,,,,,72.22222222222221,low
Ba: Bo:,7413,Meek Sweater Ltd.,18-12-2022,2500,4995,,,mannan@meeksweater.com,,,,,,100.0,confirmed
Ba: Bo:,7412,Globus Garments Ltd.,28-12-2022,2500,1183,,,info@dekkoisho.com,,,,,,97.43589743589743,confirmed
Ba: Bo:,7414,Nowsin Garments Industry Ltd.,23-12-2022,2500,4068,,,info@trzgroup.com,,,,,,90.9090909090909,confirmed
Ba: Bo:,7416,Rishal Garments Ltd.,26-12-2021,2500,177,,,shakawat.hossain@rishalgroup.com.bd,,,,,,100.0,confirmed
Ba: Bo:,7415,Sharoj Garments Ltd.,06-12-2018,2500,3000,,,farida_hossain@goldenworldltd.com,,,,,,100.0,confirmed
Ba: Bo:,7419,The Rose Dresses Ltd.,10-04-2022,2500,4241,,,atiq@islam-garments.com,,,,,,100.0,confirmed
Ba: Bo:,7418,The Rose Dresses Ltd.,11-04-2022,2500,4241,,,atiq@islam-garments.com,,,,,,100.0,confirmed
Ba: Bo:,7422,The Rose Dresses Ltd.,04-12-2022,2500,4241,,,atiq@islam-garments.com,,,,,,100.0,confirmed
Ba: Bo:,7421,Britex Apparels Ltd,20-11-2022,2500/-,5375,,,brightex@colbd.com,,,,,,92.6829268292683,confirmed
Ba: Bo:,7425,Bengal Knittex Ltd.,16-12-2020,2500,852,,,info@bengal-knittex.com,,,,,,100.0,confirmed
Ba: Bo:,7424,Unicom Textile Mills Ltd.,11-12-2022,7000,5359,,,eftakher@uniformtextile.com,,,,,,80.0,confirmed
Ba: Bo:,7428,New Generation Fashion Ltd.,28-12-2022,2500,2759,,,gosh58.chandan@gmail.com,,,,,,100.0,confirmed
Ba: Bo:,7431,Peak Apparels Ltd.,29-12-2014,2500,5061,,,peak@dhaka.net,,,,,,100.0,confirmed
Ba: Bo:,7432,Parkstar Apparel Ltd.,02-12-2022,2500,3221,,,parkscen@bangla.net,,,,,,100.0,confirmed
Ba: Bo:,7430,Brothers Garments Ltd.,30-12-2014,2500,1737,,,,,,,,,86.27450980392157,confirmed
Ba: Bo:,7439,Confidence Textile Mills (P:) Ltd.,17-01-2023,3500,2154,,,arefin@arefingroupbd.com,,,,,,74.57627118644068,low
Ba: Bo:,7440,H H Textile Mills Ltd.,12-03-2021,7000,5167,,,pride@pride-grp.com,,,,,,88.88888888888889,confirmed
Ba: Bo:,7441,5f Apparels Ltd.,07-01-2023,2500,6321,,,alitrade11@gmail.com,,,,,,93.75,confirmed
Ba: Bo:,7443,Dressmen Ltd.,01-01-2023,2500,117,,,abdullah@dressmen-bd.com,,,,,,100.0,confirmed
Ba: Bo:,7444,Dressmen Fashion Wear Ltd.,08-01-2022,2500,4675,,,fahim@dressmen-bd.com,,,,,,100.0,confirmed
Ba: Bo:,7447,Newage Garments Ltd.,11-01-2023,2500,127,,,info@newage-group.com,,,,,,100.0,confirmed
Ba: Bo:,7450,Majib Fashions Ltd.,22-01-2015,2500,5934,,,,,,,,,94.73684210526316,confirmed
Ba: Bo:,7455,Tex Way Apparel Industries Ltd.,29-01-2015,2500,3403,,,,,,,,,76.92307692307692,low
Ba: Bo:,7457,Apparel 4 Ltd.,26-02-2022,2500,6321,,,alitrade11@gmail.com,,,,,,86.66666666666667,confirmed
Ba: Bo:,7458,Jinnat Apparels Ltd.,22-01-2023,3500,3214,,,jabbar@dbl-group.com,,,,,,100.0,confirmed
Ba: Bo:,7463,Evitex Dress Shirt Ltd.,26-09-2021,2500,5705,,,evince@evincebd.com,,,,,,100.0,confirmed
Ba: Bo:,7465,Dresden Textiles Ltd.,15-01-2022,2500,4371,,,md@dresdentextiles.com,,,,,,100.0,confirmed
Ba: Bo:,7464,Bonian Knit Fashions Ltd.,15-02-2020,2500,4391,,,bonianbd@hotmail.com,,,,,,100.0,confirmed
Ba: Bo:,7467,Golden Refit Garments Ltd.,15-01-2020,2500,3584,,,rafiq@sparkbd.com,,,,,,100.0,confirmed
Ba: Bo:,7468,Williams Sweaters Ltd.,22-01-2019,2500,5980,,,azhar@targetgroupbd.com,,,,,,80.0,confirmed
Ba: Bo:,7472,Oasis Fashion Ltd. (unit-2),14-01-2022,2500,5873,,,oasisbd@dhaka.net,,,,,,96.2962962962963,confirmed
Ba: Bo:,7471,Oasis Fashion Ltd. (unit-2),06-01-2022,2500,5873,,,oasisbd@dhaka.net,,,,,,96.2962962962963,confirmed
Ba: Bo:,7473,ASR Computerized Sweater (Ind.) Ltd.,18-01-2018,2500,5606,,,md@asrgroupbd.com,,,,,,98.59154929577466,confirmed
Ba: Bo:,7474,ASR Computerized Sweater (Ind.) Ltd.,18-01-2018,2500,5606,,,md@asrgroupbd.com,,,,,,98.59154929577466,confirmed
Ba: Bo:,7476,Nurul Islam Spinning Mills Ltd.,27-02-2023,3500,3772,,,quddus@dragon-sweater.net,,,,,,75.47169811320755,low
Ba: Bo:,7477,E. H Fabrics Ltd.,21-02-2022,2500,4560,,,quamar@florencebd.com,,,,,,88.23529411764706,confirmed
Ba: Bo:,7485,Continental Garments Ind. (Pvt.) Ltd.,09-02-2023,2500,10,,,muneer@continental-bd.com,,,,,,84.33734939759037,confirmed
Ba: Bo:,7487,Anamica washing and dyeing Ltd.,07-02-2022,5500,,,,,,,,,,0,none
Ba: Bo:,7489,N H T Fashion Ltd.,05-12-2022,6500/-,7055,,,hadhi.nhfashion@gmail.com,,,,,,88.88888888888889,confirmed
Ba: Bo:,7500,Confidence Knitwear Ltd.,30-01-2023,2500,4716,,,mazidtalukdar@yahoo.com,,,,,,79.06976744186046,low
Ba: Bo:,7504,Angel Fabrics (Pvt.) Ltd.,03-02-2016,2500,4523,,,commercial@arrow-group.net,,,,,,84.0,confirmed
Ba: Bo:,7506,Ratul Fabrics ltd.,11-10-2020,3500,6768,,,fatullah@gmail.com,,,,,,82.05128205128204,confirmed
Ba: Bo:,7507,Winner Wears Ltd.,10-03-2021,2500,2675,,,radix@accesstel.net,,,,,,100.0,confirmed
Ba: Bo:,7509,Kazipur Fashions Ltd. (Unit-1),12-03-2022,6000,1914,,,mosharraf_h@standard-group.com,,,,,,82.35294117647058,confirmed
Ba: Bo:,7510,Sikder Apparel Hosiery Ltd.,29-03-2019,6000,1591,,,litusikder@sikdergroup.com,,,,,,100.0,confirmed
Ba: Bo:,7511,ACS Textiles (Bangladesh) Ltd.,27-02-2022,6500,7091,,,acsinfo@acstextiles.com,,,,,,92.06349206349206,confirmed
Ba: Bo:,7516,Ananta Apparels Ltd.,28-03-2019,2500,6257,,,info@ananta-bd.com,,,,,,100.0,confirmed
Ba: Bo:,7515,Ananta Apparels Ltd.,28-03-2019,2500,6257,,,info@ananta-bd.com,,,,,,100.0,confirmed
Ba: Bo:,7517,Sinha Washing Plant Ltd.,21-03-2022,5000,7012,,,mizanmahid7@gmail.com,,,,,,69.76744186046511,low
Ba: Bo:,7505,Radix Garments,08-02-2021,2500,5766,,,arif@radixbd.net,,,,,,100.0,confirmed
Ba: Bo:,7520,Formosa Poly Cotton Textiles (BD) Ltd.,22-03-2019,7000,5979,,,shahid@soorty.com,,,,,,66.66666666666667,low
Ba: Bo:,7519,Siji Garments Co. Ltd.,21-11-2022,2500,5742,,,sijigarments@gmail.com,,,,,,100.0,confirmed
Ba: Bo:,7522,Thermax Melange Spinning Mills Ltd.,13-03-2022,5000,3772,,,quddus@dragon-sweater.net,,,,,,66.66666666666667,low
Ba: Bo:,7523,Anwara Mannan Textile Mills Ltd.,18-03-2023,7500,6690,,,fairtextilemills@yahoo.com,,,,,,76.36363636363637,low
Ba: Bo:,7527,Mohammadi Knit Star Ltd.,20-03-2022,2500,4734,,,mksl@mohammadigroup.com,,,,,,100.0,confirmed
Ba: Bo:,7529,Ha-mim Washing Plant Ltd.,17-12-2022,6500,7012,,,mizanmahid7@gmail.com,,,,,,77.27272727272727,low
Ba: Bo:,7530,Knit Asia Ltd.,07-03-2022,3500,3054,,,allabj@newasiabd.com,,,,,,100.0,confirmed
Ba: Bo:,7528,Mohammadi Knit Star Ltd.,19-03-2022,3500,4734,,,mksl@mohammadigroup.com,,,,,,100.0,confirmed
Ba: Bo:,7533,Indigo Washing Ltd.,03-07-2022,2500,4220,,,fifltd@citechco.net,,,,,,77.77777777777779,low
Ba: Bo:,7536,AMC Knit Composite Ltd.,24-04-2022,6500,5103,,,spknit@dandylink.com,,,,,,100.0,confirmed
Ba: Bo:,7539,JMS Garments Ltd.,12-04-2022,3500,1600,,,mustafa@fashion-product.com,,,,,,100.0,confirmed
Ba: Bo:,7544,Knit Radix Ltd.,07-04-2021,2500,5920,,,masud@knitradix.com,,,,,,100.0,confirmed
Ba: Bo:,7546,Shirin Spinning Mills Ltd.,03-04-2022,7500,3772,,,quddus@dragon-sweater.net,,,,,,79.16666666666666,low
Ba: Bo:,7548,Hams Garments Ltd.,06-02-2023,7000,4639,,,amanul.hossain@hams.com.bd,,,,,,100.0,confirmed
Ba: Bo:,7547,Wasif Knit Composite-2,11-04-2023,2500,4610,,,swapan@amtrades.net,,,,,,85.1063829787234,confirmed
Ba: Bo:,7549,Ibrahim Composite Textile Mills Ltd.,07-04-2020,5500,4557,,,md@magpiegroupbd.com,,,,,,76.92307692307692,low
Ba: Bo:,7550,HAH Dresses Ltd.,09-04-2015,2500,5200,,,info@hahco.com,,,,,,91.42857142857143,confirmed
Ba: Bo:,7553,Panorama Washing Co. Ltd.,03-04-2023,2500,6117,,,badal@tusuka.com,,,,,,63.63636363636363,low
Ba: Bo:,7552,Camio U S A Knitwear Ltd.,22-03-2018,7000,4805,,,info@camiousa.com,,,,,,87.5,confirmed
Ba: Bo:,7557,Jann Composite Mills Ltd.,10-03-2022,2500,3813,,,nashir@onecomposite.com,,,,,,81.63265306122449,confirmed
Ba: Bo:,7558,Apparel Export Ltd.,23-04-2022,2500,1263,,,zainul@apparel-export.com,,,,,,100.0,confirmed
Ba: Bo:,7560,Falcon International Knit Composite,14-05-2022,2500,2964,,,fakhrul@falcongroupbd.com,,,,,,83.87096774193549,confirmed
Ba: Bo:,7559,Overseas Fashions Ltd.,24-04-2018,2500,1962,,,adnan@zaastex.com,,,,,,85.71428571428572,confirmed
Ba: Bo:,7564,Epyllion Knitex Ltd.,30-03-2023,7000,3797,,,esl@epylliongroup.com,,,,,,88.37209302325581,confirmed
Ba: Bo:,7567,Waltz Fashions Ltd.,26-05-2022,2500,3879,,,mortuja@waltzfashions.com,,,,,,100.0,confirmed
Ba: Bo:,7566,Elegant Washing Plant Ltd,26-04-2022,2500,7012,,,mizanmahid7@gmail.com,,,,,,72.72727272727273,low
Ba: Bo:,7569,EOS Textile Mills Ltd.,27-05-2022,7000,3763,,,garment@kdsgroup.net,,,,,,90.9090909090909,confirmed
Ba: Bo:,7568,Atashi Fashion Ltd.,25-12-2021,2500,4122,,,atashifl@btcl.net.bd,,,,,,100.0,confirmed
Ba: Bo:,7571,TM Textiles & Garments Ltd.,16-04-2022,6500,4975,,,durjay@tmtgbd.com,,,,,,100.0,confirmed
Ba: Bo:,7576,Origin Apparels Ltd.,28-05-2018,2500,5741,,,info@originapparels.com,,,,,,100.0,confirmed
Ba: Bo:,7580,Mifkif Apparels Ltd.,13-05-2015,2500,1232,,,baker@mifkif.com,,,,,,97.43589743589743,confirmed
Ba: Bo:,7582,Suad Garments Industries Ltd.,06-05-2022,5500,1200,,,,,,,,,91.52542372881356,confirmed
Ba: Bo:,7584,Rich Apparels Ltd.,13-05-2015,2500,5085,,,,,,,,,92.3076923076923,confirmed
Ba: Bo:,7585,Crony tex Sweater Ltd.,17-05-2022,2500,6028,,,sunny@abanti.net,,,,,,95.45454545454545,confirmed
Ba: Bo:,7589,Akij Textile Mills Ltd.,05-05-2022,6500,2154,,,arefin@arefingroupbd.com,,,,,,87.5,confirmed
Ba: Bo:,7590,Akij Textile Mills Ltd.,05-05-2022,6500,2154,,,arefin@arefingroupbd.com,,,,,,87.5,confirmed
Ba: Bo:,7592,Lily Apparels Ltd.,05-11-2021,3500,419,,,cgl@concorde.bangla.net,,,,,,100.0,confirmed
Ba: Bo:,7593,Ahsiar Fashions Ltd.,02-04-2022,2500,3235,,,sharifur@ntg.net.bd,,,,,,91.89189189189189,confirmed
Ba: Bo:,7594,Dekko Apparels Ltd.,27-04-2022,2500,1135,,,info@dekkoisho.com,,,,,,100.0,confirmed
Ba: Bo:,7595,Consumer Knitex Ltd.,25-05-2022,7000,4565,,,,,,,,,100.0,confirmed
Ba: Bo:,7597,Shinest Washing,24-05-2022,3500,7012,,,mizanmahid7@gmail.com,,,,,,70.58823529411764,low
Ba: Bo:,7600,J&J Fabrics & Textiles Ltd.,25-12-2022,4500,2655,,,ctg@asianapparels.com,,,,,,75.55555555555556,low
Ba: Bo:,7604,Prostar Apparels Ltd.,11-03-2022,4500,924,,,info@jnjdhaka.com,,,,,,100.0,confirmed
Ba: Bo:,7603,Prostar Apparels Ltd.,11-03-2022,5000,924,,,info@jnjdhaka.com,,,,,,100.0,confirmed
Ba: Bo:,7605,Rizvi Fashions Ltd.,16-06-2022,2500,5769,,,rizvistock@yahoo.com,,,,,,100.0,confirmed
Ba: Bo:,7607,Tusuka Washing Ltd.,21-06-2022,5000,6117,,,badal@tusuka.com,,,,,,100.0,confirmed
Ba: Bo:,7608,Ibrahim Knittex,04-04-2021,2500,7155,,,arhamknittexbd@gmail.com,,,,,,70.96774193548387,low
Ba: Bo:,7609,Envoy Textiles Ltd.,14-03-2023,6500,5216,,,rubenapex@gmail.com,,,,,,83.33333333333334,confirmed
Ba: Bo:,7614,TNZ Apparels Ltd.,13-06-2022,2500,4349,,,tnz@gnbd.net,,,,,,100.0,confirmed
Ba: Bo:,7613,TNZ Apparels Ltd.,11-06-2022,2500,4349,,,tnz@gnbd.net,,,,,,100.0,confirmed
Ba: Bo:,7615,Mantrast Sweater Limited,01-06-2018,2500,3090,,,admin@mantrust.net,,,,,,84.44444444444444,confirmed
Ba: Bo:,7616,M/S Saturn Textiles Ltd.,13-06-2022,4500,4547,,,moshiur@saturnbd.com,,,,,,90.9090909090909,confirmed
Ba: Bo:,7618,Epic Garments Manufacturing Co. Ltd.,18-06-2022,6500,7025,,,cosecretary@epicbd.com,,,,,,88.88888888888889,confirmed
Ba: Bo:,7619,Mohsin Knitwears Ltd.,05-06-2022,2500,5620,,,commercial@mondol.net,,,,,,85.71428571428572,confirmed
Ba: Bo:,7621,Energypac Fashions Ltd.,11-06-2022,3500,4471,,,eel@vincit.net,,,,,,100.0,confirmed
Ba: Bo:,7622,Showan Knit Composite Limited,21-06-2022,2500,5330,,,md@saihamknit.com,,,,,,80.0,confirmed
Ba: Bo:,7623,Bovs Apparels Ltd.,02-05-2022,2500,5608,,,pgc@padmagroupbd.com,,,,,,100.0,confirmed
Ba: Bo:,7624,Global Knitwear Ltd.,10-05-2021,2500,5207,,,romel@gkl-bd.com,,,,,,97.5609756097561,confirmed
Ba: Bo:,7626,Appear Composite Fashion Ltd.,21-06-2022,2500,5987,,,masum@nhk-ast.com,,,,,,100.0,confirmed
Ba: Bo:,7627,MM Fashions & Composite Ltd.,03-06-2022,2500,4967,,,taslim@mmfcl-ad.com,,,,,,96.55172413793103,confirmed
Ba: Bo:,7628,Chittagong Speasalised Textile Ltd.,29-06-2017,2500,3075,,,afzal@chittagongfashion.com,,,,,,78.37837837837837,low
Ba: Bo:,7630,Fakir Knitwears Ltd.,20-06-2022,7000,3979,,,fazaman@fakirgroup.com,,,,,,100.0,confirmed
Ba: Bo:,7631,Khaja Knite Washing Plant,20-06-2022,3500,7012,,,mizanmahid7@gmail.com,,,,,,72.72727272727273,low
Ba: Bo:,7632,Jatramura Weaving Mills Ltd.,23-06-2015,4500,6690,,,fairtextilemills@yahoo.com,,,,,,62.745098039215684,low
Ba: Bo:,7633,Talha Fabrics Ltd.,25-06-2022,7500,5088,,,arif@lantaburgroup.com,,,,,,88.88888888888889,confirmed
Ba: Bo:,7634,Jaber & Jubair Fabrics Ltd.,24-04-2022,7500,4934,,,noman@znzfab.com,,,,,,74.07407407407408,low
Ba: Bo:,7636,Blue-Planet Knitwear Ltd.,22-06-2015,2500,5944,,,bunonknit@gmail.com,,,,,,77.27272727272727,low
Ba: Bo:,7637,Silver Composite Textile Mills Ltd. (Unit-3 Textile),25-06-2022,6500,5703,,,info@silverlinebd.com,,,,,,78.16091954022988,low
Ba: Bo:,7638,Silver Composite Textile Mills Ltd. (Unit-3 Textile),25-06-2022,7500,5703,,,info@silverlinebd.com,,,,,,78.16091954022988,low
Ba: Bo:,7639,Silvar Composite Textile Mills Ltd. (Unit-1 Garments),25-06-2022,3500,5703,,,info@silverlinebd.com,,,,,,77.27272727272727,low
Ba: Bo:,7640,Silver Composite Textile Mills Ltd. (Unit-3 Textile),25-06-2022,7500,5703,,,info@silverlinebd.com,,,,,,78.16091954022988,low
Ba: Bo:,7641,Dignity Textile Mills Ltd.,10-06-2022,7000,3675,,,k2ahsan@yahoo.com,,,,,,100.0,confirmed
Ba: Bo:,7642,Dignity Textile Mills Ltd.,10-06-2022,7000,3675,,,k2ahsan@yahoo.com,,,,,,100.0,confirmed
Ba: Bo:,7643,Kung Keng Textile (Bangladesh) Co. Ltd.,04-06-2022,2500,7091,,,acsinfo@acstextiles.com,,,,,,72.22222222222221,low
Ba: Bo:,7645,NRG Knit Composite,18-06-2022,7000,5556,,,,,,,,,76.92307692307692,low
Ba: Bo:,7652,S K J Knitware Ltd.,15-07-2017,2500,4181,,,info@akhfashions.com,,,,,,77.77777777777779,low
Ba: Bo:,7655,J.L. Fashions Ltd.,16-07-2019,2500,3664,,,kabir@jlfashionltd.com,,,,,,100.0,confirmed
Ba: Bo:,7656,Jaber & Jubair Fabrics Ltd.,24-07-2022,7000,4934,,,noman@znzfab.com,,,,,,74.07407407407408,low
Ba: Bo:,7659,Jaber & Jubair Fabrics Ltd.,24-04-2022,7000,4934,,,noman@znzfab.com,,,,,,74.07407407407408,low
Ba: Bo:,7657,Jaber & Jubair Fabrics Ltd.,24-07-2022,7000,4934,,,noman@znzfab.com,,,,,,74.07407407407408,low
Ba: Bo:,7658,Jaber & Jubair Fabrics Ltd.,24-07-2022,7000,4934,,,noman@znzfab.com,,,,,,74.07407407407408,low
Ba: Bo:,7662,Simco Dresses Ltd.,25-07-2019,2500,2972,,,simco@simcocorp.com,,,,,,100.0,confirmed
Ba: Bo:,7665,Regency Garments Ltd.,09-07-2018,6500,378,,,ajith.wijesinghe@regencybd.net,,,,,,100.0,confirmed
Ba: Bo:,7666,Dress Up Limited,15-07-2018,2500,4188,,,info@dressupbd.com,,,,,,93.75,confirmed
Ba: Bo:,7667,M/S. F.K.N. Printing Mills Ltd.,25-06-2022,4500,6705,,,joynal@knitconcern.com,,,,,,67.9245283018868,low
Ba: Bo:,7668,Manami Fashions Ltd.,20-07-2022,2500,4713,,,faisal@manamibd.com,,,,,,100.0,confirmed
Ba: Bo:,7671,ILMEEYAT APPARELS LTD.,10-01-2023,5000,,,,,,,,,,0,none
Ba: Bo:,7670,Sweaterteck Ltd.,25-07-2022,2500,4531,,,babul@sweatertech.com,,,,,,93.75,confirmed
Ba: Bo:,7669,Mark Sweater Ltd.,11-07-2022,4500,3524,,,commercial@mondol.net,,,,,,100.0,confirmed
Ba: Bo:,7673,The Rose Dresses Ltd.,16-06-2022,2500,4241,,,atiq@islam-garments.com,,,,,,100.0,confirmed
Ba: Bo:,7674,Turag Garments & Hosiery Mills Ltd.,18-04-2022,7000,6561,,,babu@turagbd.net,,,,,,100.0,confirmed
Ba: Bo:,7675,Basic Shirts Ltd.,13-06-2022,5500,3038,,,azad.khan@live.com,,,,,,88.88888888888889,confirmed
Ba: Bo:,7677,Feroza Garments Ltd.,18-08-2019,2500,1664,,,feroza@nassagroup.org,,,,,,100.0,confirmed
Ba: Bo:,7680,S.I. Knitting Ltd.,08-08-2022,2500,4742,,,,,,,,,100.0,confirmed
Ba: Bo:,7679,Zaara Composite Textiles Ltd.,06-08-2019,2500,4446,,,info@zaaracomposite.net,,,,,,100.0,confirmed
Ba: Bo:,7683,Azad Knit Composite Textile Mills (Pvt.) Ltd.,24-10-2021,2500,6977,,,rifat@azadcomposite.com,,,,,,100.0,confirmed
Ba: Bo:,7690,Impress Fashion Ltd.,11-07-2022,2500,1809,,,commercial@impress.bz,,,,,,100.0,confirmed
Ba: Bo:,7691,Impress Fashion Ltd.,11-07-2022,2500,1809,,,commercial@impress.bz,,,,,,100.0,confirmed
Ba: Bo:,7697,Noman Composite Textiles Ltd.,01-08-2022,6500,6859,,,shifacomposite@gmail.com,,,,,,84.21052631578947,confirmed
Ba: Bo:,7696,Noman Composite Textiles Ltd.,01-08-2022,6500,6859,,,shifacomposite@gmail.com,,,,,,84.21052631578947,confirmed
Ba: Bo:,7699,Alema Textiles Ltd.,15-07-2020,4500,5035,,,mahabub@mimgroupbd.com,,,,,,100.0,confirmed
Ba: Bo:,7706,Yasin Knittex Industries Ltd.,28-09-2022,7000,1908,,,asad@fuljhury.com,,,,,,88.46153846153845,confirmed
Ba: Bo:,7707,P.N Composite Ltd.,12-09-2022,6500,4236,,,tapan@pncomposite.com,,,,,,97.2972972972973,confirmed
Ba: Bo:,7708,Mahid Apparel Ltd.,24-09-2019,7000,5628,,,,,,,,,100.0,confirmed
Ba: Bo:,7709,Chorka Textile Ltd.,21-09-2022,2500,6048,,,ceo@prangroup.com,,,,,,100.0,confirmed
Ba: Bo:,7712,Knit Men composite limited,06-06-2022,2500,6906,,,rzsalim@gmail.com,,,,,,62.745098039215684,low
Ba: Bo:,7713,Ahmed Fashions,14-09-2020,2500,764,,,tariq@ahmedfashions.com,,,,,,100.0,confirmed
Ba: Bo:,7719,Ismail Textile Mills Ltd.,26-09-2022,7000,6690,,,fairtextilemills@yahoo.com,,,,,,87.5,confirmed
Ba: Bo:,7718,Epic Garments Manufacturing Co. Ltd.,27-08-2021,2500,7025,,,cosecretary@epicbd.com,,,,,,88.88888888888889,confirmed
Ba: Bo:,7720,Noman Weaving Mills Ltd.,03-09-2022,7000,5878,,,,,,,,,69.23076923076923,low
Ba: Bo:,7721,Mitali Textile Mills,10-09-2022,5000,2329,,,tamalh@bdmail.net,,,,,,75.55555555555556,low
Ba: Bo:,7722,Genesis Fashions Ltd.,10-07-2022,2500,1369,,,tarique_ahmed@mj-group.com,,,,,,97.5609756097561,confirmed
Ba: Bo:,7723,Genesis Fashions Ltd.,10-07-2022,2500,1369,,,tarique_ahmed@mj-group.com,,,,,,97.5609756097561,confirmed
Ba: Bo:,7724,Dekko Readywears Ltd.,01-09-2022,2500,4190,,,info@dekkoisho.com,,,,,,100.0,confirmed
Ba: Bo:,7733,Soorti Textiles (BD) Ltd.,18-10-2022,6500/-,5979,,,shahid@soorty.com,,,,,,96.0,confirmed
Ba: Bo:,7735,Columbia Garments Ltd.,17-10-2022,2500,704,,,salahuddin_ahmed@mj-group.com,,,,,,100.0,confirmed
Ba: Bo:,7736,Increadible Fashions Ltd.,25-10-2022,2500,5810,,,info@incrediblefashionsbd.com,,,,,,97.95918367346938,confirmed
Ba: Bo:,7734,Columbia Garments Ltd.,17-10-2022,2500,704,,,salahuddin_ahmed@mj-group.com,,,,,,100.0,confirmed
Ba: Bo:,7737,Penta Forth Apparels Ltd.,24-09-2018,2500,5554,,,pentaforth@gmail.com,,,,,,100.0,confirmed
Ba: Bo:,7738,Unique Washing & Dyeing Ltd.,04-10-2022,6500,6833,,,info@mosharafgroup.com,,,,,,65.75342465753424,low
Ba: Bo:,7739,L Usan Fashion Ltd.,13-07-2022,2500,4762,,,info@lusinefashion.com,,,,,,92.3076923076923,confirmed
Ba: Bo:,7740,Vision Apparels (Pvt.) Ltd.,30-10-2022,2500,1574,,,ahagaffar@vission-bd.com,,,,,,100.0,confirmed
Ba: Bo:,7745,Tanjila Textile Ltd.,12-10-2022,6500,4654,,,mdshimul@tanzilatextile.com,,,,,,95.0,confirmed
Ba: Bo:,7750,ATS Apparels Ltd.,21-10-2022,3500,2930,,,ali@aps-group.org,,,,,,94.11764705882352,confirmed
Ba: Bo:,7755,Hagh Knitwears Ltd.,15-10-2020,2500,4518,,,shams@fabcybd.com,,,,,,85.0,confirmed
Ba: Bo:,7756,Sara Fashion Wear Ltd.,27-02-2023,2500,5828,,,info.novimodaknitwearltd.bd.@gmail.com,,,,,,100.0,confirmed
Ba: Bo:,7754,KAC Fashion Wear Ltd.,20-10-2021,2500,2983,,,abid@kacfwl.com,,,,,,100.0,confirmed
Ba: Bo:,7757,Mahid Apparels Ltd.,10-10-2022,6500,5628,,,,,,,,,97.2972972972973,confirmed
Ba: Bo:,7758,Eva Dyeing & Printing,18-08-2022,7000/-,1910,,,nrgroup@global-bd.net,,,,,,64.40677966101696,low
Ba: Bo:,7759,Moonlux Knit Garments Ltd.,26-10-2015,2500,5101,,,alom@moonluxknitbd.com,,,,,,100.0,confirmed
Ba: Bo:,7760,Barnali Fabrics Ltd.,22-10-2018,2500,2524,,,ameenfa@gmail.com,,,,,,73.6842105263158,low
Ba: Bo:,7762,M/S. Apollo KnitWears (BD) Ltd.,10-10-2022,2500,5286,,,commercial@mondol.net,,,,,,84.21052631578947,confirmed
Ba: Bo:,7763,Tejgaon Textile Mills Ltd.,15-11-2016,2500,3603,,,rafique@tejgaontextile.com,,,,,,100.0,confirmed
Ba: Bo:,7765,Rebeca Fashions Ltd.,21-12-2022,7000,4965,,,reza@rezagroup-bd.com,,,,,,89.47368421052632,confirmed
Ba: Bo:,7770,New Age Textiles Ltd.,20-11-2020,5500,6518,,,jamil@fourhgroup.com,,,,,,80.95238095238095,confirmed
Ba: Bo:,7773,Kuliarchor Fashion Apparels Ltd.,14-11-2021,5000,6342,,,shazzad@fashionflow.com.bd,,,,,,82.75862068965517,confirmed
Ba: Bo:,7776,Thats It Fashion Ltd.,04-08-2020,2500,805,,,azad@hameemgroup.com,,,,,,95.45454545454545,confirmed
Ba: Bo:,7778,Mantrust Sweater Ltd.,19-11-2017,2500,3090,,,admin@mantrust.net,,,,,,100.0,confirmed
Ba: Bo:,7777,Space Sweater Ltd.,10-11-2022,3500,4646,,,sadek@spacebd.biz,,,,,,100.0,confirmed
Ba: Bo:,7781,Denim Fashions Ltd.,22-11-2022,2500,5748,,,,,,,,,100.0,confirmed
Ba: Bo:,7782,Mint Apparel Ltd.,21-11-2022,2500,5852,,,mintapparelbd@gmail.com,,,,,,100.0,confirmed
Ba: Bo:,7786,Uro Denim and Fashion Ltd.,03-07-2022,2500,5748,,,,,,,,,80.0,confirmed
Ba: Bo:,7787,Magpie Composite Textile Ltd.,16-11-2021,2500,4557,,,md@magpiegroupbd.com,,,,,,100.0,confirmed
Ba: Bo:,7790,Esprit Apparels Ltd.,12-11-2022,2500,4286,,,saleh@espritbd.net,,,,,,100.0,confirmed
Ba: Bo:,7794,Anowara Fashions Ltd.,03-10-2022,3500,3380,,,yasinali@valiantbd.com,,,,,,100.0,confirmed
Ba: Bo:,7793,Shamser Knit Fashions Ltd.,12-11-2022,2500,5142,,,info@shamserknitfashionltd.com,,,,,,100.0,confirmed
Ba: Bo:,7792,Passion Apparels & Wares Ltd.,03-03-2020,2500,4955,,,info@passionjeans.net,,,,,,96.55172413793103,confirmed
Ba: Bo:,7796,N.R.S Knit Wear Ltd.,07-11-2022,2500,4476,,,olikfl@dhaka.net,,,,,,84.21052631578947,confirmed
Ba: Bo:,7799,Rubel Deying Screen Printing Works (Pvt.) Ltd.,20-10-2022,5500,,,,,,,,,,0,none
Ba: Bo:,7800,Joj Bhuiyan Textile Mills,29-01-2018,3500,6130,,,,,,,,,73.91304347826086,low
Ba: Bo:,7801,Jaj Bhuiyan Textile Mills,13-12-2017,2500,6130,,,,,,,,,73.91304347826086,low
Ba: Bo:,7804,M/S. Rich Apparels Ltd.,01-12-2020,2500,5085,,,,,,,,,81.81818181818181,confirmed
Ba: Bo:,7807,Farest Dresses Ltd.,10-12-2017,2500,4009,,,afl-1@azmatgroup.com,,,,,,97.43589743589743,confirmed
Ba: Bo:,7809,Shanila Fashion Ld.,28-02-2021,6000,5547,,,reza@aptechdesignsltd.com,,,,,,97.43589743589743,confirmed
Ba: Bo:,7812,Tasniah Fabrics Ltd.,27-12-2022,5500,3547,,,arif@mascoknit.com,,,,,,100.0,confirmed
Ba: Bo:,7814,Sadma Fashion Wear Ltd.,30-10-2022,6500,3517,,,nasir@sadmafashion.com,,,,,,100.0,confirmed
Ba: Bo:,7817,Silvar Apparels Ltd.,17-10-2020,2500,5867,,,info@silvergroupbd.com,,,,,,95.0,confirmed
Ba: Bo:,7819,Mercury Knitwear (Pvt.) Ltd.,28-12-2017,2500,1837,,,manzur@stylogroup.net,,,,,,81.4814814814815,confirmed
Ba: Bo:,7816,NRN Kniting & Garments Ltd.,21-12-2019,2500,3293,,,,,,,,,74.50980392156863,low
Ba: Bo:,7823,Jaj Bhuiyan Textile Mills,29-01-2018,2500,6130,,,,,,,,,73.91304347826086,low
Ba: Bo:,7828,Zaber Spinning Mills Ltd.,03-12-2022,6500,3772,,,quddus@dragon-sweater.net,,,,,,80.85106382978724,confirmed
Ba: Bo:,7827,Fakhruddin Textile Mills Limited,12-12-2022,6500,4596,,,asif@urmigroup.net,,,,,,91.80327868852459,confirmed
Ba: Bo:,7829,Zaber Spinning Mills Ltd.,03-12-2022,6500,3772,,,quddus@dragon-sweater.net,,,,,,80.85106382978724,confirmed
Ba: Bo:,7830,Zaber Spinning Mills Ltd.,03-01-2023,6500,3772,,,quddus@dragon-sweater.net,,,,,,80.85106382978724,confirmed
Ba: Bo:,7831,Pole Star Fashion Design Ltd.,23-01-2023,2500,5358,,,polto@polestargroupbd.com,,,,,,100.0,confirmed
Ba: Bo:,7832,Dird Composite Textiles Ltd.,22-01-2023,7000,4233,,,ndaulah@dirdgroup.org,,,,,,100.0,confirmed
Ba: Bo:,7833,Lenny Apparels Ltd.,22-12-2021,4500,5353,,,Commercial@lennyfashions.com,,,,,,100.0,confirmed
Ba: Bo:,7844,Polygon Fashion Ltd.,10-01-2021,3500,5989,,,,,,,,,100.0,confirmed
Ba: Bo:,7846,Kashmilon Sweaters Ltd.,16-01-2016,2500,3488,,,radix@bdonline.com,,,,,,100.0,confirmed
Ba: Bo:,7847,Kashmilon Sweaters Ltd.,16-01-2016,2500,3488,,,radix@bdonline.com,,,,,,100.0,confirmed
Ba: Bo:,7848,Integra Apparels (Bangladesh) Ltd.,26-01-2023,2500,5430,,,rabiul_robu@integra-apparel.com,,,,,,100.0,confirmed
Ba: Bo:,7850,Merlin Knitwear Ltd.,27-01-2016,2500,3668,,,nasim@merlinknitwear.com,,,,,,100.0,confirmed
Ba: Bo:,7852,Cold Asia Sweater Ltd.,16-01-2023,2500,3758,,,masudmukit@gmail.com,,,,,,100.0,confirmed
Ba: Bo:,7853,Knit Plus Ltd.,29-01-2020,2500,5146,,,ishtiaque@knitplusltd.com,,,,,,83.87096774193549,confirmed
Ba: Bo:,7855,Mid Line Sweater Ltd.,14-01-2023,2500,5283,,,mynul@midlinefashion.com,,,,,,100.0,confirmed
Ba: Bo:,7857,M/S. Panorama Apparels Ltd.,11-02-2020,2500,999,,,mmsohel@panoramabd.com,,,,,,89.79591836734694,confirmed
Ba: Bo:,7859,Tusuka Washing Ltd.,02-02-2023,6500,6117,,,badal@tusuka.com,,,,,,100.0,confirmed
Ba: Bo:,7858,M M Knitwear Ltd.,23-02-2023,6500,3468,,,info@mmknitwear.com,,,,,,91.42857142857143,confirmed
Ba: Bo:,7861,Disari Washing Plant Ltd.,09-02-2023,2500,7012,,,mizanmahid7@gmail.com,,,,,,77.27272727272727,low
Ba: Bo:,7860,Bonika Fashion Ltd.,11-02-2018,2500,3814,,,nisher.banika@gmail.com,,,,,,92.3076923076923,confirmed
Ba: Bo:,7863,Nofs Garments Ltd.,10-02-2022,2500,1437,,,,,,,,,100.0,confirmed
Ba: Bo:,7862,Sumi Apparels (Pvt.) Ltd.,09-02-2023,2500,5362,,,hossain@goldstargroupbd.com,,,,,,97.95918367346938,confirmed
Ba: Bo:,7864,Simftex Apparel & Washing Ltd.,25-01-2023,3500,5772,,,babu@rising-group.com,,,,,,100.0,confirmed
Ba: Bo:,7872,Keya Knit Composite Ltd.,04-02-2018,2500,4288,,,kgroup@keya-bd.com,,,,,,100.0,confirmed
Ba: Bo:,7874,Yasmin Spinning Mills Ltd.,08-02-2022,7000,3772,,,quddus@dragon-sweater.net,,,,,,79.16666666666666,low
Ba: Bo:,7873,Keya Knit Composite Ltd.,04-02-2018,2500,4288,,,kgroup@keya-bd.com,,,,,,100.0,confirmed
Ba: Bo:,7875,Talha Fabrics Ltd.,15-02-2023,7000/-,5088,,,arif@lantaburgroup.com,,,,,,88.88888888888889,confirmed
Ba: Bo:,7876,Habitus Fashion Ltd.,07-02-2023,3500/-,5753,,,md@texfortis.com,,,,,,100.0,confirmed
Ba: Bo:,7878,Philadelphia Apparels Ltd.,22-02-2016,2500,2093,,,cordial@bol-online.com,,,,,,100.0,confirmed
Ba: Bo:,7879,Saad-Saan Apparels Ltd.,18-02-2018,6500,1553,,,titash@pradeshta.net,,,,,,85.71428571428572,confirmed
Ba: Bo:,7883,Bangladesh Textile and Faibers Ind. Ltd.,05-02-2018,"2,500/-",6007,,,,,,,,,70.58823529411764,low
Ba: Bo:,7889,M/S. Laundry Industries Ltd.,22-02-2023,6000,6567,,,mnhstar09@gmail.com,,,,,,75.0,low
Ba: Bo:,7890,Basundhara Garments Ltd.,13-02-2023,3500,32,,,cargo@bol-online.com,,,,,,100.0,confirmed
Ba: Bo:,7892,United Fashion Trousers Ltd.,14-02-2023,5500/-,2478,,,tanvir@eastwestindpark.com,,,,,,100.0,confirmed
Ba: Bo:,7895,S M Knit wears Ltd.,11-01-2023,7000,4054,,,helal.skl@gmail.com,,,,,,82.05128205128204,confirmed
Ba: Bo:,7877,Joy Auto Garments Ltd.,11-02-2022,5000,5968,,,jahangir@joyauto-bd.com,,,,,,100.0,confirmed
Ba: Bo:,7897,Banex Apparels Ltd.,17-03-2022,2500,4248,,,rana@akrgroupbd.com,,,,,,97.2972972972973,confirmed
Ba: Bo:,7899,Bhuyan Textile Mills,20-03-2022,6500,6130,,,,,,,,,78.04878048780488,low
Ba: Bo:,7900,Evitex Apparels Ltd.,07-03-2023,2500,4237,,,evince@evincebd.com,,,,,,100.0,confirmed
Ba: Bo:,7898,Evince Garments Ltd.,10-03-2022,2500,45,,,evince@evincebd.com,,,,,,100.0,confirmed
Ba: Bo:,7901,Sraboni Knit Wear Ltd.,15-03-2022,2500,1610,,,,,,,,,85.71428571428572,confirmed
Ba: Bo:,7903,Mark Wear Ltd.,17-02-2021,2500,5861,,,ejaz@markdesignersltd.com,,,,,,100.0,confirmed
Ba: Bo:,7904,Squire Fashions Ltd.,22-02-2022,3500,3545,,,sanchia@squaregroup.com,,,,,,95.0,confirmed
Ba: Bo:,7902,Arunima Sports wear Ltd.,16-11-2022,2500,3894,,,farooq@arunima-group.net,,,,,,95.83333333333334,confirmed
Ba: Bo:,7912,Thermax Check Fabrics Ltd.,13-03-2022,6500,5960,,,info@autotexfl.com,,,,,,69.56521739130434,low
Ba: Bo:,7913,Thermax Check Fabrics Ltd.,13-03-2022,6500,5960,,,info@autotexfl.com,,,,,,69.56521739130434,low
Ba: Bo:,7914,Teen Age Modern Fashion Ltd.,20-03-2022,2500,4353,,,info@modemakersltd.com,,,,,,100.0,confirmed
Ba: Bo:,7915,Teen Age Modern Fashion Ltd.,27-03-2022,2500,4353,,,info@modemakersltd.com,,,,,,100.0,confirmed
Ba: Bo:,7918,Ahsan Composite Ltd.,06-04-2022,2500,6174,,,affanhtl@gmail.com,,,,,,90.0,confirmed
Ba: Bo:,7917,Pacific A-one Sweater Ltd.,28-03-2016,2500,5869,,,info.psl@pacific-bd.com,,,,,,92.0,confirmed
Ba: Bo:,7921,Evince Garments Ltd.,09-03-2022,2500,45,,,evince@evincebd.com,,,,,,100.0,confirmed
Ba: Bo:,7923,Apparel Wet Proccessing Ltd.,07-03-2023,6000,5917,,,litonsaha.palbd@gmail.com,,,,,,78.43137254901961,low
Ba: Bo:,7925,S-21 Apparels Ltd.,04-04-2022,2500,4109,,,a.rahman@s21apparels.com,,,,,,100.0,confirmed
Ba: Bo:,7928,Ssain Apparels Ltd.,10-10-2022,2500,6479,,,info@ssaingroup.com,,,,,,100.0,confirmed
Ba: Bo:,7930,Intramax Knitware Ltd.,12-03-2018,2500,4210,,,anayet@intramex-bd.com,,,,,,90.9090909090909,confirmed
Ba: Bo:,7931,Univoge Garments Co. Ltd.,19-03-2023,3500/-,424,,,ashvin@uglgroup.com,,,,,,98.0392156862745,confirmed
Ba: Bo:,7932,Univoge Garments Co. Ltd.,19-03-2023,5000/-,424,,,ashvin@uglgroup.com,,,,,,98.0392156862745,confirmed
Ba: Bo:,7933,M/S Naomi Sweaters Ltd.,09-04-2018,2500,3666,,,noamisl@aitlbd.net,,,,,,90.47619047619048,confirmed
Ba: Bo:,7934,Capri Apparels Ltd.,23-04-2017,2500,3056,,,annin.nayem@caprigroupbd.com,,,,,,100.0,confirmed
Ba: Bo:,7944,M.I.M Fashion Wear Ltd.,24-08-2022,2500,2782,,,masiur.khan@centrotexbd.com,,,,,,97.87234042553192,confirmed
Ba: Bo:,7946,TMS Fashions Ltd.,14-04-2022,2500,5128,,,shafiq@tmdbd.com,,,,,,96.96969696969697,confirmed
Ba: Bo:,7951,tunic apparels ltd,24-04-2022,2500,3208,,,mohit@odell.com.bd,,,,,,81.08108108108108,confirmed
Ba: Bo:,7954,Yara Knit Wear Ltd.,24-04-2021,2500,5820,,,safin.tara@yahoo.com,,,,,,100.0,confirmed
Ba: Bo:,7956,Taqwa Fabrics Ltd.,13-05-2022,6500,5088,,,arif@lantaburgroup.com,,,,,,100.0,confirmed
Ba: Bo:,7958,Libarty knitwear Ltd.,19-04-2023,2500,3303,,,info@fwlbd.com,,,,,,66.66666666666667,low
Ba: Bo:,7957,Liberty Knitwear Ltd.,19-04-2023,7000,3292,,,sharif.hasan0721@mfgbd.net,,,,,,100.0,confirmed
Ba: Bo:,7959,GoodTouch Fashion Ltd.,18-04-2022,2500,6449,,,admin@loopdotfashion.com,,,,,,80.95238095238095,confirmed
Ba: Bo:,7960,West Line Fashion (Pvt.) Ltd.,21-04-2019,2500,5386,,,aslamanan@gmail.com,,,,,,82.75862068965517,confirmed
Ba: Bo:,7961,Afiya Knitwear Ltd.,11-02-2020,2500,7162,,,nasim@afiyaknitwear.com,,,,,,100.0,confirmed
Ba: Bo:,7962,Farista Apparels Ltd.,19-04-2016,2500,836,,,,,,,,,90.0,confirmed
Ba: Bo:,7964,Capella Knit Ltd.,20-05-2020,2500,3530,,,adofia@citecho.net,,,,,,73.33333333333334,low
Ba: Bo:,7965,ACI Apparel Ltd,12-04-2023,2500,6077,,,jalil@ab-group.co,,,,,,83.87096774193549,confirmed
Ba: Bo:,7971,Safa Sweaters Ltd.,11-04-2022,2500,4414,,,info@palmalgarments.com,,,,,,97.2972972972973,confirmed
Ba: Bo:,7975,Classic Fashion Concept Ltd.,17-02-2020,2500,3324,,,azim@classicbd.com,,,,,,100.0,confirmed
Ba: Bo:,7974,Chittagong Knitwears (Pvt.) Ltd.,25-04-2016,9000,2272,,,rickylee@ckl1996.com,,,,,,100.0,confirmed
Ba: Bo:,7979,Grameen Fabrics & Fashion Ltd.,03-05-2016,2500,5448,,,anwar@grameenfashion.com,,,,,,83.33333333333334,confirmed
Ba: Bo:,7978,Jaheen Knitwears Ltd.,27-05-2018,2500,2938,,,ashraf@grameentelecom.net.bd,,,,,,85.71428571428572,confirmed
Ba: Bo:,7981,Merina Apparels Ltd.,09-05-2022,2500,3601,,,palmalexport@palmalgarments.com,,,,,,95.0,confirmed
Ba: Bo:,7982,Jaima Knitwear Ltd.,26-05-2020,2500,6065,,,,,,,,,100.0,confirmed
Ba: Bo:,7983,Comfort Apparels (Pvt.) Ltd.,15-05-2022,2500,1790,,,info@comfortgroup-bd.com,,,,,,100.0,confirmed
Ba: Bo:,7988,A Z Apparels Ltd.,08-12-2022,2500,6077,,,jalil@ab-group.co,,,,,,90.9090909090909,confirmed
Ba: Bo:,7989,Fountain Garments Manufacturing Ltd.,19-05-2022,6000,2643,,,alamgir@rababgroup.com,,,,,,100.0,confirmed
Ba: Bo:,7990,Wega Fashion Sweater (Pvt.) Ltd.,02-05-2019,2500,2176,,,wega@citechco.net,,,,,,100.0,confirmed
Ba: Bo:,7991,Fashionit Company Ltd.,04-05-2022,6500,2802,,,cronyss@bdmail.net,,,,,,82.92682926829268,confirmed
Ba: Bo:,7992,Ananta Casual Wear Ltd,21-05-2022,6500,4909,,,info@ananta-bd.com,,,,,,97.77777777777777,confirmed
Ba: Bo:,7994,Apparel-21 Ltd.,26-05-2022,3500,4558,,,info@lithegroup.com,,,,,,100.0,confirmed
Ba: Bo:,7993,Arrival Fashion Ltd.,18-05-2022,2500,2816,,,shafiq@arrivalfashion.com,,,,,,100.0,confirmed
Ba: Bo:,7995,Eve Dress-Shirts Ltd.,15-05-2022,2500,4173,,,abrar@evegroupbd.com,,,,,,100.0,confirmed
Ba: Bo:,7996,AKH Eco Apparels Ltd.,17-05-2022,2500,5848,,,,,,,,,100.0,confirmed
Ba: Bo:,7998,Apparel Industries Ltd.,01-05-2022,2500,3403,,,,,,,,,90.9090909090909,confirmed
Ba: Bo:,8002,Panwin Fashions Ltd.,13-05-2021,2500,2932,,,sarwar@panwin.org,,,,,,100.0,confirmed
Ba: Bo:,8001,Karooni Knit Composite Ltd. (Unit-2),08-06-2022,7000,5165,,,mesbahrk@karooni.com,,,,,,85.71428571428572,confirmed
Ba: Bo:,8003,Jointex Knit Wears Ltd.,16-05-2020,2500,5788,,,Favouriteknitwear@gmail.com,,,,,,83.33333333333334,confirmed
Ba: Bo:,8006,Tex Apparels Export Ltd.,07-05-2017,2500,3421,,,faruk@shaningroup.net,,,,,,89.79591836734694,confirmed
Ba: Bo:,8009,Dynasty Sweater (BD) Ltd.,06-06-2022,3500,3908,,,info@dynastygroupbd.com,,,,,,100.0,confirmed
Ba: Bo:,8008,Trouser Line Ltd.,16-05-2022,2500,4957,,,ranalaila@trouserlineltd.com,,,,,,100.0,confirmed
Ba: Bo:,8011,Kappa Fashion Wear Ltd.,09-05-2022,2500,6565,,,ahmed@kappafashion.com,,,,,,100.0,confirmed
Ba: Bo:,8012,Simba Fashions Ltd.,21-05-2022,2500,5267,,,navneet@simbafashion.com,,,,,,100.0,confirmed
Ba: Bo:,8015,One Spinning Mills Ltd.,06-05-2022,2500,3772,,,quddus@dragon-sweater.net,,,,,,84.44444444444444,confirmed
Ba: Bo:,8017,Pan Mark Apparels (PVT) Ltd.,04-10-2022,"=2,500/-",1702,,,panmarkhr@asianapparels.com,,,,,,78.57142857142857,low
Ba: Bo:,8027,Cristal Martin Apparels Bangladesh Ltd.,25-05-2022,6000,4651,,,foiz.ahammed@bd.crystal-martin.com,,,,,,96.1038961038961,confirmed
Ba: Bo:,8029,KM Nobely Garments Ltd.,21-06-2022,3500,3228,,,shafiq@tmdbd.com,,,,,,95.83333333333334,confirmed
Ba: Bo:,8028,K M Nobeli Garments Ltd.,19-12-2022,2500,3228,,,shafiq@tmdbd.com,,,,,,85.71428571428572,confirmed
Ba: Bo:,8030,Stofatex Fashions Ltd.,16-06-2019,2500,4694,,,nimeryc@gmail.com,,,,,,91.30434782608697,confirmed
Ba: Bo:,8032,Zarba Textile Mills Ltd.,20-09-2022,7500,3763,,,garment@kdsgroup.net,,,,,,78.26086956521739,low
Ba: Bo:,8031,Noman Knit Composite Mills Ltd.,05-10-2020,7500,5947,,,,,,,,,84.7457627118644,confirmed
Ba: Bo:,8034,Al-Modina Garments Washing House,04-05-2022,3500,6472,,,amanul.hossain@hams.com.bd,,,,,,62.5,low
Ba: Bo:,8035,Genetic Fashions Ltd.,08-03-2022,2500,1369,,,tarique_ahmed@mj-group.com,,,,,,87.8048780487805,confirmed
Ba: Bo:,8037,Snotex Outwear Ltd.,08-06-2019,2500,5756,,,st01@snowtex.org,,,,,,92.6829268292683,confirmed
Ba: Bo:,8042,M B Knit Fashion Ltd.,25-06-2020,2500,3862,,,babuiknit@abnetbd.com,,,,,,84.44444444444444,confirmed
Ba: Bo:,8044,Kwun Tung Apparels Ltd.,24-01-2021,2500,4216,,,cfo.kt@kwuntongapparels.com,,,,,,95.65217391304348,confirmed
Ba: Bo:,8045,Modinapal Fashions Craft Ltd.,25-06-2022,4500,3882,,,info@rosesweater.com,,,,,,93.10344827586206,confirmed
Ba: Bo:,8048,Akij Printing & Packeging Ltd.,28-06-2021,2500,6904,,,jibon@asiasourcing.com,,,,,,60.71428571428572,low
Ba: Bo:,8050,Mamun Knitware Ltd.,11-06-2022,3500,5644,,,,,,,,,94.73684210526316,confirmed
Ba: Bo:,8051,Aman Textile Ltd.,12-07-2022,7000,5035,,,mahabub@mimgroupbd.com,,,,,,88.88888888888889,confirmed
Ba: Bo:,8061,Soorty Textile Ltd,12-06-2022,4500/-,5979,,,shahid@soorty.com,,,,,,83.72093023255813,confirmed
Ba: Bo:,8067,Delux Apparels Ltd.,16-09-2022,2500,1149,,,,,,,,,97.43589743589743,confirmed
Ba: Bo:,8066,Jipiter Readymade Garments Ltd.,08-05-2019,2500,24,,,r.a.khan@shaarat-jupiter.com,,,,,,96.7741935483871,confirmed
Ba: Bo:,8065,Dreamwears Ltd.,02-05-2022,2500,1043,,,dreamwears@gmail.com,,,,,,84.84848484848484,confirmed
Ba: Bo:,8068,Kimbali Apparels Ltd.,10-06-2017,2500,1656,,,kimberley@global-bd.net,,,,,,86.36363636363636,confirmed
Ba: Bo:,8070,Mashriquee Textiles Ltd.,19-06-2022,5500,5147,,,mtlhasan@gmail.com,,,,,,97.87234042553192,confirmed
Ba: Bo:,8071,Apparels Village Ltd.,09-06-2022,6000,3583,,,m-rahman@faiyaz-group.com,,,,,,100.0,confirmed
Ba: Bo:,8072,Wash & Wear Ltd.,14-06-2022,5500,1564,,,mosharraf_h@standard-group.com,,,,,,75.86206896551724,low
Ba: Bo:,8103,Leeu Fashion Ltd.,11-06-2021,4500,5986,,,leeufashionltd@gmail.com,,,,,,100.0,confirmed
Ba: Bo:,8102,Woo Ree Apparels Ltd,15-06-2022,2500,5310,,,mamun@wooreeapparelsltd.com,,,,,,97.5609756097561,confirmed
Ba: Bo:,8104,Cambridge Garments Ltd.,24-06-2016,2500,477,,,cambridgegarments@yahoo.com,,,,,,100.0,confirmed
Ba: Bo:,8105,Dressmen Apparels Ltd.,22-08-2022,2500,2795,,,fahim@dressmen-bd.com,,,,,,100.0,confirmed
Ba: Bo:,8106,Probiddthi Apparels Ltd.,25-08-2021,4500,5948,,,info@probridhiapparels.com,,,,,,93.61702127659575,confirmed
Ba: Bo:,8107,Probiddhi Apparels Ltd.,24-08-2022,3500,5948,,,info@probridhiapparels.com,,,,,,95.65217391304348,confirmed
Ba: Bo:,8109,Nafa Apparels Ltd.,17-07-2020,2500,3962,,,palmalexport@palmalgarments.com,,,,,,100.0,confirmed
Ba: Bo:,8108,Salek Textile Ltd.,11-07-2021,2500,5747,,,allabj@dhaka.net,,,,,,100.0,confirmed
Ba: Bo:,8110,Meditex Knitware Ltd.,01-07-2016,2500,5155,,,zakir@meditexbd.com,,,,,,95.23809523809523,confirmed
Ba: Bo:,8112,GMS Composite Kniting Industries Ltd.,13-06-2022,7000,3425,,,eti@gmsbd.com,,,,,,86.95652173913044,confirmed
Ba: Bo:,8113,GMS Composite Kniting Industries Ltd.,11-07-2022,7000,3425,,,eti@gmsbd.com,,,,,,86.95652173913044,confirmed
Ba: Bo:,8114,A K H  Eco Apparels Ltd.,25-07-2022,2500,5848,,,,,,,,,86.36363636363636,confirmed
Ba: Bo:,8117,Harrods Knit Wear Ltd.,03-09-2022,2500,5930,,,zubair@harrodsknitwear.com,,,,,,97.67441860465115,confirmed
Ba: Bo:,8118,Starling Laundry Ltd.,13-07-2022,6500,3206,,,fazlul@sterlingbd.com,,,,,,69.76744186046511,low
Ba: Bo:,8125,Rahman Sportswear,21-06-2021,2500,5965,,,rsw@dhaka.net,,,,,,91.42857142857143,confirmed
Ba: Bo:,8124,S B Knit composite,23-09-2022,7000,,,,,,,,,,0,none
Ba: Bo:,8128,Jarba Textile Mills Ltd.,14-07-2022,7000,6690,,,fairtextilemills@yahoo.com,,,,,,89.36170212765957,confirmed
Ba: Bo:,8129,Nasa Taipe Textile Mills Ltd.,16-07-2022,6500,2329,,,tamalh@bdmail.net,,,,,,77.77777777777779,low
Ba: Bo:,8135,Best Wool Sweaters Ltd.,19-07-2022,5500,3826,,,akabir@bestwoolbd.net,,,,,,100.0,confirmed
Ba: Bo:,8136,Mascot Knits Ltd.,11-06-2022,5000,4184,,,khaiyam@mascotgroup.com,,,,,,100.0,confirmed
Ba: Bo:,8138,Cidatex Apparels Ltd.,25-07-2016,2500,5105,,,cidatex.apparel@gmail.com,,,,,,97.5609756097561,confirmed
Ba: Bo:,8140,Sirajganj Fashions Ltd.,16-07-2022,2500,5289,,,lutfor.sfashion@gmail.com,,,,,,95.65217391304348,confirmed
Ba: Bo:,8141,Plami Fashion Ltd,07-07-2022,6500,5778,,,ishamohammad63@gmail.com,,,,,,85.71428571428572,confirmed
Ba: Bo:,8142,Fakir Apparels Ltd.,14-06-2022,7000,3340,,,rana@fakirapparels.com,,,,,,100.0,confirmed
Ba: Bo:,8144,Quality Apparels,30-07-2017,2500,1096,,,akhter@qualityapparels.com,,,,,,100.0,confirmed
Ba: Bo:,8143,Monowara Apparels Limited,25-07-2018,2500,4972,,,nazmulhaque@monowaragroup.com,,,,,,89.36170212765957,confirmed
Ba: Bo:,8145,Meek Knit Limited,05-02-2022,2500,4695,,,meekknitltd@yahoo.com,,,,,,83.87096774193549,confirmed
Ba: Bo:,8146,Usun Knit Composite Ltd.,06-08-2020,7000,4625,,,vision@vision-bd.com,,,,,,88.0,confirmed
Ba: Bo:,8147,Thats It Knit Ltd.,15-08-2022,4500,3593,,,azad@hameemgroup.com,,,,,,97.2972972972973,confirmed
Ba: Bo:,8149,A S R Sweater Ltd.,17-08-2021,2500,4660,,,ms.sweaterltd@gmail.com,,,,,,88.88888888888889,confirmed
Ba: Bo:,8158,Sirina Garments and textiles Ltd.,12-08-2018,"=2,500/-",3835,,,info@sunman.net,,,,,,87.5,confirmed
Ba: Bo:,8160,New Town Knitwear Company Ltd.,13-08-2022,7000,5724,,,khasandkl@gmail.com,,,,,,69.38775510204081,low
Ba: Bo:,8165,Ayman Textile & Hosiery Ltd.,15-08-2022,6500,2009,,,athl@citechco.net,,,,,,100.0,confirmed
Ba: Bo:,8167,Royal Dyeing & Printing Ltd.,21-08-2022,5000,1910,,,nrgroup@global-bd.net,,,,,,72.72727272727273,low
Ba: Bo:,8169,Russel Apparels,01-08-2021,2500,5390,,,aumollah@osmangroupbd.com,,,,,,100.0,confirmed
Ba: Bo:,8168,Taikan Fashion Limited,08-08-2017,2500,7150,,,tasmiafashion007@gmail.com,,,,,,90.9090909090909,confirmed
Ba: Bo:,8176,Russel Garments,02-08-2021,2500,421,,,aumollah@osmangroupbd.com,,,,,,100.0,confirmed
Ba: Bo:,8178,Epic Garments Manufacturing Co. Ltd.,17-08-2021,2500,7025,,,cosecretary@epicbd.com,,,,,,88.88888888888889,confirmed
Ba: Bo:,8179,Zakaria Apparels Ltd.,19-10-2022,2500,5938,,,,,,,,,100.0,confirmed
Ba: Bo:,8181,Hannan Knitwares Ltd.,14-07-2022,4500,4518,,,shams@fabcybd.com,,,,,,95.23809523809523,confirmed
Ba: Bo:,8183,Seilar Moon Sweater Ltd.,01-08-2022,2500,5410,,,,,,,,,91.66666666666666,confirmed
Ba: Bo:,8182,Seilar Moon Sweater Ltd.,01-08-2022,2500,5410,,,,,,,,,91.66666666666666,confirmed
Ba: Bo:,8186,Silver Apparels Ltd.,22-08-2022,2500,5867,,,info@silvergroupbd.com,,,,,,100.0,confirmed
Ba: Bo:,8199,KC.Apparels Ltd,27-09-2022,6500,5263,,,info@akhfashions.com,,,,,,81.25,confirmed
Ba: Bo:,8201,AN-A Textile Ltd,21-09-2022,4500/-,4552,,,mumon2001@yahoo.com,,,,,,78.78787878787878,low
Ba: Bo:,8207,Sufi Apparels Ltd.,20-04-2023,2500/-,5348,,,taher_sufi1@yahoo.com,,,,,,100.0,confirmed
Ba: Bo:,8209,Jamuna Fashion Wares Ltd.,10-09-2021,2500,869,,,shamsuddinahmed@shamsgroup.com.bd,,,,,,96.0,confirmed
Ba: Bo:,8211,Ideal Textile Mills Ltd.,30-09-2020,5500,6690,,,fairtextilemills@yahoo.com,,,,,,85.1063829787234,confirmed
Ba: Bo:,8210,Lavender Garments Ltd,28-08-2022,2500,4325,,,iqbal.lavender@yem-bd.com,,,,,,95.23809523809523,confirmed
Ba: Bo:,8212,Ideal Textile Mills Ltd.,30-09-2020,5000,6690,,,fairtextilemills@yahoo.com,,,,,,85.1063829787234,confirmed
Ba: Bo:,8213,Apon Textile Limited,24-05-2021,6000,6564,,,hakim@aflbd.net,,,,,,80.95238095238095,confirmed
Ba: Bo:,8214,Nafa Apparels Ltd.,28-09-2022,2500,3962,,,palmalexport@palmalgarments.com,,,,,,100.0,confirmed
Ba: Bo:,8215,"Z, N Composite Ltd.",21-09-2018,2500,5407,,,karim@edgeconbd.com,,,,,,84.21052631578947,confirmed
Ba: Bo:,8216,"Z, N Composite Ltd.",07-09-2015,2500,5407,,,karim@edgeconbd.com,,,,,,84.21052631578947,confirmed
Ba: Bo:,8220,Nar Sweaters Ltd.,17-09-2018,2500,6593,,,apurba@zaraqsourcing.com,,,,,,91.42857142857143,confirmed
Ba: Bo:,8222,R G R Sweater Ltd.,03-10-2022,4500,2488,,,rakib@assurancemonigroup.com,,,,,,88.23529411764706,confirmed
Ba: Bo:,8235,Textrim Fashion Ltd.,03-09-2022,2500,2798,,,textile2@speedbd.com,,,,,,90.0,confirmed
Ba: Bo:,8236,A S S Knitware Ltd.,12-09-2022,2500,2096,,,info@nz-bd.com,,,,,,80.0,confirmed
Ba: Bo:,8237,Trikot Fashion Ltd.,21-09-2022,2500,5434,,,tricotbd@gmail.com,,,,,,94.73684210526316,confirmed
Ba: Bo:,8242,Rahmat Sweaters (BD) Ltd.,27-09-2022,2500,3819,,,hamza@logosbd.net,,,,,,100.0,confirmed
Ba: Bo:,8241,Kaijer Knitwares Ld.,24-09-2020,3500,4213,,,jakir@kaizerknitwear.com,,,,,,87.8048780487805,confirmed
Ba: Bo:,8243,Titas Sweater Industries Ltd.,27-09-2022,2500,2841,,,shahin@youngonectg.com,,,,,,88.52459016393442,confirmed
Ba: Bo:,8246,Smile Apparels Limited,26-09-2022,2500,4496,,,rokon@smileapparels.com,,,,,,87.8048780487805,confirmed
Ba: Bo:,8247,Work Field Knit Wares,13-09-2022,2500,5496,,,shoeb@workfieldgroup.com.bd,,,,,,95.23809523809523,confirmed
Ba: Bo:,8249,Mojumdar Garments Ltd.,12-08-2022,2500,155,,,sajjad@majumder.org,,,,,,90.9090909090909,confirmed
Ba: Bo:,8250,Majumder Garments,16-08-2021,2500,155,,,sajjad@majumder.org,,,,,,87.17948717948718,confirmed
Ba: Bo:,8252,M H C Wears (Pvt)Ltd.,01-09-2022,6500,2771,,,info@miragegroupbd.com,,,,,,77.27272727272727,low
Ba: Bo:,8251,M I M Dresses Ltd.,14-10-2022,2500,2799,,,faruk@shaningroup.net,,,,,,88.88888888888889,confirmed
Ba: Bo:,8253,Apparels 21 Ltd.,19-09-2022,6500,6321,,,alitrade11@gmail.com,,,,,,87.5,confirmed
Ba: Bo:,8260,Mega Washing & Dyeing Ltd.,23-10-2022,4500,6833,,,info@mosharafgroup.com,,,,,,67.6056338028169,low
Ba: Bo:,8261,Taratex Fashion Ltd.,26-10-2022,2500,5665,,,mazumder.hossain@taratexbd.com,,,,,,100.0,confirmed
Ba: Bo:,8263,Romo Fashion Today Ltd.,26-10-2022,2500,5247,,,ceo@romofashion.com,,,,,,100.0,confirmed
Ba: Bo:,8265,Zakaria Apparels Ltd.,18-10-2022,2500,5938,,,,,,,,,100.0,confirmed
Ba: Bo:,8269,Bhuiyan Fabrics Ltd.,12-12-2018,6500,4670,,,zaman@divinetextile.com,,,,,,76.92307692307692,low
Ba: Bo:,8272,Devine Fabrics Ltd.,15-10-2022,6500,4670,,,zaman@divinetextile.com,,,,,,94.73684210526316,confirmed
Ba: Bo:,8274,Renesa Apparels Ltd.,14-10-2022,2500,935,,,mensal@bttb.net,,,,,,87.17948717948718,confirmed
Ba: Bo:,8276,T J Sweaters Ltd.,07-10-2022,2500,3859,,,jp@colbd.com,,,,,,90.9090909090909,confirmed
Ba: Bo:,8277,Jara Sara Knit Industries Ltd.,26-10-2021,2500,4007,,,sarkar@norpknit.com,,,,,,80.0,confirmed
Ba: Bo:,8278,Papilan Knit Apparels Pvt. Ltd.,30-10-2019,2500,6544,,,alain@milanty-apparels.com,,,,,,73.07692307692308,low
Ba: Bo:,8279,Osman Garments Ltd.,24-10-2022,6500,294,,,hasibapp@yahoo.com,,,,,,89.47368421052632,confirmed
Ba: Bo:,8281,Daimond Sweater Industries Ltd.,18-10-2020,2500,3382,,,nazrul@diamondssweater.com,,,,,,96.7741935483871,confirmed
Ba: Bo:,8283,M Noor Sweaters Limited,14-11-2018,2500,1694,,,mazidtalukdar@yahoo.com,,,,,,80.0,confirmed
Ba: Bo:,8282,Root Apparels Ltd.,16-09-2021,2500,4459,,,tutulstml@agni.com,,,,,,100.0,confirmed
Ba: Bo:,8280,Akij Textile Mills Ltd.,05-10-2022,7500,2154,,,arefin@arefingroupbd.com,,,,,,87.5,confirmed
Ba: Bo:,8284,Dazling Textile Ind. Ltd.,19-11-2021,6000,2122,,,azizul@jerkin-group.com,,,,,,77.27272727272727,low
Ba: Bo:,8286,Bea-Con Knitware Ltd. (Factory-2),29-11-2022,2500,3294,,,dkl@epylliongroup.com,,,,,,67.74193548387098,low
Ba: Bo:,8285,Be-con Knitwear Ltd. (Factory-2),09-11-2020,3500,3294,,,dkl@epylliongroup.com,,,,,,72.1311475409836,low
Ba: Bo:,8288,Echoknits  Ltd.,13-11-2022,2500,1582,,,quasem@echosourcing.com,,,,,,100.0,confirmed
Ba: Bo:,8289,M P L Wear Ltd.,04-10-2022,2500,4147,,,arif@mascoknit.com,,,,,,85.71428571428572,confirmed
Ba: Bo:,8293,K  A C Fashion Ware Ltd.,14-11-2022,6500,6692,,,zaman@anrfashion.com,,,,,,81.81818181818181,confirmed
Ba: Bo:,8294,Ferdous Custom Med Tailors Fabrics Fashions,13-11-2022,2500,6970,,,raihan@silknurur.com,,,,,,60.0,low
Ba: Bo:,8295,Axis Knitwares Ltd.,16-11-2019,2500,6643,,,kamrool@axisknit.com,,,,,,94.73684210526316,confirmed
Ba: Bo:,8297,Virtual Knitware Ltd.,16-11-2018,2500,4308,,,info@dsl-bd.com,,,,,,95.23809523809523,confirmed
Ba: Bo:,8300,Kenpark Bangladesh Apparel (Pvt) Ltd.,09-11-2022,6500/-,4572,,,info@kenpark-bangladesh.com,,,,,,100.0,confirmed
Ba: Bo:,8304,Plamee Fashion Ltd.,21-11-2022,3500,6960,,,masud@fashionstepbd.net,,,,,,86.48648648648648,confirmed
Ba: Bo:,8308,Green Textile Ltd.,13-12-2022,5000,5706,,,tanvir696@hotmail.com,,,,,,100.0,confirmed
Ba: Bo:,8314,Three A Fashion Limited,25-11-2022,2500,6901,,,tirnoi4u@gmail.com,,,,,,80.0,confirmed
Ba: Bo:,8325,A C S Textile (BD) Ltd,07-11-2022,7000,6080,,,info@cnagroupbd.com,,,,,,78.04878048780488,low
Ba: Bo:,8333,Rafman Dyeing Ltd.,07-06-2022,6000,4121,,,rakib@team.com.bd,,,,,,75.67567567567568,low
Ba: Bo:,8335,Columbia Washing Plant Ltd.,19-12-2022,5500,7012,,,mizanmahid7@gmail.com,,,,,,69.56521739130434,low
Ba: Bo:,8340,A Plus Sweater Ltd.,16-12-2022,2500,5744,,,hasib1@aplusbd.com,,,,,,100.0,confirmed
Ba: Bo:,8341,K L Design Apparels Ltd.,28-09-2022,2500,6075,,,,,,,,,95.65217391304348,confirmed
Ba: Bo:,8343,Blue Planet Sweater Ltd.,20-12-2022,7000,3475,,,pantex@bttb.net.bd,,,,,,77.27272727272727,low
Ba: Bo:,8345,S Six Fashions (Pvt.) Ltd.,10-12-2021,2500,3514,,,ssixbd@dhaka.net,,,,,,94.11764705882352,confirmed
Ba: Bo:,8347,Hayasinth Fabrics Mills Ltd.,25-12-2022,4500,7205,,,khayer@hyachinthgroup.net,,,,,,94.54545454545455,confirmed
Ba: Bo:,8349,S T L Fashion (Pvt.) Ltd.,02-12-2020,2500,1818,,,raymondgroupbd@gmail.com,,,,,,85.71428571428572,confirmed
Ba: Bo:,8348,A.K.H Eco Apparels Ltd.,12-12-2022,2500,5848,,,,,,,,,95.45454545454545,confirmed
Ba: Bo:,8353,Rnsco Sweaters Ltd.,28-12-2022,"=2,500/-",3769,,,alam@rnscosweater.com,,,,,,100.0,confirmed
Ba: Bo:,8354,Dignity Textile Mills Ltd.,09-12-2018,3500,3675,,,k2ahsan@yahoo.com,,,,,,100.0,confirmed
Ba: Bo:,8355,Four Knitware Ltd.,24-11-2021,2500,4512,,,rabiul@adorngroup.com,,,,,,81.08108108108108,confirmed
Ba: Bo:,8357,Textrim Fashions Ltd.,15-12-2021,2500,2798,,,textile2@speedbd.com,,,,,,92.6829268292683,confirmed
Ba: Bo:,8358,The Civil Engineers Ltd.( Woven Unite).,29-10-2022,2500,5730,,,atiqur_r@standard-group.com,,,,,,85.29411764705883,confirmed
Ba: Bo:,8359,Agami Washing Ltd.,16-12-2021,5500,4220,,,fifltd@citechco.net,,,,,,85.71428571428572,confirmed
Ba: Bo:,8360,Columbia Apparels Ltd.,14-12-2022,2500,3465,,,salahuddin_ahmed@mj-group.com,,,,,,100.0,confirmed
Ba: Bo:,8361,Aver Bright Sweater Ltd.,26-12-2016,3500,4056,,,sheehab@everbright-group.net,,,,,,89.36170212765957,confirmed
Ba: Bo:,8362,Excom Fashions Ltd,16-01-2023,2500,4394,,,design.excom@gmail.com,,,,,,97.2972972972973,confirmed
Ba: Bo:,8372,R G R Sweater Ltd.,15-01-2020,2500,2488,,,rakib@assurancemonigroup.com,,,,,,88.23529411764706,confirmed
Ba: Bo:,8373,knit sity Ltd.,06-01-2022,2500,4872,,,quasem@echosourcing.com,,,,,,64.51612903225806,low
Ba: Bo:,8381,P A Knit Composit Ltd,30-01-2022,7500,5103,,,spknit@dandylink.com,,,,,,86.36363636363636,confirmed
Ba: Bo:,8382,P A Knit Composit Ltd,30-01-2022,7500,5103,,,spknit@dandylink.com,,,,,,86.36363636363636,confirmed
Ba: Bo:,8383,Square Fashions Ltd,23-05-2022,6500,3545,,,sanchia@squaregroup.com,,,,,,97.43589743589743,confirmed
Ba: Bo:,8385,Disney Sweater Ltd.,09-12-2021,2500,6059,,,disneysweater@gmail.com,,,,,,100.0,confirmed
Ba: Bo:,8386,Tarasima Apparels Ltd.,24-12-2022,3500,4306,,,bgmea@misami.com,,,,,,100.0,confirmed
Ba: Bo:,8388,Ayman Textile & Hosiery Ltd.,01-01-2019,6500,2009,,,athl@citechco.net,,,,,,100.0,confirmed
Ba: Bo:,8389,Barnali Textile & Printing Ind: (P:) Ltd.,10-01-2022,6500,3806,,,info@harunbd.com,,,,,,61.9718309859155,low
Ba: Bo:,8392,R G R Sweater Ltd.,15-01-2020,2500,2488,,,rakib@assurancemonigroup.com,,,,,,88.23529411764706,confirmed
Ba: Bo:,8393,Norp Knit Industries Ltd. (Unit-2),05-01-2022,2500,6046,,,sarkar@norpknit.com,,,,,,100.0,confirmed
Ba: Bo:,8395,Blucap Knit Fashion Ltd.,09-01-2017,2500,5265,,,bkap_knitfashion@yahoo.com,,,,,,92.0,confirmed
Ba: Bo:,8394,Fashion Support Ltd.,11-01-2021,4500,5754,,,info@shahdowlla-fashions.com,,,,,,97.5609756097561,confirmed
Ba: Bo:,8396,Pakija Dying & Printing Ind. (P.) Ltd.,23-01-2023,6000,1910,,,nrgroup@global-bd.net,,,,,,68.42105263157895,low
Ba: Bo:,8401,Starlet Apparels Ltd.,17-01-2017,2500,4659,,,md@starletbd.com,,,,,,100.0,confirmed
Ba: Bo:,8404,The Cloth & Fashion Ltd.,26-01-2023,2500,3943,,,cfl@dhi-bd.com,,,,,,100.0,confirmed
Ba: Bo:,8406,Grameen Fabrics & Fshions Limited,16-01-2023,2500,5448,,,anwar@grameenfashion.com,,,,,,74.66666666666666,low
Ba: Bo:,8407,Uday Sweaters Ltd.,04-01-2021,2500,5685,,,,,,,,,86.48648648648648,confirmed
Ba: Bo:,8408,A C S Textile (BD) Ltd,24-01-2023,7000,6080,,,info@cnagroupbd.com,,,,,,78.04878048780488,low
Ba: Bo:,8409,Suprove Composite Knit Ltd.,14-01-2022,6000,5004,,,younus@anontexgroup.com,,,,,,98.11320754716981,confirmed
Ba: Bo:,8410,Suprove Composite Knit Ltd.,14-01-2022,7000,5004,,,younus@anontexgroup.com,,,,,,98.11320754716981,confirmed
Ba: Bo:,8411,Suprove Composite Knit Ltd.,07-01-2022,1500,5004,,,younus@anontexgroup.com,,,,,,98.11320754716981,confirmed
Ba: Bo:,8413,Suprov Composite Knit Ltd.,14-01-2022,6500,5004,,,younus@anontexgroup.com,,,,,,100.0,confirmed
Ba: Bo:,8412,Suprove Composite Knit Ltd.,14-01-2022,6500,5004,,,younus@anontexgroup.com,,,,,,98.11320754716981,confirmed
Ba: Bo:,8419,South End Sweater Co Ltd,25-09-2022,2500,3778,,,rakib@team.com.bd,,,,,,96.0,confirmed
Ba: Bo:,8421,Fakir Textile Mills,17-09-2022,4500,6690,,,fairtextilemills@yahoo.com,,,,,,85.71428571428572,confirmed
Ba: Bo:,8420,Brothers Fashion Limited,12-01-2023,2500,594,,,rakib@team.com.bd,,,,,,100.0,confirmed
Ba: Bo:,8424,Mitaly Fashions Limited,19-01-2023,2500,5428,,,royalbd1971@gmail.com,,,,,,84.44444444444444,confirmed
Ba: Bo:,8425,Avant Garments Ltd.,17-02-2022,2500,5729,,,zia@arbellafashion.com,,,,,,100.0,confirmed
Ba: Bo:,8427,Nitivo Fashion Ltd.,07-02-2022,3500,5176,,,fayz.salehin@vertexgroup.com.bd,,,,,,85.71428571428572,confirmed
Ba: Bo:,8433,JM Fabrics Ltd.,07-02-2023,7000,4380,,,a.chowdhury@newasiabd.com,,,,,,93.75,confirmed
Ba: Bo:,8439,Best Dress Ware Ltd.,16-02-2020,2500,5688,,,shimul@bestshirtsbd.net,,,,,,78.04878048780488,low
Ba: Bo:,8442,Cortz Apparels Ltd.,21-02-2023,3500,4490,,,palmalexport@palmalgarments.com,,,,,,100.0,confirmed
Ba: Bo:,8448,Oishi fashion (pvt) limited,21-02-2023,2500,1365,,,,,,,,,66.66666666666667,low
Ba: Bo:,8450,Stylish Garments Ltd.,26-02-2020,6500,6106,,,salauddinnsu@hotmail.com,,,,,,100.0,confirmed
Ba: Bo:,8449,Stylish Garments Ltd.,15-02-2018,2500,6106,,,salauddinnsu@hotmail.com,,,,,,100.0,confirmed
Ba: Bo:,8455,Indesore Sweater Ltd.,22-02-2023,3500,4707,,,milon@indesore.com,,,,,,100.0,confirmed
Ba: Bo:,8454,Pakija Dying & Printing Industries Ltd.,23-01-2023,7000,1910,,,nrgroup@global-bd.net,,,,,,70.12987012987013,low
Ba: Bo:,8456,Hams Washing & Dying Ltd.,24-02-2017,6000,6472,,,amanul.hossain@hams.com.bd,,,,,,66.66666666666667,low
Ba: Bo:,8459,J F K Fashion Ltd.,16-02-2023,3500,3236,,,anwar@ajintl.com,,,,,,85.71428571428572,confirmed
Ba: Bo:,8460,Nabil Textile Mills Ltd.,11-03-2022,3500,2329,,,tamalh@bdmail.net,,,,,,81.63265306122449,confirmed
Ba: Bo:,8464,Link Wear Ltd.,01-03-2017,"=2,500/-",1002,,,linkwear@ctgtel.net,,,,,,100.0,confirmed
Ba: Bo:,8468,Tanaj Fashion Ltd.,21-03-2022,3500,3991,,,mesbah_khan@windygroupbd.net,,,,,,91.89189189189189,confirmed
Ba: Bo:,8470,Ampire Dyeing Ltd.,07-03-2022,6500,3464,,,amity@amitydesign.net,,,,,,74.28571428571429,low
Ba: Bo:,8471,Safran Knitwares Ltd.,08-03-2017,2500,6708,,,rafinknitwearltd@gmail.com,,,,,,82.92682926829268,confirmed
Ba: Bo:,8475,Latest Garments Ltd.,05-03-2018,2500,762,,,maqsudur@piakash.com,,,,,,100.0,confirmed
Ba: Bo:,8477,Dipta Apparels Ltd.,12-04-2022,5000,6096,,,ndaulah@durdgroup.org,,,,,,100.0,confirmed
Ba: Bo:,8476,Dipta Apparels Ltd.,11-03-2022,4500,6096,,,ndaulah@durdgroup.org,,,,,,100.0,confirmed
Ba: Bo:,8478,Pakiza Dyeing & Printing Industries Ltd.,23-01-2023,7000,1910,,,nrgroup@global-bd.net,,,,,,71.7948717948718,low
Ba: Bo:,8479,Rupa Fabrics Ltd.,15-03-2023,6500,4593,,,shahid@rupagroup.net,,,,,,100.0,confirmed
Ba: Bo:,8480,Amir Shirts Ltd.,11-03-2022,"=2,500/-",5796,,,hasib1@aplusbd.com,,,,,,100.0,confirmed
Ba: Bo:,8481,Dird Composite Textiles Ltd.,22-03-2023,6500,4233,,,ndaulah@dirdgroup.org,,,,,,100.0,confirmed
Ba: Bo:,8482,Day Apparels Ltd.,22-03-2021,2500,2145,,,anwar@daygroupbd.com,,,,,,100.0,confirmed
Ba: Bo:,8484,Ranka denim textile millls ltd,25-01-2023,5500,5184,,,info@farihagroup.com,,,,,,66.66666666666667,low
Ba: Bo:,8485,Islam Knit Designes Ltd. (Unit-2),06-02-2023,3500,4472,,,,,,,,,82.14285714285714,confirmed
Ba: Bo:,8487,Web Textile Mills,19-03-2017,2500,5952,,,,,,,,,100.0,confirmed
Ba: Bo:,8489,Apparel Promoters Ltd,25-06-2022,"=6,500/-",3110,,,mujib@smartjeansctg.com,,,,,,97.67441860465115,confirmed
Ba: Bo:,8490,Parba Fashion Ltd.,26-03-2023,"2,500/-",6138,,,subhasis@parbafashion.net,,,,,,100.0,confirmed
Ba: Bo:,8491,Jerat Shirt Ltd.,04-03-2022,"=2,500/-",6137,,,info@jeratfashion.net,,,,,,100.0,confirmed
Ba: Bo:,8501,Torque Fashions Limited,20-03-2022,2500,4623,,,kamal@torquebd.com,,,,,,88.37209302325581,confirmed
Ba: Bo:,8503,Juma Fashions Ltd.,02-03-2018,2500,6312,,,s.jumerfashion@gmail.com,,,,,,88.88888888888889,confirmed
Ba: Bo:,8504,Zaman Calender & Finishing Mills,23-03-2021,3500,2624,,,apexmail@apex-tg.net,,,,,,65.67164179104478,low
Ba: Bo:,8505,Denimaf Washing Ltd.,07-03-2022,2500,4444,,,neptunebd@siriusbb.com,,,,,,78.94736842105263,low
Ba: Bo:,8512,Shamsher Apparels Ltd.,14-06-2022,2500,3022,,,benjir@shamshergroup.org,,,,,,100.0,confirmed
Ba: Bo:,8514,K.M Apparel Knit (Pvt) Ltd,07-05-2022,2500,4711,,,palmalexport@palmalgarments.com,,,,,,92.5925925925926,confirmed
Ba: Bo:,8516,Sim Fabrics Ltd.,26-04-2022,6000,5236,,,,,,,,,88.23529411764706,confirmed
Ba: Bo:,8519,Desinger Fashion Ltd.,09-04-2022,2500,6062,,,juddin@designerfashion.com.bd,,,,,,95.23809523809523,confirmed
Ba: Bo:,8521,Sinha Knit Industries Limited,11-04-2017,2500,5070,,,commercial@sinhafwl.com,,,,,,76.0,low
Ba: Bo:,8523,Oyega Apparels Ltd.,30-04-2019,2500,3523,,,ali@wegafashion.com,,,,,,91.89189189189189,confirmed
Ba: Bo:,8528,Load Star Fashions Ltd.,24-04-2020,4500,1143,,,hossain@goldstargroupbd.com,,,,,,91.30434782608697,confirmed
Ba: Bo:,8529,Elham Fashion Ltd.,17-04-2022,2500,6198,,,yasir.1234@hotmail.com,,,,,,100.0,confirmed
Ba: Bo:,8531,M & W Fashion Ltd.,10-04-2022,2500,5671,,,newlimit@global-bd.net,,,,,,100.0,confirmed
Ba: Bo:,8533,Paramount Textile Ltd.,25-04-2022,"7,000/-",6606,,,akif@sansgroupbd.com,,,,,,76.92307692307692,low
Ba: Bo:,8532,Rizvi Fashions Ltd.,10-04-2022,2500,5769,,,rizvistock@yahoo.com,,,,,,100.0,confirmed
Ba: Bo:,8541,ABM Fashions Ltd.,29-04-2020,3500,3016,,,aba@abagroupbd.com,,,,,,94.11764705882352,confirmed
Ba: Bo:,8540,ABM Fashions Ltd.,13-04-2022,3500,3016,,,aba@abagroupbd.com,,,,,,94.11764705882352,confirmed
Ba: Bo:,8545,Alif textile mills.,14-04-2022,3500/-,1907,,,,,,,,,70.27027027027026,low
Ba: Bo:,8551,Purbani Fashion Ltd.,19-04-2022,2500/-,5860,,,info@purbanigroup.com,,,,,,100.0,confirmed
Ba: Bo:,8553,Eastern Apparels Ltd.,26-02-2023,"=2,500/-",971,,,nasir.easterngroup@gmail.com,,,,,,100.0,confirmed
Ba: Bo:,8561,Ongosree Dyeing & Printing,17-05-2022,5000,5915,,,navyhosiery@gmail.com,,,,,,63.49206349206349,low
Ba: Bo:,8562,Oram Sweater Ltd.,28-05-2021,3500,5890,,,,,,,,,91.42857142857143,confirmed
Ba: Bo:,8563,Oram Sweater Ltd.,22-05-2022,2500,5890,,,,,,,,,91.42857142857143,confirmed
Ba: Bo:,8569,Ridisha Textile Limited,13-05-2022,3500,1041,,,rwd_int@yahoo.com,,,,,,77.27272727272727,low
Ba: Bo:,8570,Goldstar Garments Ltd.,19-04-2022,2500,1026,,,mominul4u@gmail.com,,,,,,100.0,confirmed
Ba: Bo:,8575,A S  R Sweater Ltd.,17-05-2021,7500,4660,,,ms.sweaterltd@gmail.com,,,,,,88.88888888888889,confirmed
Ba: Bo:,8577,Kaptex Sweater Ltd.,26-05-2022,2500,6116,,,kamol@basicshirts.net,,,,,,100.0,confirmed
Ba: Bo:,8576,Golden Times Sweater & Dyeing Ltd.,06-05-2018,2500,4204,,,md@asrgroupbd.com,,,,,,100.0,confirmed
Ba: Bo:,8579,M/S Valmont Fashions Ltd.,13-05-2022,2500,4488,,,aziz-vfl@valmontgroup-bd.com,,,,,,91.30434782608697,confirmed
Ba: Bo:,8578,Oasis Fashion  Ltd.(Unit-2),13-05-2022,2500,3438,,,kamal@oasisbd.net,,,,,,81.81818181818181,confirmed
Ba: Bo:,8581,Magpie Knitware Ltd.,24-05-2022,2500,6071,,,,,,,,,86.48648648648648,confirmed
Ba: Bo:,8582,Magpie Knitware Ltd.,24-05-2022,2500,6071,,,,,,,,,86.48648648648648,confirmed
Ba: Bo:,8584,Mahbub Spinning Ltd.,15-05-2017,6500,3772,,,quddus@dragon-sweater.net,,,,,,71.42857142857143,low
Ba: Bo:,8589,DIVINE GARMENTS LTD,23-05-2022,4500,,,,,,,,,,0,none
Ba: Bo:,8593,Meditex Knitware Ltd.,09-04-2023,3500,5155,,,zakir@meditexbd.com,,,,,,95.23809523809523,confirmed
Ba: Bo:,8594,NZ Fabrics Ltd.,08-05-2022,5500,4593,,,shahid@rupagroup.net,,,,,,81.25,confirmed
Ba: Bo:,8595,Shin Shin Apparels Ltd.,10-05-2022,2500,4336,,,info.dir@shinshingroup.com,,,,,,100.0,confirmed
Ba: Bo:,8598,Spicy Fashion Ltd.,11-05-2019,2500,1158,,,office@simcofashions.com,,,,,,86.48648648648648,confirmed
Ba: Bo:,8599,Texville Apparels Ltd.,25-05-2017,2500,6156,,,alim_sunny@yahoo.com,,,,,,97.67441860465115,confirmed
Ba: Bo:,8600,Ring Shine Textiles Ltd.,12-05-2022,7000,2396,,,pinery@spctnet.com,,,,,,74.4186046511628,low
Ba: Bo:,8601,Masihata Sweater Ltd.,26-02-2023,4500,3753,,,info@masihata.com,,,,,,97.67441860465115,confirmed
Ba: Bo:,8604,Taratex Fashion Limited,16-05-2022,2500,5665,,,mazumder.hossain@taratexbd.com,,,,,,88.37209302325581,confirmed
Ba: Bo:,8605,Hossen Fashion Ltd.,11-06-2019,2500,2742,,,sisters@bol-online.com,,,,,,92.3076923076923,confirmed
Ba: Bo:,8603,Versatile Textiles Limited,27-05-2019,2500,5627,,,kalam@versatilebd.net,,,,,,89.79591836734694,confirmed
Ba: Bo:,8607,Sonali Textile Mills,19-05-2022,4500,708,,,monotex@bdmail.net,,,,,,72.34042553191489,low
Ba: Bo:,8608,The Rose Dresses Ltd.,10-04-2022,2500,4241,,,atiq@islam-garments.com,,,,,,100.0,confirmed
Ba: Bo:,8610,Aliza Fashion Ltd.,08-04-2022,2500,5499,,,tanvir@eastwestindpark.com,,,,,,100.0,confirmed
Ba: Bo:,8611,snowtex outerwear ltd .,10-04-2022,3500,5756,,,st01@snowtex.org,,,,,,80.0,confirmed
Ba: Bo:,8619,Rifat Packaging & Printing Ltd.,13-06-2022,7000,,,,,,,,,,0,none
Ba: Bo:,8622,TSR Apparels Ltd.,08-05-2022,2500,5468,,,kuddin@tsrapparels.com,,,,,,100.0,confirmed
Ba: Bo:,8627,Riaz Export Apparels Ltd.,11-06-2022,2500,3421,,,faruk@shaningroup.net,,,,,,96.0,confirmed
Ba: Bo:,8630,Tricot Fashion Ltd.,17-06-2022,4500,5434,,,tricotbd@gmail.com,,,,,,100.0,confirmed
Ba: Bo:,8629,Oasis Fashion  Ltd.(Unit-2),27-05-2022,2500,3438,,,kamal@oasisbd.net,,,,,,81.81818181818181,confirmed
Ba: Bo:,8631,Sun Flower Textile Mills,19-06-2022,4500,2329,,,tamalh@bdmail.net,,,,,,69.38775510204081,low
Ba: Bo:,8636,Kenpark Bangladesh Apparel (Pvt) Ltd. Unit-2,24-05-2022,"=7,000/-",4572,,,info@kenpark-bangladesh.com,,,,,,91.35802469135803,confirmed
Ba: Bo:,8638,Susuka Knit Ltd.,21-06-2018,3000,4661,,,pimu@susukaknit.com,,,,,,100.0,confirmed
Ba: Bo:,8637,Sintex Finishing Mills Ltd.,14-07-2022,5000,2624,,,apexmail@apex-tg.net,,,,,,74.19354838709677,low
Ba: Bo:,8639,Platinum Apparel Manufacturing Co. Ltd.,03-06-2022,2500,6135,,,ttex@bangla.net.bd,,,,,,90.41095890410959,confirmed
Ba: Bo:,8640,Fashion Forum Limited,01-05-2022,2500,3045,,,info@idsbd.com,,,,,,87.17948717948718,confirmed
Ba: Bo:,8641,Fashion Forum Limited,01-05-2022,2500,3045,,,info@idsbd.com,,,,,,87.17948717948718,confirmed
Ba: Bo:,8643,Jas Apparels Ptv Ltd.,17-06-2022,2500,6791,,,jakirjabeltd@gmail.com,,,,,,82.05128205128204,confirmed
Ba: Bo:,8656,AJM Apparels Ltd.,11-10-2021,2500,6077,,,jalil@ab-group.co,,,,,,90.9090909090909,confirmed
Ba: Bo:,8657,Amex Kniting & Dyeing Industries Ltd.,29-06-2021,6000,4785,,,arb-knittdye@yahoo.com,,,,,,77.77777777777779,low
Ba: Bo:,8658,Patriat Eco Apparel Ltd.,24-07-2022,2500,6246,,,iqbal@patriotgroupbd.com,,,,,,95.83333333333334,confirmed
Ba: Bo:,8663,Rahim Textile Mills Ltd.,09-07-2022,6000,2329,,,tamalh@bdmail.net,,,,,,81.63265306122449,confirmed
Ba: Bo:,8665,Alema Textiles Ltd.,03-06-2022,6500,5035,,,mahabub@mimgroupbd.com,,,,,,100.0,confirmed
Ba: Bo:,8666,M S Dyeing Printing & Finishing Ltd.,18-06-2022,6500,5915,,,navyhosiery@gmail.com,,,,,,93.15068493150685,confirmed
Ba: Bo:,8667,Sister Denim Composite Ltd.,14-06-2022,7000,6676,,,haider_rasel@yahoo.com,,,,,,80.76923076923077,confirmed
Ba: Bo:,8668,Sister Denim Composite Ltd.,14-06-2022,6000,6676,,,haider_rasel@yahoo.com,,,,,,80.76923076923077,confirmed
Ba: Bo:,8672,ACS Textile (BD) Ltd.,07-06-2022,7000,6080,,,info@cnagroupbd.com,,,,,,80.0,confirmed
Ba: Bo:,8671,"M/S Dyeing, Printing & Finishing",22-06-2022,7000,5915,,,navyhosiery@gmail.com,,,,,,86.95652173913044,confirmed
Ba: Bo:,8681,Impress-Newtex Composite Textiles Ltd.,20-06-2022,7000,5424,,,nafis.doula@impress-newtex.com,,,,,,100.0,confirmed
Ba: Bo:,8684,Tameshna Dyeing Indus. Ltd.,15-06-2022,6500,2855,,,mkdil@citech-bd.com,,,,,,68.75,low
Ba: Bo:,8683,Maksons Spinning Mills Ltd.,20-06-2022,6500,3772,,,quddus@dragon-sweater.net,,,,,,77.55102040816327,low
Ba: Bo:,8682,Maksons Spinning Mills Limited,15-06-2022,7000,3772,,,quddus@dragon-sweater.net,,,,,,69.23076923076923,low
Ba: Bo:,8685,Multitek Apparels Ltd.,14-06-2022,2500,4137,,,alauddin@outfitapparels.com,,,,,,85.71428571428572,confirmed
Ba: Bo:,8688,Noor Knit (BD) Ltd.,27-06-2017,2500,5400,,,firoz@fmfashion.net,,,,,,74.28571428571429,low
Ba: Bo:,8689,Lazim Apparels Ltd.,25-10-2022,2500,4741,,,sayeed.salehin@kakado-bd.com,,,,,,100.0,confirmed
Ba: Bo:,8693,Fokir Fashion Ltd.,26-06-2022,7000,3045,,,info@idsbd.com,,,,,,88.88888888888889,confirmed
Ba: Bo:,8694,N K K Knitware Ltd.,09-06-2022,3500,4181,,,info@akhfashions.com,,,,,,77.77777777777779,low
Ba: Bo:,8706,Amazing Fashions Ltd.,18-07-2021,2500,4421,,,z.hoque@fareastbd.com,,,,,,100.0,confirmed
Ba: Bo:,8705,Ananta Apparels Ltd,17-06-2022,6500,6257,,,info@ananta-bd.com,,,,,,97.43589743589743,confirmed
Ba: Bo:,8707,Mahadi Fashion (Pvt.) Ltd.,14-07-2022,2500,5710,,,shapon322gmail.com,,,,,,98.0392156862745,confirmed
Ba: Bo:,8713,Consumer Knitex Limited,17-07-2022,5000,4565,,,,,,,,,88.37209302325581,confirmed
Ba: Bo:,8714,Consumer Knitex Limited,17-07-2022,4500,4565,,,,,,,,,88.37209302325581,confirmed
Ba: Bo:,8715,Sag Fashion Ltd.,25-10-2022,2500,4323,,,sayed@sagfashion.com,,,,,,100.0,confirmed
Ba: Bo:,8717,Apex Textile Printing Mills Ltd.,23-07-2020,7000,4143,,,gopesh@apexholdings.com,,,,,,100.0,confirmed
Ba: Bo:,8718,Alfa Knitting Ware Ltd.,08-07-2018,2500,1115,,,faruk@shaningroup.net,,,,,,89.36170212765957,confirmed
Ba: Bo:,8720,Lucky Star Apparels Ltd.,21-08-2020,7500,1082,,,ajintl@ajintl.com,,,,,,100.0,confirmed
Ba: Bo:,8722,Bea Con Knitware Ltd.,23-08-2022,7000,5944,,,bunonknit@gmail.com,,,,,,80.0,confirmed
Ba: Bo:,8724,Sark Knitware Ltd.,03-08-2020,3500,2625,,,sarknl@bangla.net,,,,,,94.44444444444444,confirmed
Ba: Bo:,8729,Arnob Fashion Ware Ltd.,07-08-2022,2500,3072,,,aromafwl@bijoy.net,,,,,,86.95652173913044,confirmed
Ba: Bo:,8738,Golden Refit Garments Ltd.,21-06-2022,3500,3584,,,rafiq@sparkbd.com,,,,,,100.0,confirmed
Ba: Bo:,8740,Dong Bang Dyeing Ltd.,17-08-2017,3500,4166,,,imran@bandodesign.com,,,,,,73.6842105263158,low
Ba: Bo:,8739,Dong Bang Dyeing Ltd.,17-08-2017,3500,4166,,,imran@bandodesign.com,,,,,,73.6842105263158,low
Ba: Bo:,8742,Dong Bang Dyeing Ltd.,17-08-2017,3500,4166,,,imran@bandodesign.com,,,,,,73.6842105263158,low
Ba: Bo:,8741,Dong Bang Dyeing Ltd.,17-08-2017,3500,4166,,,imran@bandodesign.com,,,,,,73.6842105263158,low
Ba: Bo:,8746,Starlet Apparels Ltd.,28-08-2019,2500,4659,,,md@starletbd.com,,,,,,100.0,confirmed
Ba: Bo:,8750,Ali Hossen Textile Mills Pvt. Ltd.,21-08-2017,6500,2154,,,arefin@arefingroupbd.com,,,,,,74.57627118644068,low
Ba: Bo:,8753,San Apparels Ltd.,18-08-2022,4500/-,5840,,,faruk@arunima-group.net,,,,,,100.0,confirmed
Ba: Bo:,8754,San Apparels Limited,18-08-2022,4500/-,6945,,,eftimaidul@gmail.com,,,,,,90.47619047619048,confirmed
Ba: Bo:,8755,Skyline Apparels Ltd,16-08-2022,5500,3282,,,iqbal@skylin-bd.com,,,,,,97.5609756097561,confirmed
Ba: Bo:,8756,Skylark Knit Composite Ltd.,24-08-2022,5500,4952,,,kamal@rma-bd.com,,,,,,100.0,confirmed
Ba: Bo:,8760,Prime Sweater Ltd.,08-08-2022,2500,3942,,,polto@polestargroupbd.net,,,,,,97.2972972972973,confirmed
Ba: Bo:,8762,Sagacious Fashions Ltd.,13-08-2022,2500,6126,,,info@sagaciousfashion.com,,,,,,100.0,confirmed
Ba: Bo:,8763,Mifkif Apparels Ltd.,27-08-2022,2500,1232,,,baker@mifkif.com,,,,,,97.43589743589743,confirmed
Ba: Bo:,8764,Aurum Sweater Ltd.,22-08-2022,3500,4692,,,amersalim@knitasia.com,,,,,,100.0,confirmed
Ba: Bo:,8765,Dazzling Dresses Ltd.,06-08-2022,2500,6493,,,kazalddl@epylliongroup.com,,,,,,100.0,confirmed
Ba: Bo:,8767,Fotullah Dyeing & Callendaring Mills Ltd.,18-07-2022,7000,2222,,,fatullah@bol-online.com,,,,,,93.82716049382715,confirmed
Ba: Bo:,8768,Shilpi Textile Dyeing & Processing Mills Ltd.,16-08-2019,5500,4143,,,gopesh@apexholdings.com,,,,,,67.53246753246754,low
Ba: Bo:,8771,Generation Next Fashions Ltd.,27-08-2022,2500,4916,,,info@gnf-bd.com,,,,,,100.0,confirmed
Ba: Bo:,8772,Independent Apparels Ltd.,27-06-2022,"=2,500/-",2502,,,info@independentbd.net,,,,,,100.0,confirmed
Ba: Bo:,8779,Dhaka Textile Ltd.,20-09-2019,4500,6048,,,ceo@prangroup.com,,,,,,86.48648648648648,confirmed
Ba: Bo:,8781,Polka Dots Fashion Ltd.,25-09-2019,2500,4874,,,,,,,,,100.0,confirmed
Ba: Bo:,8787,Delux Apparels Ltd.,16-09-2022,2500,1149,,,,,,,,,97.43589743589743,confirmed
Ba: Bo:,8788,Kaifeng Textile Ltd.,27-09-2021,2500,5722,,,managingdirector@kaifengbd.com,,,,,,97.5609756097561,confirmed
Ba: Bo:,8789,Textile Processing Ind. Ltd.,26-09-2022,6500,2504,,,giant@giantbd.com,,,,,,80.0,confirmed
Ba: Bo:,8791,knit Bazzar Ltd.,20-09-2022,2500,4613,,,nafees@gears-group.com,,,,,,66.66666666666667,low
Ba: Bo:,8790,Alfa Dressware Ltd.,16-04-2021,2500,6112,,,adldrrrresswear@yahoo.com,,,,,,87.17948717948718,confirmed
Ba: Bo:,8794,M O F Fashions Ltd.,19-09-2021,2500,5671,,,newlimit@global-bd.net,,,,,,86.48648648648648,confirmed
Ba: Bo:,8796,Jarba Textile Mills Ltd.,21-05-2022,7000,6690,,,fairtextilemills@yahoo.com,,,,,,89.36170212765957,confirmed
Ba: Bo:,8795,Jarba Textile Mills Ltd.,20-09-2022,7000,6690,,,fairtextilemills@yahoo.com,,,,,,89.36170212765957,confirmed
Ba: Bo:,8800,Shovon Silk & Knitting Mills Pvt. Ltd.,12-08-2022,7000,2313,,,shovon@shovongroup-bd.com,,,,,,85.71428571428572,confirmed
Ba: Bo:,8802,Dekko Apparels Ltd.,07-10-2022,3500,1135,,,info@dekkoisho.com,,,,,,100.0,confirmed
Ba: Bo:,8806,Bodrunnessa Sweater Ltd.,09-09-2021,2500,4868,,,linu@badrunnesa-sweater.com,,,,,,91.66666666666666,confirmed
Ba: Bo:,8807,Dekko Washing Ltd.,17-08-2022,6500,4220,,,fifltd@citechco.net,,,,,,74.28571428571429,low
Ba: Bo:,8810,Suad Garments Intd. Ltd.,17-07-2022,3500,5857,,,info.dir@shinshingroup.com,,,,,,93.61702127659575,confirmed
Ba: Bo:,8815,Universal Sweater Ltd.,09-10-2022,"=2,500/-",3822,,,usl@dominok.com,,,,,,100.0,confirmed
Ba: Bo:,8816,Yogotex Fabrics Co. Ltd.,18-10-2022,6500/-,3407,,,commercial@mondol.net,,,,,,79.06976744186046,low
Ba: Bo:,8819,"M/S Nila Dyeing, Printing & Finishing Mills",10-10-2022,5000,5915,,,navyhosiery@gmail.com,,,,,,75.0,low
Ba: Bo:,8818,Shah Amanat Knitting and Dyeing Ind. Ltd.,14-10-2021,"=6,000/-",2855,,,mkdil@citech-bd.com,,,,,,82.05128205128204,confirmed
Ba: Bo:,8824,Your Fashion Sweater Ltd.,25-10-2022,3500,4448,,,atiqur_r@standard-group.com,,,,,,100.0,confirmed
Ba: Bo:,8823,PRM Fashions Pvt. Ltd.,22-10-2019,"=3,500/-",1372,,,melodyrm@bdcom.com,,,,,,85.0,confirmed
Ba: Bo:,8825,Versatile Apparels (Pvt.) Ltd.,08-10-2022,2500,4517,,,parosh@versatilegroupbd.com,,,,,,98.30508474576271,confirmed
Ba: Bo:,8827,Mega Star Apparels Ltd.,17-10-2017,2500,1436,,,megastar@bdmail.net,,,,,,93.33333333333333,confirmed
Ba: Bo:,8826,Flaxen Dress maker Ltd.,22-10-2022,2500,4947,,,flaxen@flexengroup.com,,,,,,95.65217391304348,confirmed
Ba: Bo:,8831,Salek Textile Ltd.,12-10-2021,6500,5747,,,allabj@dhaka.net,,,,,,100.0,confirmed
Ba: Bo:,8833,Best Shirts Ltd.,17-10-2022,3500,4524,,,hanif@bestshirtsbd.net,,,,,,100.0,confirmed
Ba: Bo:,8832,Pashtel Apparels Ltd.,06-10-2022,2500,1621,,,murshedy@envoy-group.com,,,,,,97.5609756097561,confirmed
Ba: Bo:,8834,Sadma Fashion Ware Ltd.,19-10-2019,6500,3517,,,nasir@sadmafashion.com,,,,,,95.65217391304348,confirmed
Ba: Bo:,8836,K. A. Fashion Ltd.,28-11-2021,2500,3236,,,anwar@ajintl.com,,,,,,85.71428571428572,confirmed
Ba: Bo:,8837,Ismail Anjuman Ara Fabrics Ltd.,03-10-2022,7000,2524,,,ameenfa@gmail.com,,,,,,65.3061224489796,low
Ba: Bo:,8840,Ismail Anjuman Ara Fabrics Ltd.,03-10-2022,7000,2524,,,ameenfa@gmail.com,,,,,,65.3061224489796,low
Ba: Bo:,8839,Jaber & Jobayer Fabrics Ltd.,03-10-2022,7000,4019,,,asean@globalctg.net,,,,,,66.66666666666667,low
Ba: Bo:,8841,Talha Spinning Mills Ltd.,20-10-2022,7000,3772,,,quddus@dragon-sweater.net,,,,,,80.85106382978724,confirmed
Ba: Bo:,8842,Goldtex Garments Ltd.,11-10-2020,7000,4077,,,,,,,,,100.0,confirmed
Ba: Bo:,8848,Sun apparels ltd.,16-10-2022,2500/-,2930,,,ali@aps-group.org,,,,,,76.47058823529412,low
Ba: Bo:,8850,Wasif Knit Composite Ltd.,22-10-2017,2500,4610,,,swapan@amtrades.net,,,,,,100.0,confirmed
Ba: Bo:,8852,Dewyan Fashion Ware Ltd.,14-10-2022,3500,974,,,dewantex@bdcom.com,,,,,,91.66666666666666,confirmed
Ba: Bo:,8859,Kentucky Knit Composite Ltd.,26-10-2018,2500,6217,,,alom@moonluxknitbd.com,,,,,,100.0,confirmed
Ba: Bo:,8864,Pacific Sweater Ltd.,19-10-2021,2500,1423,,,pacific_fuji@btsnet.net,,,,,,97.5609756097561,confirmed
Ba: Bo:,8863,Work Field Knitwars,19-09-2022,2500,5496,,,shoeb@workfieldgroup.com.bd,,,,,,90.0,confirmed
Ba: Bo:,8865,Pacific Sweater Ltd.,19-10-2021,2500,1423,,,pacific_fuji@btsnet.net,,,,,,97.5609756097561,confirmed
Ba: Bo:,8871,Ssain Apparels Ltd.,28-09-2021,2500,6479,,,info@ssaingroup.com,,,,,,100.0,confirmed
Ba: Bo:,8872,Aziz Fashion (Pvt.) Ltd.,10-11-2022,2500,3104,,,easternbaybd@yahoo.com,,,,,,95.83333333333334,confirmed
Ba: Bo:,8875,Jarba Textile Mills Ltd.,03-11-2022,7000,6690,,,fairtextilemills@yahoo.com,,,,,,89.36170212765957,confirmed
Ba: Bo:,8876,Concorde Knitting & Dyeing Industries Ltd,07-07-2022,4500,4785,,,arb-knittdye@yahoo.com,,,,,,71.05263157894737,low
Ba: Bo:,8879,Badsha Textiles Ltd.,09-11-2022,6000,5717,,,,,,,,,87.8048780487805,confirmed
Ba: Bo:,8880,Badsha Textiles Ltd.,09-11-2022,7500,5717,,,,,,,,,87.8048780487805,confirmed
Ba: Bo:,8881,Badsha Textile Ltd.,09-11-2022,7500,2621,,,shibli@basetextile.com,,,,,,88.88888888888889,confirmed
Ba: Bo:,8882,Jaba Textile Mills Ltd.,16-11-2022,6500/-,6690,,,fairtextilemills@yahoo.com,,,,,,86.95652173913044,confirmed
Ba: Bo:,8883,Joy Auto Garments Ltd.,24-11-2021,2500,5968,,,jahangir@joyauto-bd.com,,,,,,100.0,confirmed
Ba: Bo:,8884,Mark Knit Composite Ltd.,01-11-2017,2500,6340,,,tm.knit@oshingroup-bd.com,,,,,,91.30434782608697,confirmed
Ba: Bo:,8885,Century Design & Fashion Pvt. Ltd.,02-11-2017,2500,3783,,,azhar-1@bangla.net,,,,,,84.05797101449275,confirmed
Ba: Bo:,8887,Parkstar Apparels Ltd.,03-11-2022,2500,3221,,,parkscen@bangla.net,,,,,,97.67441860465115,confirmed
Ba: Bo:,8886,Masuma Khatun Textile Industries Ltd.,28-11-2022,6500,7125,,,amal.podder@metrokd.com,,,,,,73.52941176470588,low
Ba: Bo:,8888,Sang Koyang Apparels Ltd.,25-10-2022,3500,5840,,,faruk@arunima-group.net,,,,,,80.95238095238095,confirmed
Ba: Bo:,8889,Datha Fashion Ltd.,06-11-2018,3500,4994,,,datafashion@bdcom.net,,,,,,97.14285714285714,confirmed
Ba: Bo:,8891,Green Aro Sweater Ind. Ltd.,29-10-2022,3500,3820,,,faysol@skylark-bd.com,,,,,,94.73684210526316,confirmed
Ba: Bo:,8892,Kenpark Bangladesh apparel (Pvt) Ltd. (Unit-05),11-10-2022,"=7,000/-",2197,,,info@kenpark-bangladesh.com,,,,,,76.31578947368422,low
Ba: Bo:,8896,New Delta Shirts Ltd.,05-12-2022,2500,4524,,,hanif@bestshirtsbd.net,,,,,,75.67567567567568,low
Ba: Bo:,8898,Taipei Bangla Fabrics Ltd.,20-11-2022,7000,3958,,,xinbangla@yahoo.com,,,,,,72.72727272727273,low
Ba: Bo:,8900,Cassiopea Fashions Ltd.,10-03-2022,2500,4664,,,info@cassiopea-fashion.org,,,,,,97.77777777777777,confirmed
Ba: Bo:,8901,Cassiopea Fashions Ltd.,10-03-2022,2500,4664,,,info@cassiopea-fashion.org,,,,,,97.77777777777777,confirmed
Ba: Bo:,8899,Taipei Bangla Fabrics Ltd.,20-11-2022,7000,3958,,,xinbangla@yahoo.com,,,,,,72.72727272727273,low
Ba: Bo:,8902,Green Land Garments Ltd.,21-11-2022,2500,1703,,,lutfor.sfashion@gmail.com,,,,,,93.61702127659575,confirmed
Ba: Bo:,8903,Green Land Garments Ltd. (Unit-2),19-11-2019,2500,1703,,,lutfor.sfashion@gmail.com,,,,,,78.57142857142857,low
Ba: Bo:,8906,Multitek Apparels Ltd.,14-11-2022,2500,4137,,,alauddin@outfitapparels.com,,,,,,85.71428571428572,confirmed
Ba: Bo:,8907,Binoda Knitwear Ltd.,24-11-2022,4500,5944,,,bunonknit@gmail.com,,,,,,87.17948717948718,confirmed
Ba: Bo:,8918,F J S Knitware Ltd.,14-11-2019,2500,5894,,,,,,,,,77.77777777777779,low
Ba: Bo:,8919,Wonder Apparels Ltd.,21-11-2017,2500,1511,,,naseem@wonderapparels.com,,,,,,100.0,confirmed
Ba: Bo:,8921,Knitivo Fashion Ltd.,19-11-2021,2500,6797,,,info@hrknitfashion.com,,,,,,82.92682926829268,confirmed
Ba: Bo:,8922,Nassa Hi-Tech Wear Ltd.,24-12-2022,2500,4310,,,nassa@nassagroup.org,,,,,,100.0,confirmed
Ba: Bo:,8923,New Asia Fashions Ltd.,12-11-2022,2500,6212,,,naeem@csl-bd.com,,,,,,100.0,confirmed
Ba: Bo:,8926,Golden Dyeing & Printing Industries,15-11-2019,5000,4204,,,md@asrgroupbd.com,,,,,,63.76811594202898,low
Ba: Bo:,8925,Shah Makhdum Garments Ltd.,14-11-2022,2500,679,,,s.makhdum@gmail.com,,,,,,100.0,confirmed
Ba: Bo:,8928,Modina Dyeing Printing Factory,02-11-2021,4500,,,,,,,,,,0,none
Ba: Bo:,8940,Fame Apparels Ltd.,05-12-2022,3500,3150,,,headoffice@fahamigroup.com,,,,,,89.47368421052632,confirmed
Ba: Bo:,8939,F.K.N Printing Mills Ltd.,18-11-2022,3500,6705,,,joynal@knitconcern.com,,,,,,76.59574468085107,low
Ba: Bo:,8946,Crown Knitware Ltd.,12-11-2022,3500,2096,,,info@nz-bd.com,,,,,,80.0,confirmed
Ba: Bo:,8948,M N M Yearn Dyeing Ind. Ltd.,13-12-2019,2500,3741,,,infosys@landmark-grpbd.com,,,,,,71.69811320754718,low
Ba: Bo:,8950,Asif Fashion Industry ltd,06-12-2017,6500,6109,,,suahmed@asifapparels.com,,,,,,86.79245283018868,confirmed
Ba: Bo:,8953,Apple Knitware Ltd.,07-12-2017,2500,2096,,,info@nz-bd.com,,,,,,80.0,confirmed
Ba: Bo:,8952,Fin-Bangla Apparels Ltd.,25-12-2022,2500,6189,,,mkzaman@pinakigroup.com,,,,,,100.0,confirmed
Ba: Bo:,8954,Deoti Fashions Ltd.,07-11-2022,2500,4912,,,,,,,,,97.2972972972973,confirmed
Ba: Bo:,8955,Binimoy Textile Mills,22-11-2022,2500,6130,,,,,,,,,95.23809523809523,confirmed
Ba: Bo:,8957,Intramax Fashions Ltd.,06-12-2020,2500,3256,,,anayet@intramex-bd.com,,,,,,95.45454545454545,confirmed
Ba: Bo:,8962,Badsha Textiles Ltd.,07-12-2022,6500,5717,,,,,,,,,87.8048780487805,confirmed
Ba: Bo:,8960,Cross Line Knit Fabrics Ltd.,13-12-2021,6500,4827,,,mijan.r@fpg.com.bd,,,,,,72.72727272727273,low
Ba: Bo:,8964,Badsha Textiles Ltd.,07-12-2022,7000,5717,,,,,,,,,87.8048780487805,confirmed
Ba: Bo:,8965,Badsha Textiles Ltd.,07-12-2022,6500,5717,,,,,,,,,87.8048780487805,confirmed
Ba: Bo:,8963,Badsha Textiles Ltd.,07-12-2022,7000,5717,,,,,,,,,87.8048780487805,confirmed
Ba: Bo:,8969,C A Knitware Ltd.,25-11-2022,2500,2096,,,info@nz-bd.com,,,,,,84.84848484848484,confirmed
Ba: Bo:,8970,Pantex Accessories (Pvt.) Ltd.,07-12-2022,2500,2442,,,jony@needgroup.net,,,,,,70.37037037037037,low
Ba: Bo:,8972,Echoknits Ltd.,13-12-2022,3500,1582,,,quasem@echosourcing.com,,,,,,100.0,confirmed
Ba: Bo:,8973,S P Washing Ltd.,29-12-2022,6000,6117,,,badal@tusuka.com,,,,,,74.28571428571429,low
Ba: Bo:,8975,Euro Washing Ltd.,19-12-2022,3500,4220,,,fifltd@citechco.net,,,,,,82.35294117647058,confirmed
Ba: Bo:,8974,Adib Dyeing Mills Ltd.,14-12-2017,6500,6668,,,palmalexport@palmalgarments.com,,,,,,76.0,low
Ba: Bo:,8977,Diamond Sweater Industries Ltd.,27-11-2022,2500,3382,,,nazrul@diamondssweater.com,,,,,,100.0,confirmed
Ba: Bo:,8981,Bits Fashion Ltd.,06-11-2019,3500,3069,,,,,,,,,91.42857142857143,confirmed
Ba: Bo:,8994,Hollyhood Fashion (Pvt.) Ltd.,10-12-2022,2500,233,,,dr.humayun@pioneercasual.com,,,,,,93.10344827586206,confirmed
Ba: Bo:,8995,Probashi Knitwares Ltd.,23-12-2022,2500,6708,,,rafinknitwearltd@gmail.com,,,,,,74.4186046511628,low
Ba: Bo:,8996,Premier Washing,09-12-2019,4500,4220,,,fifltd@citechco.net,,,,,,62.5,low
Ba: Bo:,8997,Premier Washing,09-12-2019,5500,4220,,,fifltd@citechco.net,,,,,,62.5,low
Ba: Bo:,9001,Pionner Knitware (BD) Ltd.,18-01-2023,6500,5015,,,accounts.ho@pkbdl.com,,,,,,90.56603773584906,confirmed
Ba: Bo:,9000,Boishaki Spinning Mills Ltd.,11-12-2021,6000,3772,,,quddus@dragon-sweater.net,,,,,,80.0,confirmed
Ba: Bo:,9003,Dhaka Garments and washing Ltd. Ltd.,21-03-2022,6500,6472,,,amanul.hossain@hams.com.bd,,,,,,73.52941176470588,low
Ba: Bo:,9008,Anika Apparels (Pvt.) Ltd.,26-12-2021,2500,3189,,,khokoan@gmail.com,,,,,,96.0,confirmed
Ba: Bo:,9007,Masco Industries Ltd. (Composite Knit Garments),27-12-2022,6500,6647,,,sadek.haidory@gmail.com,,,,,,77.10843373493977,low
Ba: Bo:,9011,Purnima Dyeing & Printing Industries,10-12-2021,4500,1910,,,nrgroup@global-bd.net,,,,,,64.86486486486487,low
Ba: Bo:,9010,N R N Kniting & Garments Ltd.,21-01-2020,2500,3293,,,,,,,,,71.69811320754718,low
Ba: Bo:,9013,Wash and Wear Limited.,11-12-2022,5000,5975,,,mahbub.rahman01@gmail.com,,,,,,63.1578947368421,low
Ba: Bo:,9015,Arif Knit Spin Limited,26-12-2022,6500,6619,,,monir.sumon@gmail.com,,,,,,68.29268292682926,low
Ba: Bo:,9016,Arif Knit Spin Limited,26-12-2022,6500,6619,,,monir.sumon@gmail.com,,,,,,68.29268292682926,low
Ba: Bo:,9017,Arif Knit Spin Limited,25-12-2020,6500,6619,,,monir.sumon@gmail.com,,,,,,68.29268292682926,low
Ba: Bo:,9018,N R G Knit Composite,24-12-2021,6500,6902,,,ceo@efteknitcomposite.com,,,,,,76.92307692307692,low
Ba: Bo:,9020,N R G Composite Yarn Dyeing,26-12-2022,6500,6597,,,ababilpharma@gmail.com,,,,,,63.63636363636363,low
Ba: Bo:,9019,N R G Knit Composite,24-12-2021,5000,6902,,,ceo@efteknitcomposite.com,,,,,,76.92307692307692,low
Ba: Bo:,9021,N R G Composite Yarn Dyeing,26-12-2022,6500,6597,,,ababilpharma@gmail.com,,,,,,63.63636363636363,low
Ba: Bo:,9022,N R G Knit Composite,24-12-2021,5000,6902,,,ceo@efteknitcomposite.com,,,,,,76.92307692307692,low
Ba: Bo:,9023,N R G Composite Yarn Dyeing,26-12-2022,6500,6597,,,ababilpharma@gmail.com,,,,,,63.63636363636363,low
Ba: Bo:,9024,Arif Knit Spin Limited,26-12-2022,6000,6619,,,monir.sumon@gmail.com,,,,,,68.29268292682926,low
Ba: Bo:,9025,Arif Knit Spin Limited,26-12-2022,6500,6619,,,monir.sumon@gmail.com,,,,,,68.29268292682926,low
Ba: Bo:,9035,SONNET Textile Industries Ltd,18-12-2022,2500/-,6015,,,info@sonnettex.com,,,,,,81.35593220338984,confirmed
Ba: Bo:,9044,Elite Garments Ind. Ltd.,03-12-2020,4500,20,,,ramzulseraj@gmail.com,,,,,,97.95918367346938,confirmed
Ba: Bo:,9045,Multitex Knit Composite Ltd.,24-12-2021,2500,6203,,,kalam@multitexbd.com,,,,,,100.0,confirmed
Ba: Bo:,9046,Arshad Knit Fashion Ltd.,16-12-2021,2500,5888,,,,,,,,,83.33333333333334,confirmed
Ba: Bo:,9047,Dard Composite Textiles Ltd.,05-12-2021,7000,4233,,,ndaulah@dirdgroup.org,,,,,,96.42857142857143,confirmed
Ba: Bo:,9049,Fareast Knitting & Dyeing Ind. Ltd.,08-12-2022,6000,1944,,,mazharul@fareastknit.com,,,,,,87.32394366197182,confirmed
Ba: Bo:,9048,Dard Composite Textiles Ltd.,16-12-2021,7000,4233,,,ndaulah@dirdgroup.org,,,,,,96.42857142857143,confirmed
Ba: Bo:,9053,Express Washing & Dyeing Ltd.,08-01-2022,7000,4292,,,info@del-bd.com,,,,,,70.83333333333333,low
Ba: Bo:,9052,Express Washing & Dyeing Ltd.,08-01-2022,6500,4292,,,info@del-bd.com,,,,,,70.83333333333333,low
Ba: Bo:,9054,Global Outerwear Limited,03-12-2022,6500,2603,,,farhan.azim@azimgroup.com,,,,,,88.88888888888889,confirmed
Ba: Bo:,9055,Global Outerwear Limited,03-12-2022,4500,2603,,,farhan.azim@azimgroup.com,,,,,,88.88888888888889,confirmed
Ba: Bo:,9057,S F Washing Ltd.,11-01-2022,6000,4220,,,fifltd@citechco.net,,,,,,84.84848484848484,confirmed
Ba: Bo:,9059,Triple Shovan Apparels Ltd.,18-03-2022,2500,4838,,,triple7bd@yahoo.com,,,,,,90.56603773584906,confirmed
Ba: Bo:,9067,MARS Textile Limited,11-12-2022,7000/-,1041,,,rwd_int@yahoo.com,,,,,,78.04878048780488,low
Ba: Bo:,9070,K.T. Textile Mills,12-05-2021,6000,3763,,,garment@kdsgroup.net,,,,,,80.0,confirmed
Ba: Bo:,9074,Unique Washing & Dyeing Ltd.,12-01-2023,3500,6833,,,info@mosharafgroup.com,,,,,,65.75342465753424,low
Ba: Bo:,9079,Knitex Dresses Ltd.,26-01-2023,5000,4505,,,commercial@mondol.net,,,,,,100.0,confirmed
Ba: Bo:,9078,Hamid Tex Fashion Ltd.,08-01-2022,2500,4000,,,muktader@hamidtex.com,,,,,,100.0,confirmed
Ba: Bo:,9081,Blithe Fashion Ltd.,11-01-2018,2500,2557,,,reza1924@gmail.com,,,,,,86.48648648648648,confirmed
Ba: Bo:,9084,Dhaka Baizing Dyeing & Wiving Industry Ltd.,24-01-2023,5500,2404,,,babu@biswasgroup.com,,,,,,61.111111111111114,low
Ba: Bo:,9085,Kung Keng Textile Bangladesh Com. Ltd.,23-01-2023,6500,6007,,,,,,,,,72.72727272727273,low
Ba: Bo:,9088,Uforia Apparels Ltd.,25-01-2023,2500,6659,,,kutubuddin@rafiaapparels.com,,,,,,87.17948717948718,confirmed
Ba: Bo:,9089,Scarlet Knitweares Ltd.,22-01-2023,2500,4582,,,info@scarletknitwears.com,,,,,,97.77777777777777,confirmed
Ba: Bo:,9092,Merydiyan Fashion Ltd.,21-01-2018,2500,3423,,,megastar@bdmail.net,,,,,,90.9090909090909,confirmed
Ba: Bo:,9090,Ali Hossen Textile Mills (Pvt.) Ltd.,06-01-2023,6500,6977,,,rifat@azadcomposite.com,,,,,,79.01234567901234,low
Ba: Bo:,9100,A B Mart Fashion Ware Ltd.,08-01-2023,2500,4455,,,abmartfashion@gmail.com,,,,,,94.11764705882352,confirmed
Ba: Bo:,9099,Ahsan Composite Ltd.,06-01-2022,2500,6174,,,affanhtl@gmail.com,,,,,,90.0,confirmed
Ba: Bo:,9101,Purbasha Composite Tex Ltd.,14-01-2021,2500,6262,,,arch-alih@yahoo.com,,,,,,100.0,confirmed
Ba: Bo:,9104,Entrust Fashions Ltd.,17-01-2023,2500,6237,,,azaman@entrustgroupbd.com,,,,,,100.0,confirmed
Ba: Bo:,9106,Surma Garments Ltd. (Unit-2),11-01-2020,6500,2738,,,log@savartex.com,,,,,,80.85106382978724,confirmed
Ba: Bo:,9107,Knit Plus Limited,15-01-2023,7000,5146,,,ishtiaque@knitplusltd.com,,,,,,100.0,confirmed
Ba: Bo:,9109,M/S A.K.M Knitware Limited,13-02-2023,6500,4167,,,zahangir@dipknitwear.com,,,,,,69.56521739130434,low
Ba: Bo:,9110,A.K.M Knitware Limited,13-02-2023,7000,4167,,,zahangir@dipknitwear.com,,,,,,76.19047619047619,low
Ba: Bo:,9108,Fashion Dot Com Limited,20-01-2021,2500,7041,,,islamzaidul@yahoo.com,,,,,,81.81818181818181,confirmed
Ba: Bo:,9112,Columbia Garments Ltd.,27-03-2023,6000,704,,,salahuddin_ahmed@mj-group.com,,,,,,100.0,confirmed
Ba: Bo:,9111,Duranto Knit Composite Ltd.,06-02-2018,2500,5577,,,aravinda@durantoknit.com,,,,,,100.0,confirmed
Ba: Bo:,9121,Roujan Sweater Ltd.,30-11--0001,2500,3776,,,qtex@globalctg.net,,,,,,89.47368421052632,confirmed
Ba: Bo:,9140,Caesar Apparels Limited,14-02-2023,2500/-,4247,,,caesar@caesargroup.com,,,,,,88.37209302325581,confirmed
Ba: Bo:,9139,SONNET textile industries ltd.,14-02-2023,2500/-,6015,,,info@sonnettex.com,,,,,,70.0,low
Ba: Bo:,9141,Moonlight Garments Ltd.,13-02-2023,2500,243,,,rashedulhasan@ehsan-moonlight.com,,,,,,100.0,confirmed
Ba: Bo:,9142,pentagon knit composite ltd,07-02-2023,2500,5981,,,mangoknitbd@gmal.com,,,,,,73.07692307692308,low
Ba: Bo:,9143,Union Apparels Ltd.,08-02-2018,2500,833,,,rumy@union-apparels.com,,,,,,97.2972972972973,confirmed
Ba: Bo:,9144,M/S Epic Garments Manufacturing Co. Ltd.,10-02-2022,7000,7025,,,cosecretary@epicbd.com,,,,,,84.70588235294117,confirmed
Ba: Bo:,9149,Hazi Akter Textile & Processing Mills Ltd.,24-01-2023,3500,4143,,,gopesh@apexholdings.com,,,,,,72.97297297297297,low
Ba: Bo:,9153,Hamid Fabrics Ltd.,11-02-2022,4500,4641,,,alam@irisgroupbd.com,,,,,,80.0,confirmed
Ba: Bo:,9155,Suborna Dyeing & Screen Printing Works,12-02-2019,3500,,,,,,,,,,0,none
Ba: Bo:,9157,Mollik Fabrics Ltd.,18-02-2020,2500,6100,,,,,,,,,92.3076923076923,confirmed
Ba: Bo:,9158,Islam Knit Designes Ltd.,06-02-2023,3500,4472,,,,,,,,,97.87234042553192,confirmed
Ba: Bo:,9161,Genesis Fashions Ltd.,13-02-2023,3500,1369,,,tarique_ahmed@mj-group.com,,,,,,97.5609756097561,confirmed
Ba: Bo:,9162,CITADEL APPARELS LTD.,17-02-2023,2500,6334,,,munir@purbaapparels.com,,,,,,60.46511627906976,low
Ba: Bo:,9167,Modina washing and dying Ind.,16-02-2022,5500,,,,,,,,,,0,none
Ba: Bo:,9183,Aristo Fashion Ltd.,17-03-2022,2500,4232,,,commercial@aristo.com.bd,,,,,,97.43589743589743,confirmed
Ba: Bo:,9193,Knit Export (BD) Ltd.,20-02-2023,2500,5077,,,liton@knitexportbd.com,,,,,,100.0,confirmed
Ba: Bo:,9195,Aristocrat Fashions (Pvt.) Ltd.,29-03-2021,2500,5347,,,aristocratfashions@gmail.com,,,,,,98.36065573770492,confirmed
Ba: Bo:,9197,Well Lord Knit wear Ltd.,22-03-2022,6500,6178,,,bablu@nhk-ast.com,,,,,,77.55102040816327,low
Ba: Bo:,9198,Sea View Dresses Ltd.,16-03-2021,2500,6243,,,parkscen@bangla.net,,,,,,92.6829268292683,confirmed
Ba: Bo:,9202,Lenny Fashions Ltd.,03-03-2021,4500,2184,,,waseem.siddiqui@lennyfashions.co,,,,,,100.0,confirmed
Ba: Bo:,9203,Dekko Knitwears Ltd.,19-03-2021,2500,1401,,,esl@epylliongroup.com,,,,,,88.37209302325581,confirmed
Ba: Bo:,9204,Rifat Garments Ltd.,12-09-2022,6000,3896,,,azad@hameemgroup.com,,,,,,94.73684210526316,confirmed
Ba: Bo:,9208,Tropical Knitex Ltd.,13-03-2023,7000,3362,,,commercial@mondol.net,,,,,,100.0,confirmed
Ba: Bo:,9207,Colossus Apparel Limited,22-05-2022,5000,7084,,,info@colossusbd.com,,,,,,88.88888888888889,confirmed
Ba: Bo:,9210,K M Nobeli Garmentn Ltd.,21-04-2022,2500,3228,,,shafiq@tmdbd.com,,,,,,81.63265306122449,confirmed
Ba: Bo:,9219,Divine Fashion Pvt. Ltd.,27-03-2020,2500,2867,,,,,,,,,76.59574468085107,low
Ba: Bo:,9221,Vintej Denim Apparels Ltd.,20-03-2023,5500,6213,,,aba@abagroup.com,,,,,,94.33962264150944,confirmed
Ba: Bo:,9220,Vintej Denim Apparels Ltd.,20-03-2023,6000,6213,,,aba@abagroup.com,,,,,,94.33962264150944,confirmed
Ba: Bo:,9223,Aba Fashions Ltd.,22-03-2023,3500,4886,,,,,,,,,94.44444444444444,confirmed
Ba: Bo:,9222,Aba Fashions Ltd.,22-03-2023,3500,4886,,,,,,,,,94.44444444444444,confirmed
Ba: Bo:,9224,Zalo Knitting Ltd.,26-03-2022,3500,5953,,,nuria.lopez@yu-kom.com,,,,,,100.0,confirmed
Ba: Bo:,9226,Simftex Apparel & Washing Ltd,25-01-2023,7000,5772,,,babu@rising-group.com,,,,,,98.30508474576271,confirmed
Ba: Bo:,9229,Croni Apparels Ltd.,14-03-2022,7000,878,,,info@abanti.net,,,,,,94.73684210526316,confirmed
Ba: Bo:,9232,Noor Knit BD Ltd.,17-03-2022,2500,5400,,,firoz@fmfashion.net,,,,,,78.78787878787878,low
Ba: Bo:,9233,Rabab Fashion Industries Ltd.,22-03-2022,2500,1602,,,mar_tfill@live.com,,,,,,84.7457627118644,confirmed
Ba: Bo:,9234,Hamza Textiles Ltd.,21-03-2023,5000,3628,,,,,,,,,86.48648648648648,confirmed
Ba: Bo:,9235,Hamza Textiles Ltd.,21-03-2023,5000,3628,,,,,,,,,86.48648648648648,confirmed
Ba: Bo:,9244,South East Sweaters Ltd.,13-03-2022,3500,3624,,,gmostafa@dbg.com.bd,,,,,,80.85106382978724,confirmed
Ba: Bo:,9245,South East Sweaters Ltd.,13-03-2022,3500,3624,,,gmostafa@dbg.com.bd,,,,,,80.85106382978724,confirmed
Ba: Bo:,9246,Rowa Fashions Ltd.,15-03-2022,2500,5301,,,,,,,,,100.0,confirmed
Ba: Bo:,9247,The Fashion Island Ltd.,20-03-2022,2500,2534,,,nazrul@rivieragroup-bd.com,,,,,,100.0,confirmed
Ba: Bo:,9249,T-Design Knitware Ltd.,27-03-2023,4500,6128,,,,,,,,,90.9090909090909,confirmed
Ba: Bo:,9250,T-Design Knitware Ltd.,27-03-2023,4500,6128,,,,,,,,,90.9090909090909,confirmed
Ba: Bo:,9236,Space Sweater Ltd.,27-03-2020,3500,4646,,,sadek@spacebd.biz,,,,,,100.0,confirmed
Ba: Bo:,9251,Bando Apparels Ltd.,15-03-2022,2500,5573,,,shimul1962@yahoo.com,,,,,,100.0,confirmed
Ba: Bo:,9253,K.C Washing Plant,09-04-2022,7000,7012,,,mizanmahid7@gmail.com,,,,,,77.77777777777779,low
Ba: Bo:,9260,Alsina Garments Ltd.,21-03-2018,2500,5882,,,desun@hasangroup.org,,,,,,100.0,confirmed
Ba: Bo:,9263,Angora Fashions Ltd.,25-04-2022,2500,4778,,,mazidtalukdar@yahoo.com,,,,,,100.0,confirmed
Ba: Bo:,9265,Radison Apparels Ltd.,12-04-2021,2500,4960,,,,,,,,,97.67441860465115,confirmed
Ba: Bo:,9264,P R S Apparels Ltd.,19-04-2022,2500,6188,,,bishaw@yesterbd.com,,,,,,94.44444444444444,confirmed
Ba: Bo:,9266,M. I. M Dresses Ltd.,14-04-2022,2500,2799,,,faruk@shaningroup.net,,,,,,84.21052631578947,confirmed
Ba: Bo:,9267,M. I. M Dresses Ltd.,08-04-2022,4500,2799,,,faruk@shaningroup.net,,,,,,84.21052631578947,confirmed
Ba: Bo:,9268,M.I.M Dresses Ltd.,14-04-2022,2500,3872,,,iftiquar@mimdresses.com,,,,,,97.2972972972973,confirmed
Ba: Bo:,9270,Oshin Fashion Ware Ltd.,12-04-2020,2500,3161,,,shajal@bestshirtsbd.net,,,,,,82.6086956521739,confirmed
Ba: Bo:,9271,Orient Dresses Ltd.,01-04-2018,2500,1227,,,jashim@orient-bd.com,,,,,,100.0,confirmed
Ba: Bo:,9272,Green Textile Ltd.,13-03-2023,7000,5706,,,tanvir696@hotmail.com,,,,,,100.0,confirmed
Ba: Bo:,9274,Envoy Textiles Ltd.,14-03-2023,7000,5216,,,rubenapex@gmail.com,,,,,,83.33333333333334,confirmed
Ba: Bo:,9278,Badon Fashion Ltd.,19-04-2021,2500,3522,,,info@creativegroupbd.net,,,,,,91.89189189189189,confirmed
Ba: Bo:,9280,S.R.B Fashions Ltd.,04-04-2022,2500,5033,,,srbfashions@dhaka.net,,,,,,94.44444444444444,confirmed
Ba: Bo:,9290,United Apparel Composite Ltd.,25-04-2022,2500,6204,,,agcommercial@anowaragroup.com,,,,,,78.57142857142857,low
Ba: Bo:,9289,R N Knit Tex Ltd.,09-04-2022,2500,7028,,,altanvir@unitedcostume.net,,,,,,94.44444444444444,confirmed
Ba: Bo:,9293,Mahadi Fashion (Pvt.) Ltd.,24-04-2022,2500,5710,,,shapon322gmail.com,,,,,,98.0392156862745,confirmed
Ba: Bo:,9292,Unitex Knit Denim Ltd.,08-04-2018,2500,4746,,,jamshed@ritzyapparels.com,,,,,,71.11111111111111,low
Ba: Bo:,9295,The Padma Fabrics (Pvt.) Ltd.,08-04-2019,3500,385,,,reazweaz@gmail.com,,,,,,72.41379310344827,low
Ba: Bo:,9297,Mable & Frank Fashions Ltd.,18-04-2022,6500,5934,,,,,,,,,73.91304347826086,low
Ba: Bo:,9296,Habitus Fashion Ltd.,18-04-2022,6500,5753,,,md@texfortis.com,,,,,,100.0,confirmed
Ba: Bo:,9299,BD Sky Composite Ltd.,07-04-2022,2500,6227,,,md@bdskycl.com,,,,,,93.02325581395348,confirmed
Ba: Bo:,9300,Bango Garments Ltd.,21-04-2021,2500,99,,,jayantaneogi@bangagarmentsbd.com,,,,,,94.73684210526316,confirmed
Ba: Bo:,9301,Disney Sweater Ltd.,06-05-2022,3500,6059,,,disneysweater@gmail.com,,,,,,100.0,confirmed
Ba: Bo:,9304,Impressive Washing Ltd.,09-04-2020,4500,4220,,,fifltd@citechco.net,,,,,,70.0,low
Ba: Bo:,9305,Ark Washing Ltd.,03-04-2023,3500,4220,,,fifltd@citechco.net,,,,,,84.84848484848484,confirmed
Ba: Bo:,9310,Softex Sweater Industries (Pvt.) Ltd.,05-04-2022,3500,3777,,,rezwan@softexsweater.com,,,,,,88.23529411764706,confirmed
Ba: Bo:,9312,Knit Concept Ltd.,18-04-2022,2500,4405,,,masco@mascogrp.com,,,,,,89.47368421052632,confirmed
Ba: Bo:,9314,Fatulah Fabrics Ltd.,18-04-2022,6500,6768,,,fatullah@gmail.com,,,,,,97.5609756097561,confirmed
Ba: Bo:,9319,Labib Dyeing Mills Ltd.,14-03-2023,6500,5927,,,latifkm@latifkm.com,,,,,,75.0,low
Ba: Bo:,9318,Ripon Knitweare Ltd.,26-04-2022,3500,4629,,,faruk@ripongroupbd.com,,,,,,97.43589743589743,confirmed
Ba: Bo:,9321,Rahman Knit Garments Ltd.,10-04-2022,2500,2613,,,rkgl@dandylink.com,,,,,,84.7457627118644,confirmed
Ba: Bo:,9320,Fakir Fashion Ltd.,11-04-2022,6500,6587,,,akon@fakirfashion.com,,,,,,100.0,confirmed
Ba: Bo:,9323,AB Sweaters Ltd.,29-03-2019,2500,4732,,,basher@abgsweater.com,,,,,,96.96969696969697,confirmed
Ba: Bo:,9322,A B Sweaters Ltd.,29-04-2019,2500,4732,,,basher@abgsweater.com,,,,,,94.11764705882352,confirmed
Ba: Bo:,9332,Generation Next Fashions Ltd.,24-05-2021,2500,4916,,,info@gnf-bd.com,,,,,,100.0,confirmed
Ba: Bo:,9331,Anjir Apparels Ltd. (Unit-2),24-05-2022,4500,3843,,,anzirterrytowels@gmail.com,,,,,,90.56603773584906,confirmed
Ba: Bo:,9336,New Bismillah Dyeing & Printing,14-05-2022,3500,,,,,,,,,,0,none
Ba: Bo:,9337,Danish Knitware Ltd.,17-05-2021,2500,5724,,,khasandkl@gmail.com,,,,,,87.17948717948718,confirmed
Ba: Bo:,9339,Mam Apparel & Textiles Ltd,22-05-2022,2500/-,4195,,,junaied@mamappareltextile.com,,,,,,98.11320754716981,confirmed
Ba: Bo:,9350,Continental Spinning Mills Ltd.,06-05-2022,6500,3772,,,quddus@dragon-sweater.net,,,,,,79.24528301886792,low
Ba: Bo:,9351,M/S Mesis Garments Ltd.,14-06-2022,2500,242,,,faruque@giantbd.com,,,,,,80.95238095238095,confirmed
Ba: Bo:,9359,A C S Textile (BD) Ltd.,07-05-2022,7000,6080,,,info@cnagroupbd.com,,,,,,80.95238095238095,confirmed
Ba: Bo:,9360,Fair Apparels Ltd.,16-05-2022,2500,3061,,,quasem@global-bd.net,,,,,,100.0,confirmed
Ba: Bo:,9365,Versatile Apparels Ltd.,23-05-2022,2500,2879,,,vertex_ltd@onlinectg.net,,,,,,85.71428571428572,confirmed
Ba: Bo:,9366,Comfit Composite Knit Ltd. (Unit-03),17-05-2022,2500,4178,,,Munna@youthbd.com,,,,,,83.87096774193549,confirmed
Ba: Bo:,9367,Patriat Eco Apparels Ltd.,24-05-2022,2500,6246,,,iqbal@patriotgroupbd.com,,,,,,93.87755102040816,confirmed
Ba: Bo:,9372,Graphics Textiles ltd.,04-06-2022,5500,4825,,,contact@graphics.com.bd,,,,,,77.27272727272727,low
Ba: Bo:,9376,Fine Sweaters Ltd.,25-05-2022,5000,4144,,,roman.haider@cosmicbd.com,,,,,,94.44444444444444,confirmed
Ba: Bo:,9377,Flaxen Dress Maker Ltd.,25-05-2020,2500,4947,,,flaxen@flexengroup.com,,,,,,100.0,confirmed
Ba: Bo:,9380,M/S Odessa Fashion Ltd.,17-05-2022,2500,1962,,,adnan@zaastex.com,,,,,,88.37209302325581,confirmed
Ba: Bo:,9381,Sterling Apparels Ltd.,04-05-2022,2500,3206,,,fazlul@sterlingbd.com,,,,,,100.0,confirmed
Ba: Bo:,9383,M. T. Sweaters Ltd.,19-05-2022,2500,3818,,,rana@fashionsdesigns.com,,,,,,86.48648648648648,confirmed
Ba: Bo:,9382,M. T. Sweaters Ltd.,19-05-2022,2500,3818,,,rana@fashionsdesigns.com,,,,,,86.48648648648648,confirmed
Ba: Bo:,9385,Nurun Nahar Knitware Ltd.,29-06-2021,2500,4110,,,jamal.nnkl@gmail.com,,,,,,90.19607843137256,confirmed
Ba: Bo:,9386,M/S Hossen Textile Mills,19-06-2022,4500,6130,,,,,,,,,71.11111111111111,low
Ba: Bo:,9396,Muajuddin Textile Ltd.,13-06-2022,2500,3424,,,muazuddin@worldnetbd.net,,,,,,95.45454545454545,confirmed
Ba: Bo:,9397,Ador Composite Ltd.,22-06-2022,2500,7080,,,zahirulhasan970@gmail.com,,,,,,88.88888888888889,confirmed
Ba: Bo:,9400,Kenpark Bangladesh Apparel (Private) Ltd,09-06-2022,7000/-,4572,,,info@kenpark-bangladesh.com,,,,,,93.5064935064935,confirmed
Ba: Bo:,9403,Univogue Garments Co. ltd,25-06-2022,5500/-,424,,,ashvin@uglgroup.com,,,,,,82.35294117647058,confirmed
Ba: Bo:,9404,Islam Garments Ltd. (Textile Division),22-06-2022,7000,1214,,,atiq@islam-garments.com,,,,,,77.77777777777779,low
Ba: Bo:,9405,Pimki Apparels Ltd.,08-06-2022,4500,4094,,,aba@abagroupbd.com,,,,,,97.43589743589743,confirmed
Ba: Bo:,9406,Thats It Fashion Ltd.,22-12-2022,2500,805,,,azad@hameemgroup.com,,,,,,95.45454545454545,confirmed
Ba: Bo:,9407,Active Composite Mills Ltd.,11-06-2022,2500,3565,,,babu@rising-group.com,,,,,,100.0,confirmed
Ba: Bo:,9408,G S Sweater Ltd.,25-06-2022,2500,4660,,,ms.sweaterltd@gmail.com,,,,,,88.23529411764706,confirmed
Ba: Bo:,9410,Sonali Fabrics & Textile Mills (Pvt.) Ltd. (Sweater Unit),19-05-2022,2500,6063,,,info@sonali-group.com,,,,,,83.1858407079646,confirmed
Ba: Bo:,9409,G S Sweater Ltd.,25-06-2022,2500,4660,,,ms.sweaterltd@gmail.com,,,,,,88.23529411764706,confirmed
Ba: Bo:,9414,Lereve Knitware Ltd.,18-06-2022,3500,3292,,,sharif.hasan0721@mfgbd.net,,,,,,78.04878048780488,low
Ba: Bo:,9413,Green Life Knittex Ltd.,06-06-2022,2500,2938,,,ashraf@grameentelecom.net.bd,,,,,,72.72727272727273,low
Ba: Bo:,9417,N Z Fabrics Ltd.,19-06-2022,7500,4593,,,shahid@rupagroup.net,,,,,,78.78787878787878,low
Ba: Bo:,9419,Knit Plus Ltd.,13-06-2022,2500,5146,,,ishtiaque@knitplusltd.com,,,,,,83.87096774193549,confirmed
Ba: Bo:,9418,Ripon Knitware Ltd.,15-06-2022,3500,4629,,,faruk@ripongroupbd.com,,,,,,94.73684210526316,confirmed
Ba: Bo:,9420,New Age Textiles Ltd.,04-06-2022,5500,6518,,,jamil@fourhgroup.com,,,,,,80.95238095238095,confirmed
Ba: Bo:,9421,New Age Textiles Ltd.,04-06-2022,5500,6518,,,jamil@fourhgroup.com,,,,,,80.95238095238095,confirmed
Ba: Bo:,9435,Knit Concern Ltd.,09-06-2022,6500,2383,,,joynal@knitconcern.com,,,,,,100.0,confirmed
Ba: Bo:,9437,M/S Hasan Textile & Toasting Mills,28-06-2022,3500,,,,,,,,,,0,none
Ba: Bo:,9439,Vertex Wear Ltd.,20-06-2022,2500,1187,,,magani@vertexgroup-bd.com,,,,,,100.0,confirmed
Ba: Bo:,9441,B.R Enterprise Dyeing & Finising Mills,25-06-2022,4500,4725,,,mahtab@falcongroupbd.com,,,,,,65.78947368421053,low
Ba: Bo:,9442,Anik Composite Mills Ltd.,22-06-2022,6500,3565,,,babu@rising-group.com,,,,,,88.46153846153845,confirmed
Ba: Bo:,9444,Sparkle Knit Composite Ltd.,03-09-2022,6500,5104,,,info@skcl-bd.com,,,,,,100.0,confirmed
Ba: Bo:,9445,Fakruddin Textile Mills Ltd.,27-06-2021,6500,4596,,,asif@urmigroup.net,,,,,,98.24561403508771,confirmed
Ba: Bo:,9447,STAR LIGHT SWEATERS LTD.,10-06-2022,3500,,,,,,,,,,0,none
Ba: Bo:,9464,Cute Dress Industry Ltd.,10-07-2022,2500,5908,,,mustafiz@cutedress.net,,,,,,88.37209302325581,confirmed
Ba: Bo:,9465,Sisal Composite Ltd.,27-07-2022,2500,5498,,,shahanoor@sisalapparel.com.bd,,,,,,100.0,confirmed
Ba: Bo:,9467,R M T Textile Mills Ltd.,12-07-2022,7500,3233,,,regent@spnetctg.com,,,,,,81.63265306122449,confirmed
Ba: Bo:,9469,Ever Bright Sweater Ltd.,11-06-2022,3500,4056,,,sheehab@everbright-group.net,,,,,,76.59574468085107,low
Ba: Bo:,9470,Radison Garments Ltd.,15-07-2022,2500,5716,,,riaz@radissonal.com,,,,,,95.45454545454545,confirmed
Ba: Bo:,9471,Relatives Fashions Ltd.,16-07-2019,2500,6000,,,pkmajumder10@gmail.com,,,,,,100.0,confirmed
Ba: Bo:,9472,Ethical Garments Ltd.,03-09-2022,2500,2732,,,kg.morshed@eurozonebd.com,,,,,,100.0,confirmed
Ba: Bo:,9476,Zaara Jeans & Knitwear Ltd.,10-06-2020,2500,5309,,,admin@zaarafashionjeans.com,,,,,,100.0,confirmed
Ba: Bo:,9477,Sweatertech Ltd.,25-07-2022,2500,4531,,,babul@sweatertech.com,,,,,,100.0,confirmed
Ba: Bo:,9484,Libas Textiles Ltd.,12-07-2022,6500,5992,,,,,,,,,100.0,confirmed
Ba: Bo:,9483,Knit Asia Ltd. (Unit-2),05-06-2022,5000,6677,,,info@knitasia.com,,,,,,100.0,confirmed
Ba: Bo:,9485,Libas Textiles Ltd.,25-06-2022,6500,5992,,,,,,,,,100.0,confirmed
Ba: Bo:,9487,Altimate Fashions Ltd.,27-07-2021,2500,1965,,,afl-1@azmatgroup.com,,,,,,87.8048780487805,confirmed
Ba: Bo:,9486,Comfit Composite Knit Ltd.,19-07-2022,6500,4178,,,Munna@youthbd.com,,,,,,100.0,confirmed
Ba: Bo:,9488,Top Tex Sweaters Ltd.,28-08-2022,2500,5043,,,info@toptexbd.com,,,,,,100.0,confirmed
Ba: Bo:,9499,Alim Knit (BD) Ltd.,14-07-2022,7000,4969,,,commercial@mondol.net,,,,,,100.0,confirmed
Ba: Bo:,9500,Mondal Fabrics Ltd.,12-07-2022,7500,4002,,,commercial@mondol.net,,,,,,94.73684210526316,confirmed
Ba: Bo:,9502,Ambia Knitting & Dyeing Ltd,15-07-2021,6500,3890,,,info@akhfashions.com,,,,,,86.79245283018868,confirmed
Ba: Bo:,9505,Four H Apparels ltd,16-06-2022,2500/-,5467,,,jamil@fourhgroup.com,,,,,,92.3076923076923,confirmed
Ba: Bo:,9506,KDS Garment Industries Ltd,22-06-2022,4500/-,40,,,garment@kdsgroup.net,,,,,,91.22807017543859,confirmed
Ba: Bo:,9510,Unicom Textile Mills Ltd.,19-12-2021,7000,5359,,,eftakher@uniformtextile.com,,,,,,80.0,confirmed
Ba: Bo:,9511,Jointex Fashion Wares Ltd.,02-07-2019,2500,6164,,,faridurrahman@jointex-bd.com,,,,,,96.15384615384616,confirmed
Ba: Bo:,9514,Riyad Sweater,29-07-2018,2500,4060,,,infosys@landmark-grpbd.com,,,,,,73.33333333333334,low
Ba: Bo:,9517,"M/S Muktadin Dyeing, Printing & Finishing Mills",16-07-2022,5500,5915,,,navyhosiery@gmail.com,,,,,,71.42857142857143,low
Ba: Bo:,9520,Kamal Yarn Ltd.,15-07-2022,7000,5749,,,info@kalamsweater.com,,,,,,66.66666666666667,low
Ba: Bo:,9522,Kamal Yarn Ltd.,15-07-2022,7000,5749,,,info@kalamsweater.com,,,,,,66.66666666666667,low
Ba: Bo:,9523,Syntax Finishing Mills Ltd.,12-07-2022,6000,2624,,,apexmail@apex-tg.net,,,,,,70.96774193548387,low
Ba: Bo:,9521,Kamal Yarn Ltd.,24-07-2021,7000,5749,,,info@kalamsweater.com,,,,,,66.66666666666667,low
Ba: Bo:,9524,A & A Trousers Ltd.,19-07-2022,3500,4671,,,mahbub@aandagroupbd.com,,,,,,100.0,confirmed
Ba: Bo:,9527,Libas Knitwear Ltd.,07-08-2022,3500,3292,,,sharif.hasan0721@mfgbd.net,,,,,,85.0,confirmed
Ba: Bo:,9530,Crossline Woven Garments Ltd.,28-08-2022,2500,5021,,,commercial1@crosslinewoven.com,,,,,,90.9090909090909,confirmed
Ba: Bo:,9531,Silver Composite Textile Mills Ltd.,25-06-2022,7000,5703,,,info@silverlinebd.com,,,,,,97.14285714285714,confirmed
Ba: Bo:,9532,M.T Sweaters Ltd.,15-08-2022,2500,3455,,,m_rahman@agni.com,,,,,,97.14285714285714,confirmed
Ba: Bo:,9533,M.T Sweaters Ltd.,19-08-2022,2500,3455,,,m_rahman@agni.com,,,,,,97.14285714285714,confirmed
Ba: Bo:,9534,New Wave Apparels Ltd.,10-08-2019,2500,1031,,,info@newwavebd.com,,,,,,97.67441860465115,confirmed
Ba: Bo:,9535,Al-Islam Textiles Ltd.,10-08-2022,2500,5175,,,mansur@pioneergroupbd.com,,,,,,100.0,confirmed
Ba: Bo:,9536,Rezaul Apparels (Pvt.) Ltd.,12-08-2022,2500,2458,,,tasfin@goldstargroupbd.com,,,,,,100.0,confirmed
Ba: Bo:,9543,J K Spinning Mills Ltd.,25-08-2022,7000,6705,,,joynal@knitconcern.com,,,,,,93.33333333333333,confirmed
Ba: Bo:,9546,R S Knit Wares (Pvt.) Ltd.,22-08-2022,2500,5899,,,,,,,,,90.56603773584906,confirmed
Ba: Bo:,9545,C R C Textile Mills Ltd.,15-08-2022,6500,3763,,,garment@kdsgroup.net,,,,,,82.6086956521739,confirmed
Ba: Bo:,9547,Square Apparels Ltd.,17-08-2022,4500,6027,,,sanchia@squaregroup.com,,,,,,100.0,confirmed
Ba: Bo:,9549,A. K. R Fashions Ltd.,18-08-2019,2500,3236,,,anwar@ajintl.com,,,,,,84.21052631578947,confirmed
Ba: Bo:,9550,Aspire Garments Ltd.,20-08-2022,2500,6251,,,info@aspiregarments.com,,,,,,100.0,confirmed
Ba: Bo:,9552,Q Point Fashion Ltd.,28-08-2021,2500,3198,,,enayet@fpl-bd.com,,,,,,91.89189189189189,confirmed
Ba: Bo:,9551,Intraco Fashion Ltd.,13-08-2022,2500,3484,,,patwary@perfectfashion-bd.com,,,,,,100.0,confirmed
Ba: Bo:,9553,Shimu Washing Plant,16-08-2018,2500,7012,,,mizanmahid7@gmail.com,,,,,,68.42105263157895,low
Ba: Bo:,9554,Jumar Fashion Ltd.,15-08-2018,2500,6312,,,s.jumerfashion@gmail.com,,,,,,94.44444444444444,confirmed
Ba: Bo:,9555,Smatex Knitting Ltd.,16-08-2018,2500,5721,,,knssourcing@yahoo.com,,,,,,82.92682926829268,confirmed
Ba: Bo:,9567,Kashfi Knitwares Ltd.,19-08-2020,2500,4213,,,jakir@kaizerknitwear.com,,,,,,80.95238095238095,confirmed
Ba: Bo:,9568,Tosy Knti Fabrics Ltd.,12-08-2022,2500,2460,,,tosyknit@gmail.com,,,,,,95.45454545454545,confirmed
Ba: Bo:,9566,Ethical Garments Ltd.,02-08-2022,2500,2732,,,kg.morshed@eurozonebd.com,,,,,,100.0,confirmed
Ba: Bo:,9569,Romo Fashion Today Ltd.,08-08-2022,2500,5247,,,ceo@romofashion.com,,,,,,100.0,confirmed
Ba: Bo:,9571,Mondol Knitwears Ltd.,22-11-2022,2500,5620,,,commercial@mondol.net,,,,,,100.0,confirmed
Ba: Bo:,9570,Giant Textiles Ltd.,10-08-2022,2500,5199,,,azfar.hassan@giantbd.com,,,,,,100.0,confirmed
Ba: Bo:,9573,High Born Fashion Ware,18-08-2020,2500,6835,,,md.yali99@gmail.com,,,,,,68.42105263157895,low
Ba: Bo:,9575,mithela textile Inds. Ltd,24-07-2022,6500,4430,,,clefo@bbts.net,,,,,,77.55102040816327,low
Ba: Bo:,9578,Buildex Knit Composite Ltd.,03-08-2022,2500,6194,,,buildexknitcomposite2gmail.com,,,,,,100.0,confirmed
Ba: Bo:,9580,Red and Green Textile Ltd.,22-08-2018,2500,4986,,,red.green.tex@gmail.com,,,,,,88.0,confirmed
Ba: Bo:,9581,Kashfi Knitwares Ltd.,21-08-2021,2500,4213,,,jakir@kaizerknitwear.com,,,,,,80.95238095238095,confirmed
Ba: Bo:,9582,A.S.R Sweater Ltd.,22-08-2021,6500,6024,,,md@asrgroupbd.com,,,,,,94.11764705882352,confirmed
Ba: Bo:,9584,Radisson Laundry Industries Ltd.,18-07-2022,6500,3205,,,arif@mascoknit.com,,,,,,71.69811320754718,low
Ba: Bo:,9585,M/S Hriday Textile Dyeing & Printing Industries,26-08-2018,5000,4467,,,hasan@lizfashion.com,,,,,,60.273972602739725,low
Ba: Bo:,9587,Rose Valley Fashion Ltd.,27-08-2018,2500,6618,,,bablu@nhk-ast.com,,,,,,100.0,confirmed
Ba: Bo:,9586,Saiham Knit Composite Ltd.,15-08-2022,7000,5330,,,md@saihamknit.com,,,,,,100.0,confirmed
Ba: Bo:,9588,Sahil Sweater Ltd.,27-08-2018,2500,6652,,,magicsweater@gmail.com,,,,,,83.33333333333334,confirmed
Ba: Bo:,9590,Sahil Sweater Ltd.,01-08-2022,2500,6652,,,magicsweater@gmail.com,,,,,,83.33333333333334,confirmed
Ba: Bo:,9593,Mother Textile Mills Ltd.,20-08-2020,7000,708,,,monotex@bdmail.net,,,,,,84.61538461538461,confirmed
Ba: Bo:,9594,Mother Textile Mills Ltd.,20-08-2020,7000,708,,,monotex@bdmail.net,,,,,,84.61538461538461,confirmed
Ba: Bo:,9596,Alliance Knit Composite Ltd.,18-09-2021,6500,5838,,,chairman@akclbd.com,,,,,,100.0,confirmed
Ba: Bo:,9607,Tama Knitware Ltd.,07-09-2021,2500,4482,,,yasartanim@gmail.com,,,,,,87.17948717948718,confirmed
Ba: Bo:,9606,Fakir Textile Mills,16-09-2022,6000,6690,,,fairtextilemills@yahoo.com,,,,,,85.71428571428572,confirmed
Ba: Bo:,9608,Executive Hi-Fashions Ltd.,26-09-2022,3500,6208,,,pinto@meghnaknit.com.bd,,,,,,100.0,confirmed
Ba: Bo:,9609,Florescent  Apparels Ltd.,19-10-2022,2500,901,,,zaman@florescent-bd.com,,,,,,100.0,confirmed
Ba: Bo:,9610,All Weather Fashions Ltd.,22-09-2022,2500,1154,,,md@allweatherfashions.net,,,,,,100.0,confirmed
Ba: Bo:,9611,Blessing Knitware Ltd.,21-06-2021,2500,6296,,,monirujjaman.murad@gmail.com,,,,,,95.45454545454545,confirmed
Ba: Bo:,9614,Bakhrabad Knitting Industries Ltd.,18-09-2022,2500,4255,,,bkil_bhuiyan@bakhrabad.com,,,,,,88.88888888888889,confirmed
Ba: Bo:,9616,Salek Textile Ltd.,03-09-2022,7500,5747,,,allabj@dhaka.net,,,,,,100.0,confirmed
Ba: Bo:,9617,Hams Garments Ltd.,06-09-2022,6500,4639,,,amanul.hossain@hams.com.bd,,,,,,100.0,confirmed
Ba: Bo:,9619,Uforia Apparels Ltd.,15-09-2022,6500,6659,,,kutubuddin@rafiaapparels.com,,,,,,87.17948717948718,confirmed
Ba: Bo:,9620,Global Knitware Ltd.,11-09-2022,2500,5207,,,romel@gkl-bd.com,,,,,,92.6829268292683,confirmed
Ba: Bo:,9622,Jointex Knit Wares Ltd. (Unit-2),03-09-2022,2500,5904,,,anayet@intramex-bd.com,,,,,,84.375,confirmed
Ba: Bo:,9621,Graphics Textiles Ltd.,20-09-2022,6500,4825,,,contact@graphics.com.bd,,,,,,100.0,confirmed
Ba: Bo:,9625,Matrix Sweaters Ltd.,12-09-2022,3500,4507,,,alamgir@matrixsweatersbd.com,,,,,,100.0,confirmed
Ba: Bo:,9630,Knit Asia Ltd. (Unit-2),20-09-2022,7000,6677,,,info@knitasia.com,,,,,,100.0,confirmed
Ba: Bo:,9633,Asha Moni Printing Industries,27-09-2022,4500,507,,,choice@globalctg.net,,,,,,65.45454545454545,low
Ba: Bo:,9639,Color Mark Washing Ltd.,18-09-2018,2500,4220,,,fifltd@citechco.net,,,,,,70.0,low
Ba: Bo:,9642,Koroni Tex Sweater Ltd.,21-09-2022,4500,6028,,,sunny@abanti.net,,,,,,88.88888888888889,confirmed
Ba: Bo:,9643,Chantik Garments Ltd.,15-09-2022,2500,4715,,,nazmul@fashionglobe-bd.com,,,,,,100.0,confirmed
Ba: Bo:,9644,Akij Textile Mills Ltd.,05-09-2022,6500,2154,,,arefin@arefingroupbd.com,,,,,,87.5,confirmed
Ba: Bo:,9645,Cross Line Oven Apparels Ltd.,28-09-2022,2500,5846,,,kuhel@crosslinewoven.com,,,,,,89.65517241379311,confirmed
Ba: Bo:,9646,Intraco Washing Ltd.,23-10-2022,3500,4220,,,fifltd@citechco.net,,,,,,75.67567567567568,low
Ba: Bo:,9663,Impress-Newtex Composite Textiles Ltd.,05-10-2022,3500,5424,,,nafis.doula@impress-newtex.com,,,,,,100.0,confirmed
Ba: Bo:,9664,Impress-Newtex Composite Textiles Ltd.,30-01-2022,3500,5424,,,nafis.doula@impress-newtex.com,,,,,,100.0,confirmed
Ba: Bo:,9670,Glare Fashions Ltd.,05-10-2021,2500,1711,,,info@bsagroupbd.net,,,,,,97.2972972972973,confirmed
Ba: Bo:,9668,Dynasty Sweater (BD) Ltd.,11-10-2022,4500,3908,,,info@dynastygroupbd.com,,,,,,100.0,confirmed
Ba: Bo:,9669,Karooni Knit Composite Ltd.,07-09-2022,7000,5165,,,mesbahrk@karooni.com,,,,,,100.0,confirmed
Ba: Bo:,9674,Al Libas Washing,04-10-2018,2500,7003,,,md@pacificbluejeans.com,,,,,,65.0,low
Ba: Bo:,9675,Gladiolus Fashion Ware Ltd.,27-10-2020,2500,2665,,,info@sepalgroupbd.com,,,,,,80.0,confirmed
Ba: Bo:,9676,Generation Next Fashions Ltd.,08-10-2022,2500,4916,,,info@gnf-bd.com,,,,,,100.0,confirmed
Ba: Bo:,9677,Nassa Apparels Ltd.,15-10-2022,2500,1525,,,nassa@nassagroup.org,,,,,,100.0,confirmed
Ba: Bo:,9679,Saturn Textile Ltd. (Unit-1),13-09-2022,2500,4547,,,moshiur@saturnbd.com,,,,,,79.16666666666666,low
Ba: Bo:,9678,Feroza Garments Ltd.,22-10-2022,2500,1664,,,feroza@nassagroup.org,,,,,,100.0,confirmed
Ba: Bo:,9680,Trouser Land Ltd.,21-10-2022,2500,6274,,,bazlus1968@gmail.com,,,,,,100.0,confirmed
Ba: Bo:,9681,A S T Knitware Ltd.,25-10-2022,2500,7183,,,compliance@smhgroupbd.com,,,,,,82.05128205128204,confirmed
Ba: Bo:,9683,Mas Trade International Garments Ltd.,07-10-2019,4500,288,,,sjahan123@gmail.com,,,,,,84.50704225352112,confirmed
Ba: Bo:,9685,Caesar Apparels Ltd.,17-10-2022,2500/-,4247,,,caesar@caesargroup.com,,,,,,100.0,confirmed
Ba: Bo:,9687,Afrah Fashion Ltd.,24-10-2022,2500/-,6286,,,adl@afrahdresses.com,,,,,,100.0,confirmed
Ba: Bo:,9692,S. R. P Sweaters Ltd.,24-10-2022,2500,2490,,,rahat@rracrylic.com,,,,,,87.17948717948718,confirmed
Ba: Bo:,9693,Ixora Apparels Ltd.,21-10-2020,2500,6155,,,ixoraapparels@gmail.com,,,,,,100.0,confirmed
Ba: Bo:,9694,Jarba Textile Mills Ltd.,21-10-2022,7000,6690,,,fairtextilemills@yahoo.com,,,,,,89.36170212765957,confirmed
Ba: Bo:,9695,Jarba Textile Mills Ltd.,03-10-2022,7000,6690,,,fairtextilemills@yahoo.com,,,,,,89.36170212765957,confirmed
Ba: Bo:,9700,Sun Aun Sweaters Ltd.,04-10-2021,2500,6302,,,enquiry@sunaunltd.com,,,,,,100.0,confirmed
Ba: Bo:,9703,Arabi Fashion Ltd.,20-09-2022,5000,5951,,,bablu@nhk-ast.com,,,,,,100.0,confirmed
Ba: Bo:,9704,Bengal Hariken Dyeing & Printing (Pvt.) Ltd.,04-10-2022,6500,5915,,,navyhosiery@gmail.com,,,,,,61.728395061728406,low
Ba: Bo:,9705,Ratool Apparels Ltd.,02-10-2019,2500,5351,,,hossain@ratoolapparels.com,,,,,,100.0,confirmed
Ba: Bo:,9706,Ratool Apparels Ltd.,02-10-2019,2500,5351,,,hossain@ratoolapparels.com,,,,,,100.0,confirmed
Ba: Bo:,9709,Zee-3 Washing Plant Ltd.,15-10-2022,7000,7012,,,mizanmahid7@gmail.com,,,,,,69.76744186046511,low
Ba: Bo:,9711,Aline Apparels Ltd.,18-10-2020,2500,6348,,,jasimanjumangmt@gmail.com,,,,,,94.73684210526316,confirmed
Ba: Bo:,9713,M/s. Rising Tex Fashion Ltd.,24-09-2022,2500,6323,,,connie.cao@infinittrend.com,,,,,,84.0,confirmed
Ba: Bo:,9714,Simftex Apparels & Washing Ltd.,07-10-2022,2500,5772,,,babu@rising-group.com,,,,,,98.36065573770492,confirmed
Ba: Bo:,9718,Unic Fabrics (Pvt.) Ltd.,22-10-2022,5000,4523,,,commercial@arrow-group.net,,,,,,77.55102040816327,low
Ba: Bo:,9720,Emon Fashion,18-10-2018,2500,7092,,,info.ankon20@gmail.com,,,,,,80.0,confirmed
Ba: Bo:,9722,Progress Apparels (Bangladesh) Ltd.,10-10-2022,5500,6285,,,all@progress-bd.com,,,,,,100.0,confirmed
Ba: Bo:,9723,M/S Seacotex Dyeing & Printing Ltd.,02-10-2021,7000,4761,,,ndslfeni@gmail.com,,,,,,73.01587301587303,low
Ba: Bo:,9725,Impress-Newtex Composite Textiles Ltd.,30-01-2022,3500,5424,,,nafis.doula@impress-newtex.com,,,,,,100.0,confirmed
Ba: Bo:,9726,Pakiza Apparels Ltd.,20-10-2022,6500,6681,,,mijan.r@fpg.com.bd,,,,,,90.0,confirmed
Ba: Bo:,9727,Caps Fashion Ltd.,22-10-2022,2500,5652,,,,,,,,,85.71428571428572,confirmed
Ba: Bo:,9729,Green Smart Shirts Ltd.,19-09-2022,2500,3893,,,hrd@azimwovenctg.com,,,,,,70.0,low
Ba: Bo:,9731,Tex Zone Knitware Ltd.,23-10-2018,2500,5625,,,,,,,,,80.0,confirmed
Ba: Bo:,9733,Jinnat Apparels Ltd.,26-11-2022,6500,3214,,,jabbar@dbl-group.com,,,,,,100.0,confirmed
Ba: Bo:,9736,APS Knit Composite Ltd.,25-12-2022,3500,5877,,,hasib@aps-group.org,,,,,,100.0,confirmed
Ba: Bo:,9744,Mens Fashion Ltd.,17-10-2022,5000/-,1828,,,azimmf@azimgroup.com,,,,,,97.14285714285714,confirmed
Ba: Bo:,9747,Cristal Composite Ltd.,14-10-2020,5500,5149,,,crystal01@agnionline.com,,,,,,95.45454545454545,confirmed
Ba: Bo:,9750,D N Textile Mills Ltd.,16-10-2022,6500,3763,,,garment@kdsgroup.net,,,,,,90.9090909090909,confirmed
Ba: Bo:,9751,Chaity Knit Composite Ltd.,17-10-2022,7000,5518,,,kalam@chaity.com,,,,,,100.0,confirmed
Ba: Bo:,9756,Dishang Sweater Ltd.,09-11-2022,3500,5441,,,shenglinguang@dishang.com,,,,,,100.0,confirmed
Ba: Bo:,9757,Bismillah Dyeing & Printing,17-11-2021,5500,,,,,,,,,,0,none
Ba: Bo:,9759,Asif Textile Mills,23-11-2022,3500,6130,,,,,,,,,76.92307692307692,low
Ba: Bo:,9758,Rupali Dyeing & Processing Mills Ltd.,01-11-2018,3500,6833,,,info@mosharafgroup.com,,,,,,68.29268292682926,low
Ba: Bo:,9760,Columbia Apparels Ltd.,21-11-2022,2500,3465,,,salahuddin_ahmed@mj-group.com,,,,,,100.0,confirmed
Ba: Bo:,9763,Meek Sweater & Fashions Ltd.,17-11-2022,3500,6141,,,mannan@meeksweater.com,,,,,,100.0,confirmed
Ba: Bo:,9764,Oasis Fashion  Ltd.(Unit-2),22-11-2022,4500,3438,,,kamal@oasisbd.net,,,,,,81.81818181818181,confirmed
Ba: Bo:,9768,Hossain Dyeing & Printing Mills Ltd.  (Unit-2),27-08-2022,7000,5915,,,navyhosiery@gmail.com,,,,,,68.29268292682926,low
Ba: Bo:,9769,Hossen Dyeing & Printing Mills Ltd. (Unit-2),27-09-2022,6500,6597,,,ababilpharma@gmail.com,,,,,,67.46987951807229,low
Ba: Bo:,9772,M & M Yearn Dyeing Mills Ltd.,03-09-2022,6000,4121,,,rakib@team.com.bd,,,,,,70.83333333333333,low
Ba: Bo:,9774,Honeywell Garments Ltd.,28-07-2022,2500,809,,,anwar@ajintl.com,,,,,,100.0,confirmed
Ba: Bo:,9770,Senshibal Fashion Ptv Ltd,02-11-2022,3500,5656,,,sensiblebd@gmail.com,,,,,,73.07692307692308,low
Ba: Bo:,9773,Uforia Apparels Ltd.,16-11-2022,2500,6659,,,kutubuddin@rafiaapparels.com,,,,,,87.17948717948718,confirmed
Ba: Bo:,9776,Dress Up Ltd.,04-10-2022,6000,4375,,,Zhou.qing@beaume.cn,,,,,,77.41935483870968,low
Ba: Bo:,9778,Mega Yarn Dyeing Mills Ltd.,13-11-2022,7000,4121,,,rakib@team.com.bd,,,,,,69.56521739130434,low
Ba: Bo:,9780,Mega Yearn Dyeing Mills Ltd.,21-11-2021,6500,4121,,,rakib@team.com.bd,,,,,,68.08510638297872,low
Ba: Bo:,9779,GMS Textile Ltd.,28-09-2022,7000,6345,,,eti@gmsbd.com,,,,,,96.96969696969697,confirmed
Ba: Bo:,9783,Fiber Fashion,15-11-2021,2500,975,,,sunbird@bdcom.com,,,,,,78.57142857142857,low
Ba: Bo:,9790,M/S Maya Textile Processing & Printing Industries,26-01-2023,3500,,,,,,,,,,0,none
Ba: Bo:,9799,Siraj Dyeing & Printing Industries,24-11-2022,5000,1910,,,nrgroup@global-bd.net,,,,,,66.66666666666667,low
Ba: Bo:,9803,West Apparels Ltd.,14-11-2022,2500,3523,,,ali@wegafashion.com,,,,,,88.88888888888889,confirmed
Ba: Bo:,9804,M/S Shahi Dyeing & Finishing Mills,12-11-2022,5000,2016,,,cotton@cottongroupbd.com.bd,,,,,,71.42857142857143,low
Ba: Bo:,9815,Touch Knit & Fashion Ltd.,18-11-2018,2500,5886,,,ahmed.ovie@gmail.com,,,,,,89.36170212765957,confirmed
Ba: Bo:,9819,Apparel Plus Eco Ltd.,02-11-2022,2500,6391,,,shamim@tnzbd.com,,,,,,100.0,confirmed
Ba: Bo:,9820,Purbachal Apparels Ltd.,24-10-2022,2500,6356,,,masud@corespunaprl.com,,,,,,97.77777777777777,confirmed
Ba: Bo:,9823,Latest Garments Ltd.,24-11-2022,2500,762,,,maqsudur@piakash.com,,,,,,100.0,confirmed
Ba: Bo:,9825,Meghna Knit Composite Ltd.,01-11-2022,6500,4265,,,pinto@meghnaknit.com.bd,,,,,,100.0,confirmed
Ba: Bo:,9826,Energypac Fashions Ltd.,20-09-2022,4500,4471,,,eel@vincit.net,,,,,,100.0,confirmed
Ba: Bo:,9827,Energypac Fashions Ltd.,20-10-2022,4500,4471,,,eel@vincit.net,,,,,,100.0,confirmed
Ba: Bo:,9828,Heaven Fashion Ltd.,12-09-2022,2500,5516,,,heavenfashionlimited@gmail.com,,,,,,100.0,confirmed
Ba: Bo:,9829,Delicate Garments Ltd.,06-12-2020,2500,5601,,,delowar@delicate-bd.com,,,,,,100.0,confirmed
Ba: Bo:,9830,Enart Fabrics & Quilt Ltd.,15-11-2021,2500,6301,,,info@innertgroup.com,,,,,,73.07692307692308,low
Ba: Bo:,9831,K. G Garments Ltd.,18-10-2022,2500,2817,,,spoursho@gmail.com,,,,,,88.88888888888889,confirmed
Ba: Bo:,9832,S F Denim Apparels Ltd.,06-12-2021,2500,2746,,,fuad@sfdenim.com,,,,,,89.36170212765957,confirmed
Ba: Bo:,9834,Tamishna Dyeing Industries Ltd.,29-11-2022,5000,7059,,,wadud3449@gmail.com,,,,,,73.07692307692308,low
Ba: Bo:,9835,Tamishna Dyeing Industries Ltd.,27-11-2021,5000,7059,,,wadud3449@gmail.com,,,,,,73.07692307692308,low
Ba: Bo:,9836,M I M Fashion Ware Ltd.,12-09-2022,2500,1528,,,info@mbm.group,,,,,,86.36363636363636,confirmed
Ba: Bo:,9837,Quince Dhaka Apparels Ltd.,28-11-2018,2500,3208,,,mohit@odell.com.bd,,,,,,75.55555555555556,low
Ba: Bo:,9838,Shomser Knit Fashions Ltd.,12-11-2022,2500,5142,,,info@shamserknitfashionltd.com,,,,,,96.15384615384616,confirmed
Ba: Bo:,9842,Ajtek Fashions Ltd.,04-12-2020,6000,5161,,,info@3afl.com,,,,,,85.71428571428572,confirmed
Ba: Bo:,9841,Padma Shatil Arab Fashions Ltd.,05-12-2021,2500,2371,,,wahid@psafashions.com,,,,,,95.08196721311475,confirmed
Ba: Bo:,9844,S S Sweater Ltd.,06-11-2020,3500,3941,,,shopon@sssweater.com,,,,,,90.9090909090909,confirmed
Ba: Bo:,9846,Taqwa Fabrics Ltd.,03-12-2023,2500,5088,,,arif@lantaburgroup.com,,,,,,100.0,confirmed
Ba: Bo:,9847,Blue Seal Textile Ltd.,20-12-2022,2500,4203,,,blueseal@sparkbd.com,,,,,,100.0,confirmed
Ba: Bo:,9849,Kaniz Fashions Ltd.,05-12-2022,2500,2857,,,commercial@group-qa.com,,,,,,100.0,confirmed
Ba: Bo:,9848,"Silver Composite Textile Mills Ltd. (Unit-1, Garments)",24-12-2021,3500,5703,,,info@silverlinebd.com,,,,,,78.65168539325843,low
Ba: Bo:,9854,Baly Yarn Dyeing Limited,21-12-2022,6500,4121,,,rakib@team.com.bd,,,,,,74.4186046511628,low
Ba: Bo:,9856,Abico knit composite Ltd,27-09-2022,3500,5939,,,info@ ababilbd.com,,,,,,64.0,low
Ba: Bo:,9859,Pan Pacific Sweaters Ltd.,07-12-2021,2500,3730,,,piash@prettygroupbd.com,,,,,,100.0,confirmed
Ba: Bo:,9861,Knit Asia Ltd. (Unit-2),03-12-2022,4500,6677,,,info@knitasia.com,,,,,,100.0,confirmed
Ba: Bo:,9860,Sadma Fashion Wear Ltd.,11-06-2022,6500,3517,,,nasir@sadmafashion.com,,,,,,100.0,confirmed
Ba: Bo:,9862,Knit Asia Ltd.,10-01-2023,5500,3054,,,allabj@newasiabd.com,,,,,,100.0,confirmed
Ba: Bo:,9863,Mohammadi Fashion 2000 Ltd,21-12-2022,2500,3551,,,idris@idsbd.com,,,,,,74.4186046511628,low
Ba: Bo:,9865,Barnali Textile & Printing Ind: (Pvt.) Ltd.,05-12-2021,6500,3806,,,info@harunbd.com,,,,,,65.75342465753424,low
Ba: Bo:,9866,Newest Fashions Ltd.,25-12-2019,2500,6290,,,info@newestfl.com,,,,,,100.0,confirmed
Ba: Bo:,9869,Apex Fashion Wear Ltd.,06-10-2022,3500,6231,,,gopesh@apexholdings.com,,,,,,100.0,confirmed
Ba: Bo:,9871,Intramex Sweater Ltd.,06-12-2020,3500,3877,,,export@intramex-bd.com,,,,,,100.0,confirmed
Ba: Bo:,9872,Shopan Washing Ltd.,16-12-2022,4500,6117,,,badal@tusuka.com,,,,,,73.6842105263158,low
Ba: Bo:,9873,Norp Knit Industries Ltd. (Unit-2),08-12-2022,6000,6046,,,sarkar@norpknit.com,,,,,,100.0,confirmed
Ba: Bo:,9874,Bonian Knit Fashions Ltd.,08-12-2019,2500,4391,,,bonianbd@hotmail.com,,,,,,100.0,confirmed
Ba: Bo:,9875,Magpie Composite Textile Ltd.,23-12-2022,5000,4557,,,md@magpiegroupbd.com,,,,,,100.0,confirmed
Ba: Bo:,9879,Opex Fashions Ltd.,23-11-2022,2500,2238,,,opex@bdmail.net,,,,,,87.17948717948718,confirmed
Ba: Bo:,9880,Blue Planet Fashion Ware Ltd.,20-12-2022,2500,7036,,,salam@blueplanetgroup.com,,,,,,84.21052631578947,confirmed
Ba: Bo:,9884,Anowara Fashions Ltd.,23-12-2022,2500,3380,,,yasinali@valiantbd.com,,,,,,100.0,confirmed
Ba: Bo:,9883,Safia Apparels Ltd.,03-12-2021,2500,6659,,,kutubuddin@rafiaapparels.com,,,,,,94.73684210526316,confirmed
Ba: Bo:,9885,Anowara Fashions Ltd.,23-12-2022,3500,3380,,,yasinali@valiantbd.com,,,,,,100.0,confirmed
Ba: Bo:,9894,Apparels Today Ltd.,25-06-2022,2500,4401,,,shakti@smsourcing.biz,,,,,,97.2972972972973,confirmed
Ba: Bo:,9896,The Rose Dresses Ltd.,03-12-2022,2500,4241,,,atiq@islam-garments.com,,,,,,100.0,confirmed
Ba: Bo:,9897,Al-Thaseen Garments Ind. Ltd.,30-12-2018,2500,6462,,,althaseengil@gmail.com,,,,,,87.5,confirmed
Ba: Bo:,9899,Romo Fashion,15-01-2023,2500,6687,,,ceo@romofashion.com,,,,,,100.0,confirmed
Ba: Bo:,9900,A K M Knitware Ltd.,18-01-2023,7000,4181,,,info@akhfashions.com,,,,,,83.33333333333334,confirmed
Ba: Bo:,9898,Needle Fashion Ltd.,03-01-2019,2500,5847,,,,,,,,,100.0,confirmed
Ba: Bo:,9901,Green Sweater Ltd.,05-01-2020,3500,6332,,,info@amreensweaterltd.com,,,,,,91.89189189189189,confirmed
Ba: Bo:,9903,Logos Apparels Ltd.,23-01-2023,6500,2812,,,hamza@logosbd.net,,,,,,100.0,confirmed
Ba: Bo:,9902,Logos Apparels Ltd.,23-12-2023,7000,2812,,,hamza@logosbd.net,,,,,,100.0,confirmed
Ba: Bo:,9907,Utah Knitting & Dyeing Ltd.,04-01-2023,7000,3795,,,psrazzak@utahgroup.net,,,,,,90.0,confirmed
Ba: Bo:,9908,Relatives Fashions Ltd.,03-01-2019,2500,6000,,,pkmajumder10@gmail.com,,,,,,100.0,confirmed
Ba: Bo:,9909,Apex Fashion Ware Ltd.,23-12-2022,2500,6231,,,gopesh@apexholdings.com,,,,,,95.45454545454545,confirmed
Ba: Bo:,9911,F G S Laundry Ltd.,18-01-2023,6500,3103,,,md_azim61@yahoo.com,,,,,,65.0,low
Ba: Bo:,9915,Satil Knitwear (Pvt.) Ltd,02-02-2022,2500,1837,,,manzur@stylogroup.net,,,,,,90.19607843137256,confirmed
Ba: Bo:,9917,Bismillah Fabrics Ltd,10-01-2023,2500/-,4670,,,zaman@divinetextile.com,,,,,,70.0,low
Ba: Bo:,9918,Thianis Apparels Ltd.,24-01-2023,3500/-,3143,,,shinest@dhaka.net,,,,,,85.71428571428572,confirmed
Ba: Bo:,9921,Baridi Garments Ltd.,14-01-2023,5000/-,2219,,,bgmea@misami.com,,,,,,97.5609756097561,confirmed
Ba: Bo:,9923,Afrah Washing Ind Ltd,14-01-2023,7000/-,4220,,,fifltd@citechco.net,,,,,,68.42105263157895,low
Ba: Bo:,9926,Kattoli Textile Ltd.,23-01-2023,2500/-,3900,,,director@ktlbd.com,,,,,,95.0,confirmed
Ba: Bo:,9925,Kattoli Textile Ltd.,23-01-2023,2500/-,3900,,,director@ktlbd.com,,,,,,95.0,confirmed
Ba: Bo:,9930,Pigeon Sweaters Ltd.,11-06-2022,2500,3942,,,polto@polestargroupbd.net,,,,,,87.17948717948718,confirmed
Ba: Bo:,9931,Hypoid Composite Knit Ltd.,09-01-2023,2500,4977,,,hckl@hypoidgroup.com,,,,,,100.0,confirmed
Ba: Bo:,9932,Atlanta Washing Ltd.,15-01-2019,2500,4220,,,fifltd@citechco.net,,,,,,75.67567567567568,low
Ba: Bo:,9933,Babylon Dresses Ltd.,15-01-2022,2500,2370,,,babylon@babylon-bd.com,,,,,,100.0,confirmed
Ba: Bo:,9934,A K H Fashion Ltd.,08-01-2023,4500,3236,,,anwar@ajintl.com,,,,,,85.71428571428572,confirmed
Ba: Bo:,9935,A K H Fashion Ltd.,07-01-2023,4500,3236,,,anwar@ajintl.com,,,,,,85.71428571428572,confirmed
Ba: Bo:,9944,Emaz Fashion Ware Ltd.,15-01-2022,2500,5712,,,,,,,,,95.45454545454545,confirmed
Ba: Bo:,9945,Niddle Apparels Ltd.,07-02-2023,2500,4496,,,rokon@smileapparels.com,,,,,,87.17948717948718,confirmed
Ba: Bo:,9947,Arrival Fashion Ltd.,19-01-2023,9000,2816,,,shafiq@arrivalfashion.com,,,,,,100.0,confirmed
Ba: Bo:,9949,York Fashion Ltd,22-01-2023,2500/-,2526,,,salim@yorkbd.com,,,,,,96.96969696969697,confirmed
Ba: Bo:,9948,Columbia Washing Plant Ltd.,19-01-2023,5500,7012,,,mizanmahid7@gmail.com,,,,,,69.56521739130434,low
Ba: Bo:,9950,Bangladesh Spiners & Kniters (Pvt.) Ltd.,05-01-2023,6000/-,2861,,,tonyche@bsklbd.com,,,,,,96.2962962962963,confirmed
Ba: Bo:,9952,Colour Fair Garments Washing Plant,23-01-2023,4500,6472,,,amanul.hossain@hams.com.bd,,,,,,63.63636363636363,low
Ba: Bo:,9955,Innovative Knitex Ltd.,24-01-2022,2500,5913,,,,,,,,,100.0,confirmed
Ba: Bo:,9962,Murad Apparels Ltd.,25-01-2023,2500,2268,,,mhd.rfl@gmail.com,,,,,,100.0,confirmed
Ba: Bo:,9961,Aswad Composite Mills Ltd.,18-01-2023,7000,4640,,,palmalexport@palmalgarments.com,,,,,,100.0,confirmed
Ba: Bo:,9963,Spartan Fashion Ltd.,15-03-2022,2500,5734,,,arman@spartanfashions.com,,,,,,97.5609756097561,confirmed
Ba: Bo:,9969,Kazipur Fashions Ltd.,16-01-2023,3500,1914,,,mosharraf_h@standard-group.com,,,,,,100.0,confirmed
Ba: Bo:,9968,Rangdhonu Spinning Mills Ltd.,06-01-2023,3500,3772,,,quddus@dragon-sweater.net,,,,,,74.50980392156863,low
Ba: Bo:,9973,Nurul Islam Spinning Mills Ltd.,15-02-2023,2500,3772,,,quddus@dragon-sweater.net,,,,,,75.47169811320755,low
Ba: Bo:,9974,Alien Apparels Ltd.,31-01-2023,2500,6348,,,jasimanjumangmt@gmail.com,,,,,,100.0,confirmed
Ba: Bo:,9976,Uttara Knitting & Dyeing Ltd.,07-02-2023,6500,2797,,,alana@citechco.net,,,,,,86.20689655172413,confirmed
Ba: Bo:,9978,Parkway Packaging & Printing Ltd.,22-01-2023,5000,,,,,,,,,,0,none
Ba: Bo:,9979,Liberty Knitware Ltd.,09-02-2023,6500,3292,,,sharif.hasan0721@mfgbd.net,,,,,,95.23809523809523,confirmed
Ba: Bo:,9980,Liberty Knitware Ltd.,09-02-2023,6500,3292,,,sharif.hasan0721@mfgbd.net,,,,,,95.23809523809523,confirmed
Ba: Bo:,9981,Keya Cosmetics Ltd. (Knit Composite Division),08-02-2022,7000,,,,,,,,,,0,none
Ba: Bo:,9988,Pantex Dress Ltd.,28-02-2022,2500,3850,,,bhabesh@pantexbd.com,,,,,,94.44444444444444,confirmed
Ba: Bo:,9989,Pantex Dress Ltd.,28-02-2022,2500,3850,,,bhabesh@pantexbd.com,,,,,,94.44444444444444,confirmed
Ba: Bo:,9991,Purba Apparels Ltd.,04-02-2022,2500,1346,,,,,,,,,90.0,confirmed
Ba: Bo:,9992,A J Super Garments Ltd.,26-02-2022,2500,4103,,,nassa@nassagroup.org,,,,,,89.36170212765957,confirmed
Ba: Bo:,9993,Designer Fashion Ltd.,09-02-2023,6500,6062,,,juddin@designerfashion.com.bd,,,,,,100.0,confirmed
Ba: Bo:,9995,Mark Wash & Dyeing Ltd.,15-02-2023,5500,4121,,,rakib@team.com.bd,,,,,,71.42857142857143,low
Ba: Bo:,9996,G S Garments Ltd.,14-02-2019,2500,6152,,,ranalaila@trouserlineltd.com,,,,,,90.9090909090909,confirmed
Ba: Bo:,10004,BD Knit Design Ltd.,05-02-2023,2500,6122,,,msknitdesign@gmail.com,,,,,,84.21052631578947,confirmed
Ba: Bo:,10005,Fiha Textile Ltd.,07-02-2023,5500,4869,,,,,,,,,84.84848484848484,confirmed
Ba: Bo:,10006,C A Knitware Ltd.,23-02-2023,2500,2096,,,info@nz-bd.com,,,,,,84.84848484848484,confirmed
Ba: Bo:,10008,S A Printing,18-02-2019,2500,5509,,,sa.alamkgm12@gmail.com,,,,,,64.28571428571428,low
Ba: Bo:,10009,M/S Fareque Knitwares Ltd.,06-02-2023,2500,1630,,,shajal@sweater-makers.com,,,,,,75.55555555555556,low
Ba: Bo:,10016,Mintex Fashion Ltd.,05-02-2020,2500,3411,,,beaugrp@colbd.com,,,,,,90.0,confirmed
Ba: Bo:,10017,H N Apparels Ltd.,05-02-2020,2500,4215,,,hanapparels@gmail.com,,,,,,88.23529411764706,confirmed
Ba: Bo:,10019,Sister Denim Composite Ltd.,15-02-2022,7000,6676,,,haider_rasel@yahoo.com,,,,,,80.76923076923077,confirmed
Ba: Bo:,10020,Sister Denim Composite Ltd.,15-02-2022,7000,6676,,,haider_rasel@yahoo.com,,,,,,80.76923076923077,confirmed
Ba: Bo:,10024,Space Sweater Ltd.,21-03-2022,2500,4646,,,sadek@spacebd.biz,,,,,,100.0,confirmed
Ba: Bo:,10023,Evitex  Apparels Ltd.,07-03-2023,2500,4237,,,evince@evincebd.com,,,,,,100.0,confirmed
Ba: Bo:,10025,Space Sweater Ltd.,21-03-2022,2500,4646,,,sadek@spacebd.biz,,,,,,100.0,confirmed
Ba: Bo:,10030,Rore Fashion Ltd.,18-03-2022,3500,6367,,,md@roarfashionltd.com,,,,,,94.11764705882352,confirmed
Ba: Bo:,10031,Bando Eco Apparels Ltd.,19-03-2022,2500,6222,,,rahman@teamtexgroup.com,,,,,,100.0,confirmed
Ba: Bo:,10034,Naba Knit Composite Ltd.,12-03-2022,2500,3808,,,info@pakizaknit.com,,,,,,88.0,confirmed
Ba: Bo:,10033,National Apparel Company Ltd.,10-03-2022,2500,156,,,national@bdcom.com,,,,,,88.88888888888889,confirmed
Ba: Bo:,10035,Moral Fashion Ltd.,17-03-2022,2500,6717,,,mehedi@moralfashion.com,,,,,,97.2972972972973,confirmed
Ba: Bo:,10041,Glory Spinning Ltd.,15-02-2023,2500,3772,,,quddus@dragon-sweater.net,,,,,,68.29268292682926,low
Ba: Bo:,10046,Amjad Dyeing Ltd.,19-03-2019,5000,4121,,,rakib@team.com.bd,,,,,,72.22222222222221,low
Ba: Bo:,10047,Crony Apparels Ltd. (Garments Unit),14-03-2022,7000,878,,,info@abanti.net,,,,,,70.37037037037037,low
Ba: Bo:,10049,Colotex Apparels Ltd.,06-03-2023,6500,6628,,,shaheb.ali@gmail.com,,,,,,90.47619047619048,confirmed
Ba: Bo:,10050,Nippon Garments Industries Ltd.,06-03-2023,2500,129,,,nazimuddin@abedingroup.com,,,,,,85.71428571428572,confirmed
Ba: Bo:,10051,Khantex Fashions Ltd.,22-03-2023,2500,6393,,,hksalim@khantex.net,,,,,,100.0,confirmed
Ba: Bo:,10052,Astex Garments Ltd.,13-03-2023,2500,2188,,,astex@astexgarmentsbd.com,,,,,,87.8048780487805,confirmed
Ba: Bo:,10053,MNR Sweaters Ltd.,29-12-2022,2500,5631,,,mostofa@mnrgroupbd.com,,,,,,100.0,confirmed
Ba: Bo:,10056,Mosharaf Composite Textile Mills Ltd.,15-03-2023,7000,5703,,,info@silverlinebd.com,,,,,,80.55555555555556,confirmed
Ba: Bo:,10054,Fokaruddin Textile Mills Ltd.,24-03-2023,5000,4596,,,asif@urmigroup.net,,,,,,93.10344827586206,confirmed
Ba: Bo:,10057,Mosharaf Composite Textile Mills Ltd.,15-03-2023,5000,5703,,,info@silverlinebd.com,,,,,,80.55555555555556,confirmed
Ba: Bo:,10059,Pakiza Dyeing & Printing Industries,05-03-2023,7000,6790,,,mohabbatgarments78@gmail.com,,,,,,66.66666666666667,low
Ba: Bo:,10060,Pakiza Dyeing & Printing Industries,05-03-2023,7000,6790,,,mohabbatgarments78@gmail.com,,,,,,66.66666666666667,low
Ba: Bo:,10063,Masihata Sweater Ltd.,27-02-2022,5500,3753,,,info@masihata.com,,,,,,97.67441860465115,confirmed
Ba: Bo:,10064,Agami Washing Ltd.,21-02-2023,6500,4220,,,fifltd@citechco.net,,,,,,85.71428571428572,confirmed
Ba: Bo:,10066,Jamjam Spinning Mills Ltd.,27-03-2019,2500,3772,,,quddus@dragon-sweater.net,,,,,,83.33333333333334,confirmed
Ba: Bo:,10067,Day Light Fashions Ltd.,27-03-2019,2500,3005,,,wahab@daygroupbd.com,,,,,,85.0,confirmed
Ba: Bo:,10068,K A C Composite Knit Industries Ltd.,27-03-2019,2500,6647,,,sadek.haidory@gmail.com,,,,,,83.33333333333334,confirmed
Ba: Bo:,10070,Dibbo Fashions Ltd.,28-03-2022,2500,6110,,,rubel@dibbofashions.com,,,,,,100.0,confirmed
Ba: Bo:,10079,sun fashion wear ltd,26-03-2023,3500/-,2639,,,info@sfwlimited.com,,,,,,78.04878048780488,low
Ba: Bo:,10082,M/S Arrow Fabrics Pvt. Ltd.,15-03-2023,3500/-,4523,,,commercial@arrow-group.net,,,,,,69.23076923076923,low
Ba: Bo:,10086,D K Textile Ltd.,27-04-2020,2500,3952,,,zahid@dkgbd.com,,,,,,90.9090909090909,confirmed
Ba: Bo:,10087,Amana Knit Fashion,23-04-2022,2500,6800,,,aaknitf@outlook.com,,,,,,84.84848484848484,confirmed
Ba: Bo:,10088,Badhan Knit Fashion Ltd.,21-04-2022,2500,5888,,,,,,,,,100.0,confirmed
Ba: Bo:,10093,Trouser World (Pvt.) Ltd.,13-06-2022,2500,4411,,,ripon@spiderbd.com,,,,,,97.95918367346938,confirmed
Ba: Bo:,10095,Dekko Garments Ltd.,14-04-2022,4500,150,,,info@dekkoisho.com,,,,,,100.0,confirmed
Ba: Bo:,10094,Elegant Washing Plant Ltd.,19-04-2023,7000,7012,,,mizanmahid7@gmail.com,,,,,,71.11111111111111,low
Ba: Bo:,10097,Riaz Export Apparels Ltd.,10-04-2022,2500,3421,,,faruk@shaningroup.net,,,,,,96.0,confirmed
Ba: Bo:,10102,Wave Tex Apparels Ltd.,08-04-2022,2500,5911,,,info@wavetexbd.com,,,,,,100.0,confirmed
Ba: Bo:,10106,Ultimate Fashions Ltd.,04-04-2022,4500,3167,,,vicky@ufl-bd.com,,,,,,100.0,confirmed
Ba: Bo:,10108,Aleya Apparels Ltd.,10-04-2022,2500,6348,,,jasimanjumangmt@gmail.com,,,,,,89.47368421052632,confirmed
Ba: Bo:,10111,Aroma Fashion Ware Ltd.,23-04-2022,2500,3072,,,aromafwl@bijoy.net,,,,,,95.65217391304348,confirmed
Ba: Bo:,10118,Zaman Fashion Wares Ltd.,25-04-2022,3500,3825,,,habibur25@yahoo.com,,,,,,82.92682926829268,confirmed
Ba: Bo:,10117,Designer Washing & Dyeing Ltd.,09-04-2022,6500,5833,,,mahdifashion@outlook.com,,,,,,65.38461538461539,low
Ba: Bo:,10119,Iris Fabrics Ltd.,08-04-2022,7000,4641,,,alam@irisgroupbd.com,,,,,,100.0,confirmed
Ba: Bo:,10121,Relux Fashion Ltd.,24-04-2019,2500,3555,,,mhd@siriusbb.com,,,,,,94.11764705882352,confirmed
Ba: Bo:,10122,Hollywood Fashions Pvt. Ltd.,04-05-2022,2500,233,,,dr.humayun@pioneercasual.com,,,,,,80.70175438596492,confirmed
Ba: Bo:,10124,Awmity Sweaters Ltd.,20-10-2022,3500,3903,,,afwl@dhaka.net,,,,,,97.43589743589743,confirmed
Ba: Bo:,10123,Grameen Knitware Ltd.,23-04-2022,6000,2938,,,ashraf@grameentelecom.net.bd,,,,,,95.23809523809523,confirmed
Ba: Bo:,10127,S F Fashion Ware Ltd.,02-04-2022,2500,3222,,,tutul@sasfashion-bd.com,,,,,,85.71428571428572,confirmed
Ba: Bo:,10128,Kentucky Textiles Ltd.,09-05-2022,7000,5336,,,ktl.bd@yahoo.com,,,,,,100.0,confirmed
Ba: Bo:,10130,Pritam Fashion Ware Pvt. Ltd.,21-05-2022,2500,2518,,,payrafashion_09@yahoo.com,,,,,,76.92307692307692,low
Ba: Bo:,10129,East Coast Knitware Pvt. Ltd.,09-05-2022,2500,7004,,,shfamily2@rmsons.net,,,,,,68.0,low
Ba: Bo:,10132,Amanat Shah Fabrics Ltd.,17-05-2022,6500,2524,,,ameenfa@gmail.com,,,,,,76.19047619047619,low
Ba: Bo:,10133,KDS Garment Industries Ltd,08-05-2022,6500/-,40,,,garment@kdsgroup.net,,,,,,91.22807017543859,confirmed
Ba: Bo:,10135,Chittagong knitware Pvt Ltd.,23-05-2022,3500,2243,,,bhuiyan_anis@yahoo.com,,,,,,64.28571428571428,low
Ba: Bo:,10144,R. B. S. R Fashions Ltd.,24-05-2022,2500,1372,,,melodyrm@bdcom.com,,,,,,80.95238095238095,confirmed
Ba: Bo:,10146,Ishayat Fashions Limited,26-12-2022,2500,6361,,,ismail@sharmingroup.com,,,,,,88.88888888888889,confirmed
Ba: Bo:,10148,Virgo Fashion Ltd.,08-05-2022,5500,5918,,,,,,,,,91.89189189189189,confirmed
Ba: Bo:,10156,Uotex Knitware Ltd.,23-05-2022,7000,5625,,,,,,,,,86.48648648648648,confirmed
Ba: Bo:,10158,Sunlight Dyeing & Processing Industries,06-05-2021,6500,,,,,,,,,,0,none
Ba: Bo:,10159,Tanaz Fashions Ltd,04-04-2022,2500,3991,,,mesbah_khan@windygroupbd.net,,,,,,97.2972972972973,confirmed
Ba: Bo:,10160,Messers Holywood Garments (Pvt.)Ltd.,30-12-2021,2500,942,,,mesbah_khan@windygroupbd.net,,,,,,75.75757575757575,low
Ba: Bo:,10162,Arunima Apparels Ltd.,11-05-2022,2500,3190,,,babu@rising-group.com,,,,,,97.5609756097561,confirmed
Ba: Bo:,10167,J. K Fabrics Ltd.,15-05-2022,6000,4380,,,a.chowdhury@newasiabd.com,,,,,,88.23529411764706,confirmed
Ba: Bo:,10168,Jk Fabrick  Ltd.,15-05-2022,6000,4380,,,a.chowdhury@newasiabd.com,,,,,,81.25,confirmed
Ba: Bo:,10169,JK Knit Composite Ltd,15-05-2022,6000,3456,,,khan@jkgroupbd.com,,,,,,93.33333333333333,confirmed
Ba: Bo:,10170,J. K Knit Composite Ltd.,15-05-2022,6000,3456,,,khan@jkgroupbd.com,,,,,,95.83333333333334,confirmed
Ba: Bo:,10176,Four H Apparels ltd,09-06-2022,7000/-,5467,,,jamil@fourhgroup.com,,,,,,92.3076923076923,confirmed
Ba: Bo:,10178,Baise textiles Ltd,09-06-2022,3500/-,2621,,,shibli@basetextile.com,,,,,,85.71428571428572,confirmed
Ba: Bo:,10181,Ams International Sweater Ltd.,07-06-2022,2500,6777,,,info@aansbd.com,,,,,,80.0,confirmed
Ba: Bo:,10182,Designtex Knitware Ltd.,24-05-2022,6500,6167,,,rafiq@designtexbd.com,,,,,,95.65217391304348,confirmed
Ba: Bo:,10184,Fraulen Fashion Ltd.,06-06-2022,2500,1523,,,hnf@colbd.com,,,,,,85.0,confirmed
Ba: Bo:,10186,Four Brothers Fashion Ltd.,06-06-2022,2500,1963,,,azim@shinestgroup.com,,,,,,89.36170212765957,confirmed
Ba: Bo:,10187,A J Super Garments Ltd.,11-06-2022,2500,4103,,,nassa@nassagroup.org,,,,,,89.36170212765957,confirmed
Ba: Bo:,10190,Avrora Fashion Ltd.,09-06-2019,2500,5780,,,,,,,,,100.0,confirmed
Ba: Bo:,10189,Ahmed Fashions (Unit-2),12-01-2023,2500,764,,,tariq@ahmedfashions.com,,,,,,75.67567567567568,low
Ba: Bo:,10193,J. F. K Fashion Ltd.,23-06-2022,4500,5871,,,kafil.uddin@rashidgroupbd.net,,,,,,84.21052631578947,confirmed
Ba: Bo:,10195,Abir Fashions,26-06-2022,2500,3837,,,tariq@ahmedfashions.com,,,,,,100.0,confirmed
Ba: Bo:,10198,Dowas Land Dyeing & Finising Industries Ltd.,13-06-2022,5500,1897,,,doel@doelgroup.com,,,,,,71.42857142857143,low
Ba: Bo:,10200,Vision Apparels (Pvt.) Ltd.,08-06-2019,2500,1574,,,ahagaffar@vission-bd.com,,,,,,100.0,confirmed
Ba: Bo:,10201,M/S Ashiya Washing Plant.,23-04-2022,2500,7012,,,mizanmahid7@gmail.com,,,,,,72.72727272727273,low
Ba: Bo:,10202,Generation Next Fashions Ltd.,15-06-2022,2500,4916,,,info@gnf-bd.com,,,,,,100.0,confirmed
Ba: Bo:,10205,New Age Apparels Ltd.,23-06-2022,7000,2168,,,info@newage-group.com,,,,,,82.92682926829268,confirmed
Ba: Bo:,10208,Motex Fashion,08-06-2022,2500,6399,,,mk@motex-dk.com,,,,,,100.0,confirmed
Ba: Bo:,10212,Hong Kong Fashions Ltd.,26-06-2022,2500,5657,,,mohiuddin.hongkong@gmail.com,,,,,,100.0,confirmed
Ba: Bo:,10213,A G Dresses Ltd.,11-06-2022,4500,3125,,,lasker@spnetctg.com,,,,,,87.5,confirmed
Ba: Bo:,10214,Bright Apparels Ltd.,13-06-2022,2500,866,,,iqbal@bhis.net,,,,,,100.0,confirmed
Ba: Bo:,10216,Gulshan Spinning Mills Ltd.,25-06-2022,7000,3772,,,quddus@dragon-sweater.net,,,,,,81.63265306122449,confirmed
Ba: Bo:,10222,Mac Textile Mills Ltd.,08-06-2022,5000,3587,,,saad_milaco@yahoo.com,,,,,,83.01886792452831,confirmed
Ba: Bo:,10225,Swan Sweaters Ltd.,25-07-2022,3500,3566,,,swan@dhaka.net,,,,,,100.0,confirmed
Ba: Bo:,10228,Fashion Ranway Co. Ltd.,14-07-2022,2500,6042,,,miru@foysalsoftware.net,,,,,,82.92682926829268,confirmed
Ba: Bo:,10229,Shafi Knit Ltd.,10-07-2022,2500,6088,,,kamal@kemsgroup.com,,,,,,100.0,confirmed
Ba: Bo:,10231,Reaz Knitware Ltd.,25-07-2022,2500,6404,,,liton@reazknitwear.com,,,,,,94.44444444444444,confirmed
Ba: Bo:,10230,Shafi Knit Ltd.,13-07-2022,2500,6088,,,kamal@kemsgroup.com,,,,,,100.0,confirmed
Ba: Bo:,10233,Sunjana Fabrics Ltd.,18-07-2022,7000,2525,,,sinhafwl1@yahoo.com,,,,,,84.21052631578947,confirmed
Ba: Bo:,10235,Rahim Textile Mills Ltd.,09-07-2022,6000,2329,,,tamalh@bdmail.net,,,,,,81.63265306122449,confirmed
Ba: Bo:,10236,NLZ Fashion Ltd.,13-07-2022,3500/-,5560,,,meraj150@yahoo.com,,,,,,100.0,confirmed
Ba: Bo:,10237,Fame Apparels Limited,22-07-2022,2500,2235,,,emran.farminbd@hotmail.com,,,,,,90.9090909090909,confirmed
Ba: Bo:,10238,Nirzhor Knitware Ltd.,19-07-2022,2500,4429,,,nirzhor.commercial@gmail.com,,,,,,95.23809523809523,confirmed
Ba: Bo:,10240,Esquire Knit Composite Ltd.,24-07-2022,6000,3283,,,esquire@bangla.net,,,,,,100.0,confirmed
Ba: Bo:,10243,Welltouch Apparels Ltd.,18-07-2022,2500,5743,,,,,,,,,100.0,confirmed
Ba: Bo:,10245,N R G Knit Composite,24-07-2022,3500,6902,,,ceo@efteknitcomposite.com,,,,,,76.92307692307692,low
Ba: Bo:,10244,N R G Knit Composite,22-07-2022,3500,6902,,,ceo@efteknitcomposite.com,,,,,,76.92307692307692,low
Ba: Bo:,10246,N R G Knit Composite,22-07-2022,3500,6902,,,ceo@efteknitcomposite.com,,,,,,76.92307692307692,low
Ba: Bo:,10247,N R G Knit Composite,22-07-2022,3500,6902,,,ceo@efteknitcomposite.com,,,,,,76.92307692307692,low
Ba: Bo:,10248,N R G Knit Composite,22-07-2022,3500,6902,,,ceo@efteknitcomposite.com,,,,,,76.92307692307692,low
Ba: Bo:,10257,M/S New Moynamoti Dyeing & Printing Works,03-07-2019,4500,,,,,,,,,,0,none
Ba: Bo:,10259,Babylon Knit Composite (BD) Ltd.,18-07-2019,5000,5939,,,info@ ababilbd.com,,,,,,79.3103448275862,low
Ba: Bo:,10265,Popular Dyeing & Printing,24-07-2022,4500,1429,,,jamunabd@bol-online.com,,,,,,62.96296296296296,low
Ba: Bo:,10266,Bomme Dyeing & Printing Ltd.,25-07-2019,4500,5915,,,navyhosiery@gmail.com,,,,,,67.6923076923077,low
Ba: Bo:,10267,M/S Rafsun Dyeing Ltd.,23-06-2022,4500,4121,,,rakib@team.com.bd,,,,,,68.29268292682926,low
Ba: Bo:,10270,Abir Fashions,17-07-2022,7000,3837,,,tariq@ahmedfashions.com,,,,,,100.0,confirmed
Ba: Bo:,10272,Paramount Textile Ltd.,14-07-2022,6500,6606,,,akif@sansgroupbd.com,,,,,,76.92307692307692,low
Ba: Bo:,10273,Wega Knitex Ltd.,13-07-2022,2500,6439,,,ali@wegaknitex.com,,,,,,100.0,confirmed
Ba: Bo:,10274,Columbia Apparels Ltd.,12-07-2022,2500,3465,,,salahuddin_ahmed@mj-group.com,,,,,,100.0,confirmed
Ba: Bo:,10276,Eva Dyeing & Printing,18-08-2022,6500/-,1910,,,nrgroup@global-bd.net,,,,,,64.40677966101696,low
Ba: Bo:,10278,Momin Textile Mills Ltd.,18-09-2022,4500/-,2329,,,tamalh@bdmail.net,,,,,,89.79591836734694,confirmed
Ba: Bo:,10290,Mimo Cotton Zone Textile Ltd.,29-08-2022,2500,6405,,,monir@cottonzoneltd.com,,,,,,100.0,confirmed
Ba: Bo:,10291,G M S Composite Knitting Industries Ltd.,14-07-2022,6500,6647,,,sadek.haidory@gmail.com,,,,,,84.21052631578947,confirmed
Ba: Bo:,10292,G M S Textiles Ltd.,11-08-2021,7000,5216,,,rubenapex@gmail.com,,,,,,83.33333333333334,confirmed
Ba: Bo:,10293,G M S Textiles Ltd.,10-08-2022,7000,5216,,,rubenapex@gmail.com,,,,,,83.33333333333334,confirmed
Ba: Bo:,10294,Kung Keng Textile (Bangladesh)  Co. Ltd.,22-08-2022,7000,7091,,,acsinfo@acstextiles.com,,,,,,72.22222222222221,low
Ba: Bo:,10295,Mahmud Fashion Ltd.,05-08-2022,6500,6303,,,rafee@mahmudgroupbd.com,,,,,,100.0,confirmed
Ba: Bo:,10298,T-Design Sweaters Ltd.,18-08-2022,3500,4865,,,halim@tdesignsweater.com,,,,,,100.0,confirmed
Ba: Bo:,10303,South West Composite Ltd.,19-08-2022,6500,4441,,,swclho@yahoo.com,,,,,,100.0,confirmed
Ba: Bo:,10304,Southern Knitware,22-08-2022,2500,5586,,,,,,,,,82.05128205128204,confirmed
Ba: Bo:,10306,Baraka Fashions Ltd.,28-08-2022,2500,2232,,,rabbani@barakapower.com,,,,,,100.0,confirmed
Ba: Bo:,10310,Dhaka Textile Ltd.,17-08-2022,7000,6048,,,ceo@prangroup.com,,,,,,86.48648648648648,confirmed
Ba: Bo:,10311,M/S Senu Mia Textile,14-07-2022,5500,3233,,,regent@spnetctg.com,,,,,,62.22222222222222,low
Ba: Bo:,10312,Harun Composite Mills Ltd.,24-08-2022,5500,3813,,,nashir@onecomposite.com,,,,,,80.0,confirmed
Ba: Bo:,10313,Charka Textile Ltd.,17-07-2022,2500,6048,,,ceo@prangroup.com,,,,,,94.73684210526316,confirmed
Ba: Bo:,10315,Brother Knit Composite Ltd.,21-07-2022,2500,6906,,,rzsalim@gmail.com,,,,,,84.61538461538461,confirmed
Ba: Bo:,10316,Crystal Martin Apparel Bangladesh Ltd.,22-08-2022,4500,4651,,,foiz.ahammed@bd.crystal-martin.com,,,,,,100.0,confirmed
Ba: Bo:,10327,Sruti Textile BD Ltd.,17-09-2022,6500/-,5979,,,shahid@soorty.com,,,,,,82.6086956521739,confirmed
Ba: Bo:,10331,Shamsher Rezia Fashions Ltd.,04-09-2022,2500,4287,,,ahmedbenjir@gmail.com,,,,,,100.0,confirmed
Ba: Bo:,10330,Alead Fashions Ware Ltd.,08-09-2021,5000,6231,,,gopesh@apexholdings.com,,,,,,82.6086956521739,confirmed
Ba: Bo:,10333,Zonron Sweaters Ltd.,08-10-2022,3500,3536,,,mazidtalukdar@yahoo.com,,,,,,89.47368421052632,confirmed
Ba: Bo:,10332,Mahmud Fashion Ltd.,10-10-2022,6500,6303,,,rafee@mahmudgroupbd.com,,,,,,100.0,confirmed
Ba: Bo:,10337,Torkq Fashions Ltd.,15-07-2022,3500,4623,,,kamal@torquebd.com,,,,,,92.3076923076923,confirmed
Ba: Bo:,10338,Saatatia Sweaters Ltd.,08-09-2022,4500,4086,,,ahrar@saadatiasweaters.com,,,,,,95.45454545454545,confirmed
Ba: Bo:,10339,Ananta Garments Ltd,04-09-2022,2500,4148,,,inam@ananta.com.bd,,,,,,97.43589743589743,confirmed
Ba: Bo:,10340,F N F Trade Fashion Ltd.,15-09-2022,3500,5665,,,mazumder.hossain@taratexbd.com,,,,,,77.27272727272727,low
Ba: Bo:,10343,Rocky Knitting Mills Pvt. Ltd.,26-09-2021,6500,3132,,,rockygrp@bdcom.com,,,,,,81.9672131147541,confirmed
Ba: Bo:,10342,M/S Ratul Textile,16-09-2022,6500/-,6345,,,eti@gmsbd.com,,,,,,70.58823529411764,low
Ba: Bo:,10344,Sun Flower Textile Mills,20-09-2022,5000/-,2329,,,tamalh@bdmail.net,,,,,,69.38775510204081,low
Ba: Bo:,10347,Ram Apparels Ltd.,20-09-2022,2500,3274,,,smmannan@bttb.net.bd,,,,,,91.42857142857143,confirmed
Ba: Bo:,10345,Knit Consern Ltd.,24-09-2022,6500,2383,,,joynal@knitconcern.com,,,,,,94.11764705882352,confirmed
Ba: Bo:,10348,Flaxen Dress Maker Ltd.,22-09-2022,3500,4947,,,flaxen@flexengroup.com,,,,,,100.0,confirmed
Ba: Bo:,10352,Zhongxin Textile (BD) Ltd.,22-09-2022,5500,4359,,,mozid@texeuropbangladesh.com,,,,,,68.18181818181819,low
Ba: Bo:,10354,M/S Robbani Washing,28-09-2022,4500,7012,,,mizanmahid7@gmail.com,,,,,,63.1578947368421,low
Ba: Bo:,10355,Stoffatex Fashions Ltd.,25-09-2022,3500,4694,,,nimeryc@gmail.com,,,,,,93.61702127659575,confirmed
Ba: Bo:,10356,Noman Knit Composite Mills Ltd.,20-09-2022,5000,5947,,,,,,,,,84.7457627118644,confirmed
Ba: Bo:,10357,Raar Sweaters limited,04-10-2022,2500,1043,,,dreamwears@gmail.com,,,,,,66.66666666666667,low
Ba: Bo:,10358,Fatheha Sweater Ltd.,18-09-2019,2500,5242,,,shahin106@gmail.com,,,,,,84.21052631578947,confirmed
Ba: Bo:,10360,Raj Washing Plant Ltd.,12-09-2022,4500,7012,,,mizanmahid7@gmail.com,,,,,,73.17073170731707,low
Ba: Bo:,10361,Raj Washing Plant Ltd.,07-09-2022,4500,7012,,,mizanmahid7@gmail.com,,,,,,73.17073170731707,low
Ba: Bo:,10364,Momin Spinning Mills Ltd.,18-09-2022,6500/-,3772,,,quddus@dragon-sweater.net,,,,,,80.85106382978724,confirmed
Ba: Bo:,10365,D S Laundry Washing,12-09-2022,2500,4220,,,fifltd@citechco.net,,,,,,61.111111111111114,low
Ba: Bo:,10367,World E Apparels (BD) Ltd.,12-07-2022,"5,000/-",6646,,,info@worldye.com,,,,,,90.56603773584906,confirmed
Ba: Bo:,10369,Disney Sweater Ltd.,15-09-2022,3500,6059,,,disneysweater@gmail.com,,,,,,100.0,confirmed
Ba: Bo:,10370,Disney Sweater Ltd.,15-09-2022,3500,6059,,,disneysweater@gmail.com,,,,,,100.0,confirmed
Ba: Bo:,10373,Saturn Textiles Ltd.,28-09-2022,3500,4547,,,moshiur@saturnbd.com,,,,,,100.0,confirmed
Ba: Bo:,10374,Amazing Fashions Ltd.,22-09-2022,4500,4421,,,z.hoque@fareastbd.com,,,,,,100.0,confirmed
Ba: Bo:,10383,Logos Apparels Ltd.,22-09-2022,3500,2812,,,hamza@logosbd.net,,,,,,100.0,confirmed
Ba: Bo:,10384,Versatile Textile Ltd.,10-09-2022,3500,5627,,,kalam@versatilebd.net,,,,,,97.77777777777777,confirmed
Ba: Bo:,10386,Hwa-well Textile (BD) Ltd.,14-09-2022,7000,2122,,,azizul@jerkin-group.com,,,,,,75.55555555555556,low
Ba: Bo:,10387,Progress Apparels (Bangladesh) Ltd.,10-10-2022,7000,6285,,,all@progress-bd.com,,,,,,100.0,confirmed
Ba: Bo:,10395,M/S H.R Textile,25-10-2022,6000,6606,,,akif@sansgroupbd.com,,,,,,68.75,low
Ba: Bo:,10404,Rising Fashions Ltd.,17-09-2022,2500,2542,,,babu@rising-group.com,,,,,,100.0,confirmed
Ba: Bo:,10405,Farrell Fashions Limited,17-10-2022,2500,6464,,,sharmin@farrellfashions.com,,,,,,88.88888888888889,confirmed
Ba: Bo:,10406,Medler Apparels Ltd.,23-09-2022,3500,4141,,,medlar@sinha-medlar.com,,,,,,95.0,confirmed
Ba: Bo:,10407,Generation Next Fashion Ltd.,06-08-2022,3500,4916,,,info@gnf-bd.com,,,,,,98.24561403508771,confirmed
Ba: Bo:,10411,Millennium Textiles (Southern) Ltd.,27-10-2021,3500,3502,,,naimul.chowdhury@renaissance.com.bd,,,,,,100.0,confirmed
Ba: Bo:,10413,Desh One Apparels Ltd.,14-10-2021,2500,5755,,,mz_the@yahoo.com,,,,,,83.72093023255813,confirmed
Ba: Bo:,10414,Abdullah Fashions Ltd.,14-12-2021,2500,6400,,,jannat.abdullahfashionsltd@gmail.com,,,,,,100.0,confirmed
Ba: Bo:,10415,Babylon Garments Ltd.,15-10-2022,4500,596,,,babylon@global-bd.net,,,,,,88.88888888888889,confirmed
Ba: Bo:,10423,H K Knit Fashion,19-12-2022,2500,6800,,,aaknitf@outlook.com,,,,,,77.41935483870968,low
Ba: Bo:,10424,Rony Dyeing & Finishing Mills (Pvt.) Ltd.,25-10-2021,5500,2016,,,cotton@cottongroupbd.com.bd,,,,,,80.51948051948052,confirmed
Ba: Bo:,10427,Al Afaj Sweater,09-10-2019,2500,7077,,,alafazsweater24@gmail.com,,,,,,73.33333333333334,low
Ba: Bo:,10426,M/S Fashion Flawer �Pvt Ltd,04-01-2023,2500,6755,,,ekabir69haq@gmail.com,,,,,,69.38775510204081,low
Ba: Bo:,10430,L Z Textile Ltd.,22-11-2022,2500,6019,,,,,,,,,87.5,confirmed
Ba: Bo:,10433,Islam Garments Ltd. (Textile Division),03-10-2022,7000,1214,,,atiq@islam-garments.com,,,,,,77.77777777777779,low
Ba: Bo:,10431,Kimbarli Fashion Ltd.,09-10-2022,2500,2897,,,babu@turagbd.net,,,,,,88.37209302325581,confirmed
Ba: Bo:,10434,Islam Garments Ltd. (Textile Division),03-10-2022,7000,1214,,,atiq@islam-garments.com,,,,,,77.77777777777779,low
Ba: Bo:,10436,Agami Apparels Ltd.,17-09-2022,3500,1669,,,md@dekkogroup.com,,,,,,100.0,confirmed
Ba: Bo:,10437,Intraco Fashion Ltd.,04-10-2021,2500,3484,,,patwary@perfectfashion-bd.com,,,,,,100.0,confirmed
Ba: Bo:,10441,Stylla Fashion Ltd.,22-10-2022,2500,4850,,,styrax@shagore.com,,,,,,87.17948717948718,confirmed
Ba: Bo:,10443,Sweatertech Ltd.,10-10-2021,2500,4531,,,babul@sweatertech.com,,,,,,100.0,confirmed
Ba: Bo:,10445,A & A Trousers Ltd.,20-10-2022,6500,4671,,,mahbub@aandagroupbd.com,,,,,,100.0,confirmed
Ba: Bo:,10446,M M Knitware Ltd.,20-09-2022,7000,3468,,,info@mmknitwear.com,,,,,,85.71428571428572,confirmed
Ba: Bo:,10448,Uttara Knitting & Dyeing Ltd.,26-10-2022,3500,2797,,,alana@citechco.net,,,,,,86.20689655172413,confirmed
Ba: Bo:,10451,Space Sweater Ltd.,14-10-2022,2500,4646,,,sadek@spacebd.biz,,,,,,100.0,confirmed
Ba: Bo:,10456,Hera Sweaters Limited,26-10-2022,3500,6272,,,sarwar.ahmed@herasweaters.com,,,,,,87.17948717948718,confirmed
Ba: Bo:,10458,Thermax Yearn Dide Fabrics Ltd.,16-10-2022,9000,4934,,,noman@znzfab.com,,,,,,65.51724137931035,low
Ba: Bo:,10460,Sim Fabrics Ltd.,04-10-2021,6500,5236,,,,,,,,,88.23529411764706,confirmed
Ba: Bo:,10462,Banika Fashion Ltd.,22-10-2022,2500,3814,,,nisher.banika@gmail.com,,,,,,97.43589743589743,confirmed
Ba: Bo:,10461,Sim Fabrics Ltd.,04-11-2021,5000,5236,,,,,,,,,88.23529411764706,confirmed
Ba: Bo:,10465,Panorama Apparels Ltd.,13-10-2022,2500,999,,,mmsohel@panoramabd.com,,,,,,100.0,confirmed
Ba: Bo:,10466,Panorama Apparels Ltd.,13-10-2022,2500,999,,,mmsohel@panoramabd.com,,,,,,100.0,confirmed
Ba: Bo:,10471,Narail Garments (Pvt.) Ltd.,22-10-2019,2500,1465,,,,,,,,,98.11320754716981,confirmed
Ba: Bo:,10472,Zihan Garments Industry Ltd.,13-10-2020,2500,6741,,,zahid@zihangroup.com,,,,,,100.0,confirmed
Ba: Bo:,10473,Cross Wear Industries Ltd.,25-10-2022,2500,5932,,,zahid@zihangroup.com.bd,,,,,,82.35294117647058,confirmed
Ba: Bo:,10474,Noman Knit Composite Mills Ltd.,03-10-2022,7000,5947,,,,,,,,,84.7457627118644,confirmed
Ba: Bo:,10475,Toufiq Denim & Knitware Ltd.,24-10-2022,2500,6362,,,toufiq@sbdesignebd.com,,,,,,96.42857142857143,confirmed
Ba: Bo:,10478,Saroz Garments Ltd.,09-10-2021,2500,3000,,,farida_hossain@goldenworldltd.com,,,,,,92.3076923076923,confirmed
Ba: Bo:,10481,New Arra Fashion Manuf. (BD) Ltd.,14-10-2022,6500/-,5700,,,zhangws@newera-bd.com,,,,,,83.07692307692307,confirmed
Ba: Bo:,10484,4 A Yearn Dyeing Ltd.,08-10-2022,2500,4121,,,rakib@team.com.bd,,,,,,95.0,confirmed
Ba: Bo:,10483,Excellent Sweater Ltd.,09-10-2021,2500,5512,,,nasir @esl-bd.com,,,,,,100.0,confirmed
Ba: Bo:,10482,Natural Wool Wears Ltd.,03-10-2022,2500,3737,,,mizan@naturalgroup.org,,,,,,100.0,confirmed
Ba: Bo:,10486,Reniya Fashion Ltd.,30-10-2019,2500,4965,,,reza@rezagroup-bd.com,,,,,,86.48648648648648,confirmed
Ba: Bo:,10485,Capella Knit Ltd.,30-10-2019,2500,3530,,,adofia@citecho.net,,,,,,73.33333333333334,low
Ba: Bo:,10489,Mega Yearn Dyeing Mills Ltd.,10-10-2021,7000,4121,,,rakib@team.com.bd,,,,,,68.08510638297872,low
Ba: Bo:,10493,Fuji Knitwares Ltd.,18-11-2021,2500,2894,,,awal@rupayansweater.com,,,,,,94.73684210526316,confirmed
Ba: Bo:,10494,Tamai knit Fashion Ltd,12-11-2022,2500,6707,,,info@sadmanbd.com,,,,,,78.04878048780488,low
Ba: Bo:,10500,Chorka Textile Ltd.,28-05-2022,7000,6048,,,ceo@prangroup.com,,,,,,100.0,confirmed
Ba: Bo:,10504,Cottage Apparels Ltd.,15-11-2022,3500,3515,,,info@onusgroup.com,,,,,,85.71428571428572,confirmed
Ba: Bo:,10503,Optimum Fashionware Ltd.,05-11-2022,2500,5959,,,optimumfwl@gmail.com,,,,,,80.0,confirmed
Ba: Bo:,10506,M/S Monir Textile,16-11-2022,5500/-,6345,,,eti@gmsbd.com,,,,,,64.70588235294117,low
Ba: Bo:,10505,Satata Textile,21-11-2022,4500/-,5936,,,,,,,,,74.07407407407408,low
Ba: Bo:,10507,Rupam Textile,21-11-2022,3500/-,5936,,,,,,,,,69.23076923076923,low
Ba: Bo:,10509,Union Kniting & Dyeing Ltd.,17-11-2020,2500,3422,,,union@hrcworks.com,,,,,,98.18181818181819,confirmed
Ba: Bo:,10525,Cadtex Garments Ltd.,25-11-2021,6500,6170,,,huddin@mail.beximtex.com,,,,,,85.0,confirmed
Ba: Bo:,10527,Lida Textile & Dyeing Ltd.,09-11-2022,3500,4467,,,hasan@lizfashion.com,,,,,,100.0,confirmed
Ba: Bo:,10530,R S Composite,16-11-2022,3500,5498,,,shahanoor@sisalapparel.com.bd,,,,,,72.72727272727273,low
Ba: Bo:,10531,Fakir Textile Mills,16-09-2022,6000,6690,,,fairtextilemills@yahoo.com,,,,,,85.71428571428572,confirmed
Ba: Bo:,10532,Subarna Dyeing & Screen Printing Works,16-11-2021,5000,,,,,,,,,,0,none
Ba: Bo:,10534,Garden Textile Mills Pvt. Ltd.,24-11-2022,5000,2154,,,arefin@arefingroupbd.com,,,,,,80.0,confirmed
Ba: Bo:,10533,Elham Fashion Ltd.,28-11-2022,2500,6198,,,yasir.1234@hotmail.com,,,,,,100.0,confirmed
Ba: Bo:,10535,M/S Tomizuddin Textile Mills Ltd.,11-11-2022,7000,3763,,,garment@kdsgroup.net,,,,,,65.45454545454545,low
Ba: Bo:,10537,Unity Fabrics Industries Ltd.,20-10-2022,6500,3518,,,unityfabric@gnbd.net,,,,,,84.61538461538461,confirmed
Ba: Bo:,10538,Formosa Poly Cotton Textile (BD) Ltd.,19-09-2022,7000,5979,,,shahid@soorty.com,,,,,,64.51612903225806,low
Ba: Bo:,10541,Vintage Garments Ltd.,10-12-2022,3500,3083,,,mesbah_khan@windygroupbd.net,,,,,,100.0,confirmed
Ba: Bo:,10549,Lease Washing Industries Ltd.,30-11--0001,4500,3608,,,info@givenseegroup.com,,,,,,75.47169811320755,low
Ba: Bo:,10548,H.I. Apparels Ltd.,12-12-2022,2500/-,4983,,,imamzimtex@bd.com,,,,,,100.0,confirmed
Ba: Bo:,10552,Scandesk Textile Industries Ltd.,22-12-2022,7000,7125,,,amal.podder@metrokd.com,,,,,,95.23809523809523,confirmed
Ba: Bo:,10553,Ishayat Fashions Limited,26-12-2022,5000,6361,,,ismail@sharmingroup.com,,,,,,88.88888888888889,confirmed
Ba: Bo:,10557,Due Fashion Ltd.,17-12-2022,2500,5254,,,,,,,,,93.75,confirmed
Ba: Bo:,10559,New Ideas Fashion Ltd,24-06-2021,2500,2945,,,ids-bd@yahoo.com,,,,,,84.21052631578947,confirmed
Ba: Bo:,10569,Taj Apparels,16-12-2022,2500,6214,,,ahsan2oceanapparelsbd.com,,,,,,88.0,confirmed
Ba: Bo:,10571,Hawlader Dyeing,17-12-2022,5000,,,,,,,,,,0,none
Ba: Bo:,10572,H B S Apparels Ltd.,30-12-2022,2500,7152,,,info@jbapparelsltd.com,,,,,,85.71428571428572,confirmed
Ba: Bo:,10570,M/S M M Dyeing,19-12-2021,4500,,,,,,,,,,0,none
Ba: Bo:,10575,Diana Garments (Pvt.) Ltd.,18-11-2022,2500,895,,,alana@citechco.net,,,,,,100.0,confirmed
Ba: Bo:,10577,Sultana Sweaters Ltd.,21-12-2022,4500,6419,,,alamgir@matrixsweaters.com,,,,,,100.0,confirmed
Ba: Bo:,10578,T Design Knitware Ltd.,26-12-2022,6500,6167,,,rafiq@designtexbd.com,,,,,,84.44444444444444,confirmed
Ba: Bo:,10576,Skylux Apparels Ltd.,13-12-2020,3500,6162,,,panna@sky-lux.com,,,,,,100.0,confirmed
Ba: Bo:,10580,Suki Dyeing Finishing Mills Ltd.,21-11-2022,6500/-,2016,,,cotton@cottongroupbd.com.bd,,,,,,79.41176470588236,low
Ba: Bo:,10581,M/S Angosree Dyeing & Printing,12-12-2021,3500,,,,,,,,,,0,none
Ba: Bo:,10582,Tru Fabrics Limited,16-11-2021,7000,4593,,,shahid@rupagroup.net,,,,,,72.22222222222221,low
Ba: Bo:,10584,Samira Sweaters,18-12-2020,2500,4923,,,,,,,,,76.47058823529412,low
Ba: Bo:,10585,LUsine Fashion Ltd.,30-05-2022,2500,1901,,,bashar@apparelbuyersolution.com,,,,,,87.17948717948718,confirmed
Ba: Bo:,10586,Reedisha Knitex Ltd.,05-12-2022,7000,3845,,,tuhin.hrm@groupreedisha-bd.com,,,,,,100.0,confirmed
Ba: Bo:,10588,Dard Composite Textiles Ltd.,27-12-2022,7000,4233,,,ndaulah@dirdgroup.org,,,,,,96.42857142857143,confirmed
Ba: Bo:,10589,Dard Composite Textiles Ltd.,27-12-2022,7000,4233,,,ndaulah@dirdgroup.org,,,,,,96.42857142857143,confirmed
Ba: Bo:,10590,M H C Apparels (Pvt.) Ltd.,13-08-2022,3500,4084,,,mhcp@mhcplbd.com,,,,,,85.71428571428572,confirmed
Ba: Bo:,10592,T M Textiles & Garments Ltd.,13-12-2022,3500,4975,,,durjay@tmtgbd.com,,,,,,94.54545454545455,confirmed
Ba: Bo:,10593,T M Textiles & Garments Ltd.,13-12-2022,3500,4975,,,durjay@tmtgbd.com,,,,,,94.54545454545455,confirmed
Ba: Bo:,10587,Reedisha Knitex Ltd.,05-12-2022,6500,3845,,,tuhin.hrm@groupreedisha-bd.com,,,,,,100.0,confirmed
Ba: Bo:,10607,P A Knit Composite Ltd.,23-11-2022,7000,5103,,,spknit@dandylink.com,,,,,,91.30434782608697,confirmed
Ba: Bo:,10620,Amana Knitex Ltd.,10-01-2022,2500,4808,,,info@amangroupbd.com,,,,,,82.75862068965517,confirmed
Ba: Bo:,10623,Viyellatex Apparels Ltd,22-01-2023,3500,6510,,,david.hasanat@viyelltexgroup.com,,,,,,97.87234042553192,confirmed
Ba: Bo:,10628,Sababang Fashions Ltd.,01-12-2022,2500,3499,,,babu@rising-group.com,,,,,,95.45454545454545,confirmed
Ba: Bo:,10631,M/S Shahi Dyeing & Finishing Mills,12-11-2022,4500,2016,,,cotton@cottongroupbd.com.bd,,,,,,71.42857142857143,low
Ba: Bo:,10638,Dips Apparel Ltd.,28-03-2022,2500,6096,,,ndaulah@durdgroup.org,,,,,,88.88888888888889,confirmed
Ba: Bo:,10648,C R C Textile Mills Ltd.,05-01-2023,7000,3763,,,garment@kdsgroup.net,,,,,,82.6086956521739,confirmed
Ba: Bo:,10649,Meek Sweater & Fashions Ltd.,01-01-2023,3500,6141,,,mannan@meeksweater.com,,,,,,100.0,confirmed
Ba: Bo:,10651,Islam Textile Mills,24-01-2022,6500,6130,,,,,,,,,75.0,low
Ba: Bo:,10652,M G Knit Flair Ltd.,12-10-2022,2500,4099,,,info@mohammadigroup.com,,,,,,91.89189189189189,confirmed
Ba: Bo:,10653,R K Knit Dyeing Mills Ltd.,16-01-2023,6500,6668,,,palmalexport@palmalgarments.com,,,,,,81.4814814814815,confirmed
Ba: Bo:,10655,M R L Blue Jeans Washing Plant,13-01-2023,2500,7012,,,mizanmahid7@gmail.com,,,,,,61.224489795918366,low
Ba: Bo:,10656,The Rose Garments Desinger Ltd.,13-01-2022,2500,2987,,,sami@rosegroupbd.com,,,,,,96.7741935483871,confirmed
Ba: Bo:,10657,Anam Garments Ltd.,16-01-2023,2500,1073,,,jasim@anambd.com,,,,,,100.0,confirmed
Ba: Bo:,10658,Mutual Apparels Ltd.,22-12-2022,6500,6033,,,mutualpl.bd@gmail.com,,,,,,100.0,confirmed
Ba: Bo:,10660,Unifill Composite Dyeing Mills Ltd.,19-01-2023,5000,6597,,,ababilpharma@gmail.com,,,,,,81.08108108108108,confirmed
Ba: Bo:,10663,T M Textiles & Garments Ltd.,19-01-2023,7000,4975,,,durjay@tmtgbd.com,,,,,,94.54545454545455,confirmed
Ba: Bo:,10662,Shanta Garments Ltd.,30-01-2022,2500,176,,,jamil@sgl.shantagroup.com,,,,,,100.0,confirmed
Ba: Bo:,10667,Uttara Fabrics Pvt. Ltd.,17-01-2023,3500,5088,,,arif@lantaburgroup.com,,,,,,71.42857142857143,low
Ba: Bo:,10668,Beakon Knitware Ltd. (Factory-2),16-01-2023,6500,3294,,,dkl@epylliongroup.com,,,,,,72.1311475409836,low
Ba: Bo:,10681,Nayagra Textiles Ltd.,25-01-2023,3500,4570,,,,,,,,,90.47619047619048,confirmed
Ba: Bo:,10683,Nayagra Textiles Ltd.,25-01-2023,3500,4570,,,,,,,,,90.47619047619048,confirmed
Ba: Bo:,10682,Nayagra Textiles Ltd.,25-01-2023,3500,4570,,,,,,,,,90.47619047619048,confirmed
Ba: Bo:,10684,Nayagra Textiles Ltd.,25-01-2023,3500,4570,,,,,,,,,90.47619047619048,confirmed
Ba: Bo:,10685,Nayagra Textiles Ltd.,25-01-2023,3500,4570,,,,,,,,,90.47619047619048,confirmed
Ba: Bo:,10688,How Are You Textile Industry Ltd.,17-01-2023,7000,2375,,,krc.commercial@gmail.com,,,,,,67.64705882352942,low
Ba: Bo:,10689,Fakhruddin Textile Mills Ltd.,17-01-2023,6000,4596,,,asif@urmigroup.net,,,,,,100.0,confirmed
Ba: Bo:,10691,Sowkat Ali Textile,16-02-2022,6000,1907,,,,,,,,,72.22222222222221,low
Ba: Bo:,10693,M/S Momin Textile,15-02-2022,3500,5936,,,,,,,,,66.66666666666667,low
Ba: Bo:,10696,M R Sweater,24-01-2022,2500,7044,,,nssweater@gmail.com,,,,,,81.81818181818181,confirmed
Ba: Bo:,10700,Nippon Garments Industries Ltd.,08-02-2022,6500,129,,,nazimuddin@abedingroup.com,,,,,,85.71428571428572,confirmed
Ba: Bo:,10702,M/S Sun Textile,17-02-2022,6500,6345,,,eti@gmsbd.com,,,,,,68.75,low
Ba: Bo:,10703,M/S Fatema Textile Mills,15-02-2022,4500,5184,,,info@farihagroup.com,,,,,,75.0,low
Ba: Bo:,10704,M/S Sumi Traders &  Dyeing,13-02-2022,3500,4761,,,ndslfeni@gmail.com,,,,,,60.37735849056604,low
Ba: Bo:,10706,Master Garments Ltd.,06-02-2020,2500,423,,,master@dhaka.net,,,,,,100.0,confirmed
Ba: Bo:,10712,Tade Burn House Textile Industry Ltd.,06-02-2023,3500,6409,,,shohagh.ahemd@tedbernhardtz.com,,,,,,76.71232876712328,low
Ba: Bo:,10713,Tade Burn House Textile Industry Ltd.,06-02-2023,3500,6409,,,shohagh.ahemd@tedbernhardtz.com,,,,,,76.71232876712328,low
Ba: Bo:,10715,K. S. S Knit Composite Ltd.,16-02-2023,6000,6991,,,mdabdulawal260@gmail.com,,,,,,88.0,confirmed
Ba: Bo:,10716,Crown Fashion & Sweater Industries Ltd.,21-02-2023,3500,3440,,,rezaul@crownfashionbd.net,,,,,,88.88888888888889,confirmed
Ba: Bo:,10717,Crown Fashion & Sweater Industries Ltd.,21-02-2023,3500,3440,,,rezaul@crownfashionbd.net,,,,,,88.88888888888889,confirmed
Ba: Bo:,10718,Crown Fashion & Sweater Industries Ltd.,21-02-2023,3500,3440,,,rezaul@crownfashionbd.net,,,,,,88.88888888888889,confirmed
Ba: Bo:,10720,Hi-Tech Performance Apparels Ltd.,02-02-2022,2500,6441,,,htpalbd@gmail.com,,,,,,100.0,confirmed
Ba: Bo:,10721,Al Aroda Laundry,24-09-2022,2500,,,,,,,,,,0,none
Ba: Bo:,10722,Donglian Apparels (BD) Ltd.,21-02-2022,2500,2984,,,din@bdonline.com,,,,,,77.27272727272727,low
Ba: Bo:,10729,N R G Composite Yearn Dyeing,26-12-2022,6500,6597,,,ababilpharma@gmail.com,,,,,,62.68656716417911,low
Ba: Bo:,10728,N R G Composite Yearn Dyeing,26-12-2022,6500,6597,,,ababilpharma@gmail.com,,,,,,62.68656716417911,low
Ba: Bo:,10731,N R G Spinning Mills Ltd.,26-12-2022,6500,3772,,,quddus@dragon-sweater.net,,,,,,85.1063829787234,confirmed
Ba: Bo:,10732,N R G Spinning Mills Ltd.,26-12-2022,6500,3772,,,quddus@dragon-sweater.net,,,,,,85.1063829787234,confirmed
Ba: Bo:,10733,N R G Spinning Mills Ltd.,26-12-2022,6500,3772,,,quddus@dragon-sweater.net,,,,,,85.1063829787234,confirmed
Ba: Bo:,10735,N R G Spinning Mills Ltd.,26-12-2022,6500,3772,,,quddus@dragon-sweater.net,,,,,,85.1063829787234,confirmed
Ba: Bo:,10734,N R G Spinning Mills Ltd.,26-12-2022,6500,3772,,,quddus@dragon-sweater.net,,,,,,85.1063829787234,confirmed
Ba: Bo:,10736,N R G Spinning Mills Ltd.,26-12-2022,6500,3772,,,quddus@dragon-sweater.net,,,,,,85.1063829787234,confirmed
Ba: Bo:,10737,Southern Garments Ltd.,17-02-2022,3500,246,,,muhammad.sayeed@renaissance.com.bd,,,,,,100.0,confirmed
Ba: Bo:,10730,N R G Spinning Mills Ltd.,30-01-2022,7000,3772,,,quddus@dragon-sweater.net,,,,,,85.1063829787234,confirmed
Ba: Bo:,10745,Zamzam Spinning Mills Ltd.,06-09-2022,2500,3772,,,quddus@dragon-sweater.net,,,,,,79.16666666666666,low
Ba: Bo:,10746,Baise Textile LTD,15-01-2023,7000/-,2621,,,shibli@basetextile.com,,,,,,82.35294117647058,confirmed
Ba: Bo:,10749,Arunima Sportwear Ltd.,13-02-2023,6000,3894,,,farooq@arunima-group.net,,,,,,91.30434782608697,confirmed
Ba: Bo:,10752,Gomti Textiles Ltd.,09-02-2023,6500,2443,,,akhter@gumtitex.com,,,,,,94.73684210526316,confirmed
Ba: Bo:,10754,Gramtech Knit Dyeing Finishing & Garments Ind. Ltd.,13-02-2023,3500,4189,,,rakib@team.com.bd,,,,,,90.72164948453609,confirmed
Ba: Bo:,10755,Gramtech Knit Dyeing Finishing & Garments Ind. Ltd.,13-02-2023,3500,4189,,,rakib@team.com.bd,,,,,,90.72164948453609,confirmed
Ba: Bo:,10757,Gramtech Knit Dyeing Finishing & Garments Ind. Ltd.,13-02-2023,3500,4189,,,rakib@team.com.bd,,,,,,90.72164948453609,confirmed
Ba: Bo:,10756,Gramtech Knit Dyeing Finishing & Garments Ind. Ltd.,13-02-2023,3500,4189,,,rakib@team.com.bd,,,,,,90.72164948453609,confirmed
Ba: Bo:,10758,Gramtech Knit Dyeing Finishing & Garments Ind. Ltd.,13-02-2023,3500,4189,,,rakib@team.com.bd,,,,,,90.72164948453609,confirmed
Ba: Bo:,10759,Khadiza Textile Processing & Printing Ind. Ltd.,23-02-2023,6500,5511,,,,,,,,,61.111111111111114,low
Ba: Bo:,10760,Vase Apparels Ltd.,12-02-2020,2500,1054,,,delsey.habib@gmail.com,,,,,,100.0,confirmed
Ba: Bo:,10761,K & S Fashion,26-02-2022,2500,7187,,,s.nfashion201077@gmail.com,,,,,,78.26086956521739,low
Ba: Bo:,10776,Cerry Knitwear Ltd.,07-03-2023,2500,2096,,,info@nz-bd.com,,,,,,85.71428571428572,confirmed
Ba: Bo:,10778,Momo Fashions Ltd.,09-03-2022,2500,6426,,,momoflbd@gmail.com,,,,,,100.0,confirmed
Ba: Bo:,10779,Northern Fashion Ltd.,21-02-2023,6500,4979,,,sayeed@nflbd.com,,,,,,100.0,confirmed
Ba: Bo:,10781,Khan Brothers Textile Mills Ltd.,13-03-2022,5500,6508,,,dtml@dbg.com.bd,,,,,,78.68852459016394,low
Ba: Bo:,10796,Impress-Newtex Composite Textiles Ltd.,19-03-2022,7000,5424,,,nafis.doula@impress-newtex.com,,,,,,100.0,confirmed
Ba: Bo:,10800,Confidence Texwear Ltd.,21-03-2022,2500,6384,,,sohel@alienstexwear.com,,,,,,76.19047619047619,low
Ba: Bo:,10801,M M Knit Ware Ltd.,03-05-2021,2500,6406,,,jamilornabkml@gmail.com,,,,,,82.35294117647058,confirmed
Ba: Bo:,10803,Marma Composite Ltd.,28-03-2021,5000,5672,,,,,,,,,94.73684210526316,confirmed
Ba: Bo:,10805,KGN MS Fashion Ltd.,23-03-2021,2500,6937,,,zhangws@newera-bd.com,,,,,,85.0,confirmed
Ba: Bo:,10806,Knit Horizon Ltd.,18-03-2023,2500,5417,,,info@knit-horizon.com,,,,,,100.0,confirmed
Ba: Bo:,10807,Amas Apparels Ltd.,31-01-2023,2500,4369,,,adams.apparels@yahoo.com,,,,,,91.89189189189189,confirmed
Ba: Bo:,10808,M S Knit Design Ltd.,07-03-2022,2500,6122,,,msknitdesign@gmail.com,,,,,,97.43589743589743,confirmed
Ba: Bo:,10813,M/s Dips apparels ltd.(Ext.),15-03-2023,2500/-,970,,,,,,,,,60.86956521739131,low
Ba: Bo:,10816,Crown Knitwear Ltd.,24-03-2023,3500,2096,,,info@nz-bd.com,,,,,,85.71428571428572,confirmed
Ba: Bo:,10817,Crown Knitwear Ltd.,24-03-2023,3500,2096,,,info@nz-bd.com,,,,,,85.71428571428572,confirmed
Ba: Bo:,10820,Pawla Knitwear (Pvt.) Ltd.,09-03-2022,2500,4113,,,,,,,,,100.0,confirmed
Ba: Bo:,10823,Alik Jeans Apparels Ltd.,10-03-2022,5000,4174,,,info@akikapparels.com,,,,,,80.95238095238095,confirmed
Ba: Bo:,10829,Shetu Knitwear,22-03-2020,2500,7134,,,ak.azad033@gmail.com,,,,,,80.0,confirmed
Ba: Bo:,10830,Sams Fashion,29-03-2023,2500,7187,,,s.nfashion201077@gmail.com,,,,,,81.81818181818181,confirmed
Ba: Bo:,10835,Motaleb Monowara Composite Pvt. Ltd.,09-03-2022,7000,6580,,,ceo@mmcplbd.com,,,,,,83.78378378378379,confirmed
Ba: Bo:,10837,D K Sweater Ltd.,13-03-2022,2500,3627,,,zabed@dkgbd.com,,,,,,96.7741935483871,confirmed
Ba: Bo:,10838,Ragadi Textile LTD,05-03-2023,2500,5698,,,info@ragadi.net,,,,,,86.48648648648648,confirmed
Ba: Bo:,10840,Crossline Knit Fabrics Ltd.,10-03-2022,6500,4827,,,mijan.r@fpg.com.bd,,,,,,81.4814814814815,confirmed
Ba: Bo:,10841,Manuri Textile Mills,08-03-2022,4500,6130,,,,,,,,,78.04878048780488,low
Ba: Bo:,10842,Prime Sweater Ltd.,22-03-2023,2500,3942,,,polto@polestargroupbd.net,,,,,,97.2972972972973,confirmed
Ba: Bo:,10844,T M Fashion Ltd.,22-03-2023,4500,6499,,,soumik@mufashionltd.com,,,,,,93.75,confirmed
Ba: Bo:,10850,Silver Apparels Ltd.,15-04-2022,2500,5867,,,info@silvergroupbd.com,,,,,,100.0,confirmed
Ba: Bo:,10851,The Rose Garments Designer Unit-2 Ltd.,25-04-2022,2500,2987,,,sami@rosegroupbd.com,,,,,,89.85507246376811,confirmed
Ba: Bo:,10853,M N S Garments Printing-08,06-04-2022,2500,1695,,,azim@shinestgroup.com,,,,,,60.86956521739131,low
Ba: Bo:,10854,Dip Knitwear Ltd.,24-04-2022,2500,4167,,,zahangir@dipknitwear.com,,,,,,86.48648648648648,confirmed
Ba: Bo:,10856,Manel Fashion Ltd.,14-04-2022,3500,5976,,,,,,,,,100.0,confirmed
Ba: Bo:,10890,A. Z. M Style Wear Ltd.,14-04-2022,4500,6530,,,info@birds-group.com,,,,,,80.95238095238095,confirmed
Ba: Bo:,10910,Ibrahim Knit Garments Pvt. Ltd.,09-04-2022,6500,5922,,,ikgpl@dhaka.net,,,,,,81.25,confirmed
Ba: Bo:,10912,Chowdhury Garments Ltd.,18-04-2020,2500,2743,,,amin@chowdhurygarmentsltd.com,,,,,,100.0,confirmed
Ba: Bo:,10915,Badsha Textiles Ltd.,18-04-2022,5500,5717,,,,,,,,,87.8048780487805,confirmed
Ba: Bo:,10918,Rainbo Washing Ltd.,22-04-2022,6500,6117,,,badal@tusuka.com,,,,,,73.6842105263158,low
Ba: Bo:,10919,Pakiza  Knit Composite Ltd.,10-04-2022,7000,3808,,,info@pakizaknit.com,,,,,,100.0,confirmed
Ba: Bo:,10920,Bonian Knit Fashions Ltd.,26-04-2022,2500,4391,,,bonianbd@hotmail.com,,,,,,100.0,confirmed
Ba: Bo:,10921,A T S Auto Sweater Ltd.,26-04-2020,3500,6339,,,btel.bd77@yahoo.com,,,,,,86.36363636363636,confirmed
Ba: Bo:,10923,Maximi Expo Apparels Ltd.,15-04-2021,2500,3421,,,faruk@shaningroup.net,,,,,,80.0,confirmed
Ba: Bo:,10924,A K H Knitting & Dyeing Ltd.,07-04-2022,6500,3890,,,info@akhfashions.com,,,,,,88.88888888888889,confirmed
Ba: Bo:,10930,A A Knit Spin Ltd.,10-04-2023,7000,6955,,,safiqul@spring-knitwearbd.com,,,,,,73.17073170731707,low
Ba: Bo:,10931,A A Knit Spin Ltd.,10-04-2023,7000,6955,,,safiqul@spring-knitwearbd.com,,,,,,73.17073170731707,low
Ba: Bo:,10932,A A Knit Spin Ltd.,10-04-2023,7000,6955,,,safiqul@spring-knitwearbd.com,,,,,,73.17073170731707,low
Ba: Bo:,10933,A A Knit Spin Ltd.,10-04-2023,7000,6955,,,safiqul@spring-knitwearbd.com,,,,,,73.17073170731707,low
Ba: Bo:,10934,Apparel Processing Industries,22-03-2023,2500,507,,,choice@globalctg.net,,,,,,83.63636363636364,confirmed
Ba: Bo:,10937,Titas Sweater Industries Ltd.,28-03-2022,2500,2841,,,shahin@youngonectg.com,,,,,,88.52459016393442,confirmed
Ba: Bo:,10941,Fashion Asia Ltd.,17-04-2022,3500,3235,,,sharifur@ntg.net.bd,,,,,,100.0,confirmed
Ba: Bo:,10944,M/S Dewyan Textile Mills,19-04-2022,6500,6508,,,dtml@dbg.com.bd,,,,,,71.69811320754718,low
Ba: Bo:,10943,Enam Sizing & Textile Mills,26-04-2022,4500/-,4143,,,gopesh@apexholdings.com,,,,,,67.79661016949152,low
Ba: Bo:,10946,Badrunnesa Sweaters Ltd.,24-05-2021,2500,4868,,,linu@badrunnesa-sweater.com,,,,,,100.0,confirmed
Ba: Bo:,10949,A T S Auto Sweater Ltd.,03-05-2020,2500,6339,,,btel.bd77@yahoo.com,,,,,,86.36363636363636,confirmed
Ba: Bo:,10950,Ismogh Sweater Ltd.,06-05-2022,2500,3738,,,cosmosweater@gmail.com,,,,,,84.21052631578947,confirmed
Ba: Bo:,10951,Brothers Fashion Ltd.,11-05-2022,2500,594,,,rakib@team.com.bd,,,,,,88.88888888888889,confirmed
Ba: Bo:,10957,A A Knit Spin Ltd.,30-11--0001,7000,6955,,,safiqul@spring-knitwearbd.com,,,,,,73.17073170731707,low
Ba: Bo:,10959,Quattro Fashion Ltd.,11-05-2022,4500,6428,,,shahid@quattrofashion.com,,,,,,100.0,confirmed
Ba: Bo:,10960,Wintex Fashion Ware Ltd.,03-05-2020,2500,2194,,,wingroup@wingroupbd.com,,,,,,95.83333333333334,confirmed
Ba: Bo:,10962,Sajeda Dyeing Printing & Processing,24-05-2022,6500,,,,,,,,,,0,none
Ba: Bo:,10963,Total Fashion Ltd.,19-05-2022,6500,4464,,,office@total-fashion.org,,,,,,100.0,confirmed
Ba: Bo:,10964,Argon Spinning Ltd.,10-05-2022,6500,2963,,,quddus@dragon-sweater.net,,,,,,73.46938775510203,low
Ba: Bo:,10986,Midland Knitwear Ltd.,10-04-2022,6500,5125,,,tian@bd.com,,,,,,87.17948717948718,confirmed
Ba: Bo:,10985,Midland Knitwear Ltd.,10-04-2022,6500,5125,,,tian@bd.com,,,,,,87.17948717948718,confirmed
Ba: Bo:,10998,Mutual Apparels Ltd.,17-12-2022,3500,6033,,,mutualpl.bd@gmail.com,,,,,,100.0,confirmed
Ba: Bo:,10999,South China Bleaching & Dyeing Factory Ltd.,04-05-2022,7000,,,,,,,,,,0,none
Ba: Bo:,11001,Friends Knittings Ltd.,26-05-2022,3500,830,,,md@debonairgroupbd.com,,,,,,100.0,confirmed
Ba: Bo:,11005,S S Sweater Ltd.,04-04-2023,3500,3941,,,shopon@sssweater.com,,,,,,90.9090909090909,confirmed
Ba: Bo:,11006,Paul Star Apparels (Pvt.) Ltd.,02-05-2022,2500,2458,,,tasfin@goldstargroupbd.com,,,,,,84.21052631578947,confirmed
Ba: Bo:,10991,Pearl Garments Company Ltd.,23-05-2022,3500,141,,,epic@epicbd.com,,,,,,100.0,confirmed
Ba: Bo:,11008,Lariv Knitwear Ltd.,26-05-2020,2500,3292,,,sharif.hasan0721@mfgbd.net,,,,,,80.0,confirmed
Ba: Bo:,11007,Jajira Fabrics,04-05-2022,2500,3547,,,arif@mascoknit.com,,,,,,64.70588235294117,low
Ba: Bo:,11010,Knit Fair Ltd.,26-10-2022,2500,5902,,,,,,,,,100.0,confirmed
Ba: Bo:,11013,T S S Fashion,13-05-2022,2500,6487,,,s.s.fashionwears@gmail.com,,,,,,80.0,confirmed
Ba: Bo:,11014,Vib Gyor Fashion Ltd.,19-05-2021,2500,3336,,,alaksaha@gloryfashions.com,,,,,,80.0,confirmed
Ba: Bo:,11015,Donglian Fashion (BD) Ltd.,06-06-2022,2500,5771,,,,,,,,,78.26086956521739,low
Ba: Bo:,11016,Fashion Dot Com Ltd.,04-06-2022,2500,5776,,,,,,,,,86.48648648648648,confirmed
Ba: Bo:,11017,Paroshmoni Sweater Ltd.,25-05-2020,2500,3683,,,azadpsltd@gmail.com,,,,,,97.77777777777777,confirmed
Ba: Bo:,11018,Unimex Textile Mills Ltd.,20-05-2022,6500,3763,,,garment@kdsgroup.net,,,,,,76.59574468085107,low
Ba: Bo:,11019,Gulshan Spinning Mills Ltd.,13-05-2022,7000,3772,,,quddus@dragon-sweater.net,,,,,,81.63265306122449,confirmed
Ba: Bo:,11020,Maa Sokina Textile Mills,19-05-2022,6000,708,,,monotex@bdmail.net,,,,,,70.58823529411764,low
Ba: Bo:,11022,Rakef Apparels Washing & Packaging Ind. Ltd.,23-05-2021,6500,2943,,,info@passionjeans.net,,,,,,79.51807228915662,low
Ba: Bo:,11023,Harrods Garments Ltd,14-06-2022,7500/-,1092,,,harrods@colbd.com,,,,,,97.5609756097561,confirmed
Ba: Bo:,11025,Innova textiles Ltd,22-06-2022,4500/-,5160,,,,,,,,,76.92307692307692,low
Ba: Bo:,11035,Alhaz Akter Garments Ltd.,24-06-2022,2500,6445,,,admin@waseqgroup.net,,,,,,86.27450980392157,confirmed
Ba: Bo:,11037,Bonafied Knitting Mills Ltd.,11-06-2020,6000,6044,,,,,,,,,73.07692307692308,low
Ba: Bo:,11038,Charka Textile Ltd.,13-06-2022,3500,6048,,,ceo@prangroup.com,,,,,,94.73684210526316,confirmed
Ba: Bo:,11041,Welldone Apparel Ltd.,01-12-2022,5000,3010,,,mostofa@mnrgroupbd.com,,,,,,100.0,confirmed
Ba: Bo:,11040,Welldone Apparels Ltd.,25-06-2022,3500,3010,,,mostofa@mnrgroupbd.com,,,,,,97.67441860465115,confirmed
Ba: Bo:,11042,Urmi Garments Ltd.,27-06-2021,3500,571,,,asif@urmigroup.net,,,,,,100.0,confirmed
Ba: Bo:,11043,Trust Knitwear Ltd.,29-05-2023,6500,6481,,,info@trueknitwear.com,,,,,,91.89189189189189,confirmed
Ba: Bo:,11049,Alfa Dressware Ltd.,06-06-2022,2500,6112,,,adldrrrresswear@yahoo.com,,,,,,87.17948717948718,confirmed
Ba: Bo:,11051,Wega Fashion Sweater (Pvt.) Ltd.,20-06-2022,2500,2176,,,wega@citechco.net,,,,,,100.0,confirmed
Ba: Bo:,11052,Apparel Today Ltd.,13-06-2022,3500,4401,,,shakti@smsourcing.biz,,,,,,100.0,confirmed
Ba: Bo:,11053,Sadth Fashion Ltd.,13-06-2022,3500,5805,,,shahidul.sfl@sldhaka.com,,,,,,91.42857142857143,confirmed
Ba: Bo:,11054,Ekram Sweaters Ltd.,21-06-2021,2500,3726,,,aumollah@osmangroupbd.com,,,,,,100.0,confirmed
Ba: Bo:,11055,Ekram Sweaters Ltd.,21-06-2021,2500,3726,,,aumollah@osmangroupbd.com,,,,,,100.0,confirmed
Ba: Bo:,11058,Laurels Fashion Ltd.,12-07-2022,2500,5817,,,shahin@laurelsfashion.com,,,,,,100.0,confirmed
Ba: Bo:,11059,Laurels Fashion Ltd.,11-05-2022,2500,5817,,,shahin@laurelsfashion.com,,,,,,100.0,confirmed
Ba: Bo:,11063,Doreen Garments Ltd.,10-06-2022,2500,568,,,tahzeeb@doreen.com.bd,,,,,,100.0,confirmed
Ba: Bo:,11065,Paradise Washing Plant Ltd.,13-06-2022,6500,7012,,,mizanmahid7@gmail.com,,,,,,69.56521739130434,low
Ba: Bo:,11064,Doreen Garments Ltd.,12-06-2022,2500,568,,,tahzeeb@doreen.com.bd,,,,,,100.0,confirmed
Ba: Bo:,11067,Paramount Textile Ltd.,15-06-2022,7000,6606,,,akif@sansgroupbd.com,,,,,,76.92307692307692,low
Ba: Bo:,11069,Dhaka Garments & Washing Ltd.,11-06-2022,6500,6472,,,amanul.hossain@hams.com.bd,,,,,,91.80327868852459,confirmed
Ba: Bo:,11070,Evitex Dress Shirt Ltd.,21-06-2022,3500,5705,,,evince@evincebd.com,,,,,,100.0,confirmed
Ba: Bo:,11073,Ahmed Specialized Textile Mills Ltd,16-01-2022,5500,6543,,,mujib@smartjeansctg.com,,,,,,80.55555555555556,confirmed
Ba: Bo:,11075,Soroj Washing and Dying Ltd,06-06-2022,4500,,,,,,,,,,0,none
Ba: Bo:,11077,Mita Textile,15-06-2022,5000,5936,,,,,,,,,72.0,low
Ba: Bo:,11082,A S B Textile,22-06-2022,2500,5936,,,,,,,,,69.23076923076923,low
Ba: Bo:,11083,M F K Finishing,21-07-2022,2500,,,,,,,,,,0,none
Ba: Bo:,11084,K C Apparels Ltd.,19-06-2022,7000,5791,,,t-ino@gavans.com,,,,,,90.9090909090909,confirmed
Ba: Bo:,11085,Clifton Apparels Ltd.,28-06-2022,4500,3088,,,,,,,,,100.0,confirmed
Ba: Bo:,11088,Millennium Washing Plant Ltd.,05-07-2020,2500,3068,,,info@dynastygroupbd.com,,,,,,69.23076923076923,low
Ba: Bo:,11093,Jarba Textile Mills Ltd.,24-06-2022,2500,6690,,,fairtextilemills@yahoo.com,,,,,,89.36170212765957,confirmed
Ba: Bo:,11092,Jarba Textile Mills Ltd.,25-07-2022,2500,6690,,,fairtextilemills@yahoo.com,,,,,,89.36170212765957,confirmed
Ba: Bo:,11094,Colotex Apparels Ltd.,21-06-2022,6500,6628,,,shaheb.ali@gmail.com,,,,,,90.47619047619048,confirmed
Ba: Bo:,11095,Logos Apparels Ltd. (Dyeing Section),13-07-2022,6500,2812,,,hamza@logosbd.net,,,,,,69.0909090909091,low
Ba: Bo:,11096,"A, S, T Knitwear Limited",08-06-2022,5000,4167,,,zahangir@dipknitwear.com,,,,,,77.27272727272727,low
Ba: Bo:,11097,N R G Composite Yearn Ltd.,07-05-2021,7000,5407,,,karim@edgeconbd.com,,,,,,75.55555555555556,low
Ba: Bo:,11098,N R G Composite Yearn Ltd.,17-07-2022,7000,5407,,,karim@edgeconbd.com,,,,,,75.55555555555556,low
Ba: Bo:,11099,Knit valley Fashions Ltd,05-07-2022,5500,6418,,,enamul@wintergroupbd.com,,,,,,93.87755102040816,confirmed
Ba: Bo:,11101,Axis Knitwares Ltd.,09-07-2020,7000,6643,,,kamrool@axisknit.com,,,,,,94.73684210526316,confirmed
Ba: Bo:,11103,Scantex Knitware Ltd.,25-06-2022,2500,4392,,,alamgir@santexknit.com,,,,,,90.47619047619048,confirmed
Ba: Bo:,11104,Unicom Textile Mills Ltd.,19-12-2021,7000,5359,,,eftakher@uniformtextile.com,,,,,,80.0,confirmed
Ba: Bo:,11105,Rony knit composite pvt Ltd.,27-07-2022,7000,7061,,,acelonknitcomposite@gmail.com,,,,,,62.96296296296296,low
Ba: Bo:,11106,Global Outerwear Ltd.,16-07-2022,6500,2603,,,farhan.azim@azimgroup.com,,,,,,100.0,confirmed
Ba: Bo:,11107,Multitex Knit Composite Ltd.,16-07-2021,2500,6203,,,kalam@multitexbd.com,,,,,,100.0,confirmed
Ba: Bo:,11108,D K Global Fashion Wear Ltd.,12-06-2022,2500,5854,,,mahmud@dkglobalfashion.com,,,,,,94.54545454545455,confirmed
Ba: Bo:,11112,Majib Fashions Ltd.,04-07-2022,2500,5934,,,,,,,,,94.73684210526316,confirmed
Ba: Bo:,11114,Ananta Apparels Ltd.,06-07-2022,6500,6257,,,info@ananta-bd.com,,,,,,100.0,confirmed
Ba: Bo:,11113,Choity Composite Ltd.,17-07-2022,7000,4607,,,kalam@chaity.com,,,,,,95.23809523809523,confirmed
Ba: Bo:,11117,A B M Fashions Ltd.,12-07-2022,3500,3016,,,aba@abagroupbd.com,,,,,,88.88888888888889,confirmed
Ba: Bo:,11119,Hayat Fashions Ltd.,29-07-2021,2500,2762,,,hayatfashionltd@gmail.com,,,,,,97.2972972972973,confirmed
Ba: Bo:,11118,Y K Knitwear Ltd.,13-06-2022,3500,4181,,,info@akhfashions.com,,,,,,88.23529411764706,confirmed
Ba: Bo:,11120,AKR Fashions Ltd.,26-09-2022,2500,3981,,,rana@akrfashions.com,,,,,,100.0,confirmed
Ba: Bo:,11121,Mojibur Fashion,16-07-2021,2500,6883,,,mimfashion777@gmail.com,,,,,,76.92307692307692,low
Ba: Bo:,11132,Aspire Garments Ltd.,16-07-2022,4500,6251,,,info@aspiregarments.com,,,,,,100.0,confirmed
Ba: Bo:,11141,M/S Brothers Dyeing & Printing Mills,16-08-2022,6500/-,6833,,,info@mosharafgroup.com,,,,,,61.728395061728406,low
Ba: Bo:,11145,5 F Apparels Ltd.,07-08-2022,2500,6321,,,alitrade11@gmail.com,,,,,,90.9090909090909,confirmed
Ba: Bo:,11148,Yakub Fashion Ltd.,19-08-2020,2500,6495,,,nashiruddin3112@gmail.com,,,,,,100.0,confirmed
Ba: Bo:,11149,Obani Textiles Ltd.,12-09-2022,5500,6606,,,akif@sansgroupbd.com,,,,,,83.33333333333334,confirmed
Ba: Bo:,11151,Akij Textile Mills Ltd.,05-08-2022,6500,2154,,,arefin@arefingroupbd.com,,,,,,87.5,confirmed
Ba: Bo:,11161,Sruti Textile BD Ltd.,30-11--0001,6500,5979,,,shahid@soorty.com,,,,,,82.6086956521739,confirmed
Ba: Bo:,11163,Amana Knit Fashion,13-08-2022,2500,6800,,,aaknitf@outlook.com,,,,,,84.84848484848484,confirmed
Ba: Bo:,11164,Conway Knitwear Ltd.,22-08-2022,2500,2096,,,info@nz-bd.com,,,,,,83.33333333333334,confirmed
Ba: Bo:,11165,Knit Garden,22-08-2022,2500,771,,,gkw@bdonline.com,,,,,,69.23076923076923,low
Ba: Bo:,11166,Knit Radix Ltd.,07-08-2021,2500,5920,,,masud@knitradix.com,,,,,,100.0,confirmed
Ba: Bo:,11167,J M Knitwear Ltd.,05-08-2022,2500,3957,,,arik.abrar@gmail.com,,,,,,88.88888888888889,confirmed
Ba: Bo:,11176,Bely Yearn Dyeing Ltd.,17-08-2022,6500,4121,,,rakib@team.com.bd,,,,,,82.92682926829268,confirmed
Ba: Bo:,11186,P M Knitex Pvt. Ltd.,18-09-2022,2500,7004,,,shfamily2@rmsons.net,,,,,,73.17073170731707,low
Ba: Bo:,11185,M B Knit Fashion Ltd.,26-09-2022,2500,3862,,,babuiknit@abnetbd.com,,,,,,84.44444444444444,confirmed
Ba: Bo:,11187,P M Knitex Pvt. Ltd.,18-09-2022,2500,7004,,,shfamily2@rmsons.net,,,,,,73.17073170731707,low
Ba: Bo:,11189,Rifat Garments Ltd.,12-09-2022,6500,3896,,,azad@hameemgroup.com,,,,,,94.73684210526316,confirmed
Ba: Bo:,11188,Kazi Nur-E-Alam Textile & Enterlining (Pvt.) Ltd.,06-09-2022,6000,2487,,,mts2@colbd.com,,,,,,60.75949367088608,low
Ba: Bo:,11192,Banga Garments Ltd.,17-09-2022,2500,99,,,jayantaneogi@bangagarmentsbd.com,,,,,,100.0,confirmed
Ba: Bo:,11190,Rifat Garments Ltd,12-09-2022,6500,3896,,,azad@hameemgroup.com,,,,,,91.89189189189189,confirmed
Ba: Bo:,11193,Rising Apparels Ltd.,14-09-2021,2500,3020,,,babu@rising-group.com,,,,,,100.0,confirmed
Ba: Bo:,11195,Eman Fashion Ltd.,28-09-2022,7000,5855,,,amanahfashionbd@gmail.com,,,,,,88.88888888888889,confirmed
Ba: Bo:,11196,K S Apparels Ltd.,25-09-2022,3500,5122,,,dipakdkapparels@live.com,,,,,,90.9090909090909,confirmed
Ba: Bo:,11198,Bentex Apparels Ltd.,10-10-2022,2500,1351,,,,,,,,,100.0,confirmed
Ba: Bo:,11200,All Fashion Uniform Ltd.,04-10-2022,2500,2110,,,com@unigroupbd.com,,,,,,80.0,confirmed
Ba: Bo:,11199,A J Fashion Ltd.,17-09-2022,2500,3236,,,anwar@ajintl.com,,,,,,96.96969696969697,confirmed
Ba: Bo:,11202,Matircs Apparels Ltd.,25-09-2021,2500,1890,,,mohsin@marsapparels.com,,,,,,92.3076923076923,confirmed
Ba: Bo:,11223,Aliance Knit Composite ltd,05-09-2022,7000,5838,,,chairman@akclbd.com,,,,,,92.5925925925926,confirmed
Ba: Bo:,11224,Unicorn Sweater Ltd.,26-09-2022,3500,3207,,,management@sterlinggroup.com.bd,,,,,,97.5609756097561,confirmed
Ba: Bo:,11225,Fashion Flow Apparels Ltd.,27-09-2022,2500,6342,,,shazzad@fashionflow.com.bd,,,,,,100.0,confirmed
Ba: Bo:,11227,Enayet Garments Ltd.,14-09-2022,2500,1007,,,kaykay@bijoy.net,,,,,,100.0,confirmed
Ba: Bo:,11235,Young Four Aver Textiles Ltd.,11-08-2022,2500,5090,,,rajiv.chowdhury@bsasia.net.bd,,,,,,83.63636363636364,confirmed
Ba: Bo:,11234,Beka Garments & Textiles Ltd.,10-10-2021,2500,5522,,,bobbybd@jtcbd.com,,,,,,100.0,confirmed
Ba: Bo:,11237,I F S Tex Wear (Pvt.) Ltd.,28-08-2022,2500,3210,,,ifstex@seriousbroadband.com,,,,,,79.16666666666666,low
Ba: Bo:,11239,Bhuiya Fabrics Ltd.,19-09-2022,6500,4670,,,zaman@divinetextile.com,,,,,,73.6842105263158,low
Ba: Bo:,11240,Fariha Fashion Ltd.,24-09-2022,6500,2252,,,,,,,,,88.88888888888889,confirmed
Ba: Bo:,11242,Ruma Fabrics,05-09-2022,4500,4593,,,shahid@rupagroup.net,,,,,,75.86206896551724,low
Ba: Bo:,11241,Eurotex Knitwear Ltd.,27-09-2022,6500,5896,,,,,,,,,100.0,confirmed
Ba: Bo:,11245,Sultana Sweaters Ltd.,23-09-2022,2500,6419,,,alamgir@matrixsweaters.com,,,,,,100.0,confirmed
Ba: Bo:,11253,Fashion Summit Ltd.,14-09-2022,2500,6461,,,kkdas@fpl-bd.com,,,,,,100.0,confirmed
Ba: Bo:,11252,M/s. Padma Satel Arab Fashions Ltd.,04-09-2022,4500,2371,,,wahid@psafashions.com,,,,,,92.3076923076923,confirmed
Ba: Bo:,11256,Afiya Knit Wear Ltd.,17-09-2022,2500,3498,,,babylon@babylon-bd.com,,,,,,85.0,confirmed
Ba: Bo:,11257,Miti Apparels Ltd.,04-10-2020,2500,5852,,,mintapparelbd@gmail.com,,,,,,91.42857142857143,confirmed
Ba: Bo:,11258,New Age Apparels Ltd.,19-10-2022,2500,2168,,,info@newage-group.com,,,,,,82.92682926829268,confirmed
Ba: Bo:,11260,A Mojid & Sons Dyeing Printing Works,24-11-2022,5500,,,,,,,,,,0,none
Ba: Bo:,11262,Latif Weaving & Finishing Ltd.,10-09-2022,4500,2624,,,apexmail@apex-tg.net,,,,,,73.84615384615385,low
Ba: Bo:,11264,Chaity Knit Composite Ltd.,11-10-2021,6500,5518,,,kalam@chaity.com,,,,,,100.0,confirmed
Ba: Bo:,11267,Kwun Tong Apparels Ltd.,28-10-2021,4500,4216,,,cfo.kt@kwuntongapparels.com,,,,,,100.0,confirmed
Ba: Bo:,11272,Bravo Apparel Manufacturer Ltd.,12-10-2022,5000,6471,,,info@amtranet.com,,,,,,100.0,confirmed
Ba: Bo:,11271,Bravo Apparels Manufacturer Ltd.,12-10-2022,5000,6471,,,info@amtranet.com,,,,,,98.41269841269842,confirmed
Ba: Bo:,11275,Peak Apparels Ltd.,20-10-2022,2500,5061,,,peak@dhaka.net,,,,,,100.0,confirmed
Ba: Bo:,11276,Orix Washing Project,27-10-2021,5500,7012,,,mizanmahid7@gmail.com,,,,,,61.53846153846154,low
Ba: Bo:,11280,Nikita Apparels Ltd.,26-10-2021,2500,2973,,,simco@simcocorp.com,,,,,,87.17948717948718,confirmed
Ba: Bo:,11281,Purbani Fashion Ltd.,25-10-2022,2500,5860,,,info@purbanigroup.com,,,,,,100.0,confirmed
Ba: Bo:,11293,Jann Composite Mills Ltd.,27-10-2021,2500,3813,,,nashir@onecomposite.com,,,,,,81.63265306122449,confirmed
Ba: Bo:,11294,Cotton Zone Knit Composite Ltd.,04-10-2022,2500,6443,,,wahidcottonzone@gmail.com,,,,,,100.0,confirmed
Ba: Bo:,11297,Top Moon Fashion Ltd.,18-10-2022,2500/-,6534,,,absar@topstarfashionbd.com,,,,,,100.0,confirmed
Ba: Bo:,11299,Globus Garments Ltd.,21-10-2022,3500,1183,,,info@dekkoisho.com,,,,,,97.43589743589743,confirmed
Ba: Bo:,11302,Jinnat Apparels Ltd.,21-10-2022,6500,3214,,,jabbar@dbl-group.com,,,,,,100.0,confirmed
Ba: Bo:,11305,Rizvi Fashions Ltd.,04-10-2022,4500,5769,,,rizvistock@yahoo.com,,,,,,100.0,confirmed
Ba: Bo:,11306,Kumudini Washing,26-10-2021,2500,,,,,,,,,,0,none
Ba: Bo:,11307,Best Style Composite Ltd.,23-12-2022,2500,7146,,,info@sbknitcomposite.com,,,,,,86.27450980392157,confirmed
Ba: Bo:,11310,VENGURD GARMENTS LTD,05-10-2022,2500/-,,,,,,,,,,0,none
Ba: Bo:,11309,VENGURD GARMENTS LTD,05-10-2022,2500/-,,,,,,,,,,0,none
Ba: Bo:,11312,VENGURD GARMENTS LTD,05-10-2022,2500/-,,,,,,,,,,0,none
Ba: Bo:,11311,VENGURD GARMENTS LTD,05-10-2022,2500/-,,,,,,,,,,0,none
Ba: Bo:,11326,Knit Studio Ltd.,07-11-2022,2500,5067,,,anowar@knitstudio.net,,,,,,100.0,confirmed
Ba: Bo:,11328,Hi-tek Apparels Ltd.,28-10-2021,4500,1822,,,info@lithegroup.com,,,,,,87.17948717948718,confirmed
Ba: Bo:,11329,Sultana Sweaters Ltd.,23-10-2022,4500,6419,,,alamgir@matrixsweaters.com,,,,,,100.0,confirmed
Ba: Bo:,11335,Parvin Spinning Mills Ltd.,07-10-2022,4500,3772,,,quddus@dragon-sweater.net,,,,,,79.16666666666666,low
Ba: Bo:,11336,Jamal Uddin Textile,08-10-2022,6000/-,1538,,,landmark@bdmail.net,,,,,,62.857142857142854,low
Ba: Bo:,11337,Jamal Uddin Textile,08-10-2022,4500/-,1538,,,landmark@bdmail.net,,,,,,62.857142857142854,low
Ba: Bo:,11338,Akota &  Finishing Mills,20-10-2022,5000,2016,,,cotton@cottongroupbd.com.bd,,,,,,67.79661016949152,low
Ba: Bo:,11347,Florence Fabrics Ltd.,22-11-2022,2500,2126,,,quamar@me.com,,,,,,100.0,confirmed
Ba: Bo:,11346,Sharp  Knitting & Dyeing Ltd.,03-11-2022,2500,2797,,,alana@citechco.net,,,,,,98.24561403508771,confirmed
Ba: Bo:,11348,Space Sweater Ltd.,15-11-2022,2500,4646,,,sadek@spacebd.biz,,,,,,100.0,confirmed
Ba: Bo:,11349,GMS Textile Ltd.,24-10-2022,7000,6345,,,eti@gmsbd.com,,,,,,96.96969696969697,confirmed
Ba: Bo:,11351,Ananto Jeans Wear Ltd.,10-11-2022,3500,4909,,,info@ananta-bd.com,,,,,,80.0,confirmed
Ba: Bo:,11352,Knitex Dresses Ltd.,16-10-2022,5000,4505,,,commercial@mondol.net,,,,,,100.0,confirmed
Ba: Bo:,11355,Well Fabrics,20-11-2022,6000/-,6932,,,immanwar@gmail.com,,,,,,66.66666666666667,low
Ba: Bo:,11354,Well Composite Nit Ltd.,20-11-2022,"=6,500/-",5407,,,karim@edgeconbd.com,,,,,,80.95238095238095,confirmed
Ba: Bo:,11356,MZM Fashion,15-11-2022,2500/-,5640,,,,,,,,,81.81818181818181,confirmed
Ba: Bo:,11357,MZM Fashion Ltd.,15-11-2022,2500/-,7032,,,masudmm7fashion@gmail.com,,,,,,93.75,confirmed
Ba: Bo:,11363,N R N Knitting & Garments Ltd.,29-11-2021,3500,3293,,,,,,,,,70.37037037037037,low
Ba: Bo:,11367,Unigarden Incorporate Printing Solution,19-11-2021,2500,,,,,,,,,,0,none
Ba: Bo:,11366,Shams Washing Ltd.,16-12-2021,6000,6117,,,badal@tusuka.com,,,,,,75.67567567567568,low
Ba: Bo:,11369,Sap Fashions Ltd.,22-11-2022,3500,4323,,,sayed@sagfashion.com,,,,,,90.9090909090909,confirmed
Ba: Bo:,11371,Epyllion Fabrics Ltd.,02-10-2022,7000,3797,,,esl@epylliongroup.com,,,,,,77.27272727272727,low
Ba: Bo:,11373,Bango Fashion Ltd.,19-11-2020,5000,4591,,,m_rahman@agni.com,,,,,,94.44444444444444,confirmed
Ba: Bo:,11374,Bango Fashion Ltd.,19-11-2020,5000,4591,,,m_rahman@agni.com,,,,,,94.44444444444444,confirmed
Ba: Bo:,11377,Experience Textile Ltd.,09-11-2022,7000,5706,,,tanvir696@hotmail.com,,,,,,78.04878048780488,low
Ba: Bo:,11378,Romo Fashion Today Ltd.,06-11-2022,3500,5247,,,ceo@romofashion.com,,,,,,100.0,confirmed
Ba: Bo:,11380,Ahsan Composite Ltd.,25-09-2022,6500,6174,,,affanhtl@gmail.com,,,,,,90.0,confirmed
Ba: Bo:,11382,Sadat Apparels Ltd.,05-12-2022,2500,1553,,,titash@pradeshta.net,,,,,,94.73684210526316,confirmed
Ba: Bo:,11384,Hasan Tanvir Fashion Wear Ltd.,08-12-2022,2500,4200,,,zakir@nistyles.com,,,,,,98.36065573770492,confirmed
Ba: Bo:,11385,Sara Fashion Wear Ltd.,19-12-2022,2500,5828,,,info.novimodaknitwearltd.bd.@gmail.com,,,,,,100.0,confirmed
Ba: Bo:,11386,Apparels Plus Ltd.,02-12-2022,2500,5862,,,,,,,,,97.14285714285714,confirmed
Ba: Bo:,11388,D A L Knit Wear Ltd.,27-12-2021,2500,909,,,,,,,,,84.21052631578947,confirmed
Ba: Bo:,11387,M/S Starlet Apparels Ltd.,26-12-2021,2500,4659,,,md@starletbd.com,,,,,,91.30434782608697,confirmed
Ba: Bo:,11389,Best Dress Ware Ltd.,13-12-2021,2500,5688,,,shimul@bestshirtsbd.net,,,,,,78.04878048780488,low
Ba: Bo:,11390,Fashion 2000 Ltd.,22-12-2022,2500,3551,,,idris@idsbd.com,,,,,,100.0,confirmed
Ba: Bo:,11392,Sun Flower Textile Mills,12-12-2022,6000,2329,,,tamalh@bdmail.net,,,,,,69.38775510204081,low
Ba: Bo:,11395,Simba Fashions Ltd.,17-12-2022,2500,5267,,,navneet@simbafashion.com,,,,,,100.0,confirmed
Ba: Bo:,11397,Jhalmal Textile Mills Pvt. Ltd.,18-12-2021,4500,5184,,,info@farihagroup.com,,,,,,76.36363636363637,low
Ba: Bo:,11408,Loyal Apparels Ltd.,28-12-2022,2500/-,5592,,,,,,,,,100.0,confirmed
Ba: Bo:,11415,Polka Dots Fashions Ltd.,26-11-2022,2500,4874,,,,,,,,,97.87234042553192,confirmed
Ba: Bo:,11417,South Dragon Dyeing & Washing Ltd.,13-12-2022,6500,5772,,,babu@rising-group.com,,,,,,62.5,low
Ba: Bo:,11418,Salek Textile Ltd.,11-12-2021,4500,5747,,,allabj@dhaka.net,,,,,,100.0,confirmed
Ba: Bo:,11420,Alauddin Textile Mills (ATM) Pvt. Ltd.,02-12-2022,6500,4596,,,asif@urmigroup.net,,,,,,74.62686567164178,low
Ba: Bo:,11424,Rifat Garments,28-12-2022,2500,2060,,,ratulgmt@bdonline.com,,,,,,85.71428571428572,confirmed
Ba: Bo:,11425,Liberty Knitwear Ltd.,11-12-2022,5500,3292,,,sharif.hasan0721@mfgbd.net,,,,,,100.0,confirmed
Ba: Bo:,11426,Snowtex Sportswear Ltd.,22-12-2022,4500,6454,,,st01@snowtex.org,,,,,,100.0,confirmed
Ba: Bo:,11427,Ratul Knit Wears Ltd.,25-12-2022,2500,3520,,,shiplu@ratulgroup.com,,,,,,100.0,confirmed
Ba: Bo:,11434,Ena Textile,17-12-2021,5000,5936,,,,,,,,,83.33333333333334,confirmed
Ba: Bo:,11435,Sap Fashions Ltd.,12-12-2022,5500,4323,,,sayed@sagfashion.com,,,,,,90.9090909090909,confirmed
Ba: Bo:,11436,S F Sweaters Ltd.,11-12-2021,2500,3659,,,sfsweaters@gmail.com,,,,,,90.9090909090909,confirmed
Ba: Bo:,11438,Imaan Knitwear Ltd.,27-12-2022,2500,6453,,,shakil@imaandesignbd.com,,,,,,100.0,confirmed
Ba: Bo:,11439,Generation Next Fashions Ltd.,29-12-2022,2000,4916,,,info@gnf-bd.com,,,,,,100.0,confirmed
Ba: Bo:,11448,M B M Garments Ltd.,12-01-2023,5000,1409,,,nassa@nassagroup.org,,,,,,88.88888888888889,confirmed
Ba: Bo:,11449,Prudent Fashions Ltd.,24-12-2022,5000,6446,,,info@prudentfashions.com,,,,,,88.88888888888889,confirmed
Ba: Bo:,11446,R S Composite,20-01-2023,9000,5498,,,shahanoor@sisalapparel.com.bd,,,,,,72.72727272727273,low
Ba: Bo:,11453,Tory Fashion Wear Ltd.,26-01-2022,2500,5189,,,tory@agni.com,,,,,,100.0,confirmed
Ba: Bo:,11452,Seasons Dresses Ltd.,07-01-2021,2500,4817,,,baker@mifkif.com,,,,,,100.0,confirmed
Ba: Bo:,11456,Gartex Garments Ltd.,23-01-2023,2500/-,4426,,,gglcom2012@gmail.com,,,,,,100.0,confirmed
Ba: Bo:,11454,Quality Fashion Wire Ltd.,05-01-2023,2500/-,1037,,,liton@ssfashionwear.com,,,,,,92.0,confirmed
Ba: Bo:,11458,Independent Apparels Ltd.,15-01-2023,2500/-,2502,,,info@independentbd.net,,,,,,100.0,confirmed
Ba: Bo:,11459,Asduya Fashion Ltd.,23-12-2021,2500,3235,,,sharifur@ntg.net.bd,,,,,,88.88888888888889,confirmed
Ba: Bo:,11461,Rupali Dyeing & Processing Mills Ltd.,24-01-2022,5500,6833,,,info@mosharafgroup.com,,,,,,68.29268292682926,low
Ba: Bo:,11471,Texstream Fashion Ltd.,26-01-2023,2500,2798,,,textile2@speedbd.com,,,,,,80.95238095238095,confirmed
Ba: Bo:,11472,Al Islam Textiles Ltd.,19-01-2023,4500,5175,,,mansur@pioneergroupbd.com,,,,,,95.45454545454545,confirmed
Ba: Bo:,11473,Agami Apparels Ltd.,13-12-2022,5500,1669,,,md@dekkogroup.com,,,,,,100.0,confirmed
Ba: Bo:,11479,Armana Apparels Ltd.,01-02-2022,7500,3588,,,zaman@armanagroup.com,,,,,,100.0,confirmed
Ba: Bo:,11481,Nabo Dhara Apparels Ltd.,23-01-2023,2500,1623,,,info@nabaapparel.com,,,,,,80.95238095238095,confirmed
Ba: Bo:,11482,Ratul Apparels Ltd.,02-02-2023,3500,5351,,,hossain@ratoolapparels.com,,,,,,92.3076923076923,confirmed
Ba: Bo:,11483,Dekko Garments Ltd.,24-01-2023,4500,150,,,info@dekkoisho.com,,,,,,100.0,confirmed
Ba: Bo:,11485,M R L Blue Jeans Washing Plant,13-01-2023,4500,7012,,,mizanmahid7@gmail.com,,,,,,61.224489795918366,low
Ba: Bo:,11487,Tengon Garments Ltd.,17-01-2021,2500,4658,,,kayes@cyanbd.com,,,,,,95.0,confirmed
Ba: Bo:,11496,Interfab Casual Wear Ltd.,22-01-2023,3500,5818,,,,,,,,,69.56521739130434,low
Ba: Bo:,11495,Lablu Babul Composite Textile Ltd.,19-01-2023,4500,4233,,,ndaulah@dirdgroup.org,,,,,,74.19354838709677,low
Ba: Bo:,11499,Saiham Knit Composite Ltd.,08-01-2023,7000,5330,,,md@saihamknit.com,,,,,,100.0,confirmed
Ba: Bo:,11504,Fashion Forum Ltd.,11-01-2022,6000,3045,,,info@idsbd.com,,,,,,100.0,confirmed
Ba: Bo:,11505,Nurun Nehar Textile Ltd.,07-01-2023,5000,4547,,,moshiur@saturnbd.com,,,,,,77.27272727272727,low
Ba: Bo:,11507,Bonian Knit Fashion Ltd.,20-01-2023,2500,4391,,,bonianbd@hotmail.com,,,,,,97.95918367346938,confirmed
Ba: Bo:,11516,Vaajon Apparels Ltd,30-12-2022,6500,3286,,,vaajonapp.bd@bracnet.com,,,,,,97.43589743589743,confirmed
Ba: Bo:,11517,Metro Knitting & Dyeing Mills Ltd. (Factory-2),25-01-2023,6000,3676,,,info@metrokd.com,,,,,,85.0,confirmed
Ba: Bo:,11520,Creavense Textile and sizing mills,15-01-2022,4500,,,,,,,,,,0,none
Ba: Bo:,11522,Parag Textile Mills Pvt. Ltd.,30-01-2023,5500,708,,,monotex@bdmail.net,,,,,,78.57142857142857,low
Ba: Bo:,11521,Mrs. Qawser Textile,20-01-2022,4500,6606,,,akif@sansgroupbd.com,,,,,,66.66666666666667,low
Ba: Bo:,11527,Simba Fashions Ltd.,17-01-2023,5500,5267,,,navneet@simbafashion.com,,,,,,100.0,confirmed
Ba: Bo:,11529,Esquire Knit Composite Ltd.,02-01-2022,6500,3283,,,esquire@bangla.net,,,,,,100.0,confirmed
Ba: Bo:,11528,SB Knit Composite,09-01-2022,7000,6991,,,mdabdulawal260@gmail.com,,,,,,80.0,confirmed
Ba: Bo:,11530,Kwun Tong Apparels Ltd.,27-01-2021,5500,4216,,,cfo.kt@kwuntongapparels.com,,,,,,100.0,confirmed
Ba: Bo:,11531,Garments Manufacturing & Processing Ltd.,25-01-2021,2500,2643,,,alamgir@rababgroup.com,,,,,,73.6842105263158,low
Ba: Bo:,11536,Spectra Dye-Chem (Pvt). Ltd.,21-02-2023,2500,6238,,,hemalsweaterg@gmail.com,,,,,,69.23076923076923,low
Ba: Bo:,11538,Magpie Composite Textile Ltd.,23-01-2023,6500,4557,,,md@magpiegroupbd.com,,,,,,100.0,confirmed
Ba: Bo:,11539,South China Bleaching & Dyeing Factory Ltd.,01-02-2023,3500,,,,,,,,,,0,none
Ba: Bo:,11548,Indigo Washing Ltd.,21-02-2023,2500,4220,,,fifltd@citechco.net,,,,,,77.77777777777779,low
Ba: Bo:,11549,Corus Knit Composite Ltd.,09-02-2023,2500,4630,,,abdullah@mitalifashions.net,,,,,,83.33333333333334,confirmed
Ba: Bo:,11550,Taratex Fashion Ltd.,14-02-2023,3500,5665,,,mazumder.hossain@taratexbd.com,,,,,,100.0,confirmed
Ba: Bo:,11551,RGR Sweater Limited,28-02-2022,3500,7184,,,reo.sewaters@gmail.com,,,,,,87.17948717948718,confirmed
Ba: Bo:,11563,Mark Fashion Wear Pvt. Ltd ( Unit :-2)..,06-02-2023,2500/-,374,,,ershadullah786@gmail.com,,,,,,72.46376811594203,low
Ba: Bo:,11596,M/s Square Fashions Ltd.,10-02-2022,7000,3545,,,sanchia@squaregroup.com,,,,,,90.9090909090909,confirmed
Ba: Bo:,11599,Williams Sweaters Ltd.,06-02-2023,2500,5980,,,azhar@targetgroupbd.com,,,,,,80.0,confirmed
Ba: Bo:,11600,Aswad Composite Mills Ltd.,18-01-2023,6000,4640,,,palmalexport@palmalgarments.com,,,,,,100.0,confirmed
Ba: Bo:,11601,Apparel 21 Ltd.,14-02-2022,7000,6321,,,alitrade11@gmail.com,,,,,,83.87096774193549,confirmed
Ba: Bo:,11602,Apparel 21 Ltd.,22-02-2022,7000,6321,,,alitrade11@gmail.com,,,,,,83.87096774193549,confirmed
Ba: Bo:,11603,Danys Knitwear Ltd.,16-02-2023,2500,5724,,,khasandkl@gmail.com,,,,,,100.0,confirmed
Ba: Bo:,11604,Danys Knitwear Ltd.,16-02-2023,2500,5724,,,khasandkl@gmail.com,,,,,,100.0,confirmed
Ba: Bo:,11607,Tamishna Fashion Wear Limited,28-03-2023,7000,3854,,,info@tamishna.com,,,,,,90.9090909090909,confirmed
Ba: Bo:,11608,Tamishna Fashion Wear Limited,06-02-2023,6000,3854,,,info@tamishna.com,,,,,,90.9090909090909,confirmed
Ba: Bo:,11609,Golden Lky Footwear Limited.,01-02-2023,4500,,,,,,,,,,0,none
Ba: Bo:,11611,R S Composite,26-02-2022,5000,5498,,,shahanoor@sisalapparel.com.bd,,,,,,72.72727272727273,low
Ba: Bo:,11612,Rahmat Knit Dyeing & Finishing Ltd.,09-03-2023,6500,4725,,,mahtab@falcongroupbd.com,,,,,,79.45205479452055,low
Ba: Bo:,11617,Integra Apparels (Bangladesh) Ltd.,08-02-2023,2500,5430,,,rabiul_robu@integra-apparel.com,,,,,,100.0,confirmed
Ba: Bo:,11618,Silver Apparels Ltd.,12-02-2022,2500,5867,,,info@silvergroupbd.com,,,,,,100.0,confirmed
Ba: Bo:,11620,Searock Apparels Limited,09-02-2023,2500,1315,,,fazlay.rabbi@jstexbd.com,,,,,,100.0,confirmed
Ba: Bo:,11621,Viyellatex Spinning Ltd.,02-02-2023,7000,4127,,,dhasanat@viyellatexgroup.com,,,,,,76.92307692307692,low
Ba: Bo:,11622,Viyellatex Spinning Ltd.,02-02-2023,7000,4127,,,dhasanat@viyellatexgroup.com,,,,,,76.92307692307692,low
Ba: Bo:,11623,Viyellatex Spinning Ltd.,02-02-2023,7000,4127,,,dhasanat@viyellatexgroup.com,,,,,,76.92307692307692,low
Ba: Bo:,11627,Kaizeer Knitwears Ltd.,16-04-2023,2500,4213,,,jakir@kaizerknitwear.com,,,,,,97.67441860465115,confirmed
Ba: Bo:,11631,Desh Bandhu Textile Mills Ltd.,12-03-2023,2500,6508,,,dtml@dbg.com.bd,,,,,,81.35593220338984,confirmed
Ba: Bo:,11634,KDS Textile Mills Ltd.,21-03-2023,7000/-,3763,,,garment@kdsgroup.net,,,,,,100.0,confirmed
Ba: Bo:,11638,Ratul Fabrics Limited,22-02-2023,2500,4081,,,shiplu@ratulgroup.com,,,,,,87.17948717948718,confirmed
Ba: Bo:,11640,Colotex Apparel Limited,08-02-2023,6500,7085,,,info@colotexbd.com,,,,,,100.0,confirmed
Ba: Bo:,11643,Concept Kniting Ltd.,14-02-2023,7000,4405,,,masco@mascogrp.com,,,,,,97.5609756097561,confirmed
Ba: Bo:,11642,Taj Knitting Industries Ltd.,13-03-2023,6000,2307,,,factory@tajknitting.com,,,,,,86.27450980392157,confirmed
Ba: Bo:,11644,Radiance Knitwears Limited,21-03-2022,6500,3385,,,md@texgengroup.com,,,,,,89.79591836734694,confirmed
Ba: Bo:,11658,Sam Ree Dyeing (BD) Ltd.,17-03-2022,9000,2884,,,smmannan@bttb.net.bd,,,,,,75.55555555555556,low
Ba: Bo:,11678,Matin Spinning Mills Limited,21-02-2023,6500,3772,,,quddus@dragon-sweater.net,,,,,,72.0,low
Ba: Bo:,11679,Matin Spinning Mills Limited,21-02-2023,6500,3772,,,quddus@dragon-sweater.net,,,,,,72.0,low
Ba: Bo:,11681,Smee Apparels Ltd.,22-09-2021,2500,3009,,,asif@smeebd.com,,,,,,100.0,confirmed
Ba: Bo:,11683,M/S Al Muslim Apparels Ltd,08-09-2022,2500,5835,,,afsarul.chowdhury@sublime-bd.com,,,,,,76.59574468085107,low
Ba: Bo:,11684,Pacifc Blue Jeans Wear Ltd.,15-10-2022,2500,3356,,,md@pacificbluejeans.com,,,,,,77.19298245614034,low
Ba: Bo:,11687,Square Textiles Limited,15-03-2023,7500,1041,,,rwd_int@yahoo.com,,,,,,81.81818181818181,confirmed
Ba: Bo:,11691,Amanat Shah Weaving Processing Ltd.,15-03-2022,6500 /-,2504,,,giant@giantbd.com,,,,,,70.96774193548387,low
Ba: Bo:,11694,Alim Knit Wears Ltd.,29-04-2022,2500,3498,,,babylon@babylon-bd.com,,,,,,85.0,confirmed
Ba: Bo:,11696,Hams Garments Ltd.,17-04-2022,7000,4639,,,amanul.hossain@hams.com.bd,,,,,,100.0,confirmed
Ba: Bo:,11697,Dhaka Garments And Washing Ltd.,17-05-2022,7000,6472,,,amanul.hossain@hams.com.bd,,,,,,85.71428571428572,confirmed
Ba: Bo:,11699,Blue Planet Knit Composite Ltd.,06-05-2022,6500,6194,,,buildexknitcomposite2gmail.com,,,,,,79.3103448275862,low
Ba: Bo:,11698,Blue Planet Knit Composite Ltd.,06-05-2022,6500,6194,,,buildexknitcomposite2gmail.com,,,,,,79.3103448275862,low
Ba: Bo:,11700,Blue Planet Knit Composite Ltd.,06-03-2022,6500,6194,,,buildexknitcomposite2gmail.com,,,,,,79.3103448275862,low
Ba: Bo:,11701,Aswad Composite Mills Ltd.,26-05-2022,6500,4640,,,palmalexport@palmalgarments.com,,,,,,100.0,confirmed
Ba: Bo:,11704,Takwa Dresses Limited,04-06-2022,2500,6157,,,takwa.tcl@gmail.com,,,,,,87.17948717948718,confirmed
Ba: Bo:,11705,NRK Fashion Ltd.,06-05-2022,2500,6650,,,gnasir.kh@gmail.com,,,,,,100.0,confirmed
Ba: Bo:,11706,A.M.S Knitwear Limited,24-05-2022,2500,4167,,,zahangir@dipknitwear.com,,,,,,80.95238095238095,confirmed
Ba: Bo:,11709,Square Apparels Limited,02-06-2022,7000,6027,,,sanchia@squaregroup.com,,,,,,88.37209302325581,confirmed
Ba: Bo:,11715,Tanima Knit Composite Limited,06-06-2022,7500,4131,,,tanvir@jkgroupbd.com,,,,,,90.9090909090909,confirmed
Ba: Bo:,11718,M.U. Fashion LTD.,07-06-2022,3500/-,6499,,,soumik@mufashionltd.com,,,,,,78.78787878787878,low
Ba: Bo:,11719,Brandix Apparels Bangladesh  LTD.,23-06-2022,6000/-,4651,,,foiz.ahammed@bd.crystal-martin.com,,,,,,68.57142857142857,low
Ba: Bo:,11720,Brandix Apparels Bangladesh  LTD.,23-06-2022,6500/-,4651,,,foiz.ahammed@bd.crystal-martin.com,,,,,,68.57142857142857,low
Ba: Bo:,11733,Ivy Textile Mills Ltd.,17-06-2021,5500,3763,,,garment@kdsgroup.net,,,,,,86.36363636363636,confirmed
Ba: Bo:,11734,M/S  Jewel Textile,08-06-2022,4500,6911,,,sealeveltextileltd@gmail.com,,,,,,66.66666666666667,low
Ba: Bo:,11738,Ocean Sweater Ind. (Pvt.) Ltd.,14-06-2022,3500,4896,,,raihan@oceansweater.com,,,,,,100.0,confirmed
Ba: Bo:,11740,Garments Park (BD) Ltd.,20-07-2021,2500,348,,,mgm@abnetbd.com,,,,,,79.16666666666666,low
Ba: Bo:,11743,Newage Garments Limited,23-06-2022,3500,127,,,info@newage-group.com,,,,,,88.37209302325581,confirmed
Ba: Bo:,11748,Jams Sweaters (Pvt.) Ltd.,10-07-2021,3500,1934,,,commercial@jams-group.com,,,,,,100.0,confirmed
Ba: Bo:,11749,Ahmed Fashions Ltd.,18-07-2022,2500,5186,,,ahadfashionltd@yahoo.com,,,,,,88.88888888888889,confirmed
Ba: Bo:,11751,Fariha Knit Tex Ltd.,24-07-2022,7000,3645,,,asrotex@worldnetbd.com,,,,,,100.0,confirmed
Ba: Bo:,11752,Fariha Knit Tex Ltd.,24-07-2022,7000,3645,,,asrotex@worldnetbd.com,,,,,,100.0,confirmed
Ba: Bo:,11754,Anwar Dyeing Printing & Finishing Mills,17-07-2022,6500/-,5915,,,navyhosiery@gmail.com,,,,,,76.31578947368422,low
Ba: Bo:,11757,Surma Garments Ltd.,27-07-2022,3500,2738,,,log@savartex.com,,,,,,100.0,confirmed
Ba: Bo:,11759,K.C Washing Plant,24-07-2022,6500,7012,,,mizanmahid7@gmail.com,,,,,,77.77777777777779,low
Ba: Bo:,11763,Maaa Apparels Ltd.,24-07-2022,2500,6161,,,babul@sweatertech.com,,,,,,100.0,confirmed
Ba: Bo:,11767,Sparrow Apparels Limited,11-07-2022,4500,191,,,shawn@sparrow-group.com,,,,,,88.88888888888889,confirmed
Ba: Bo:,11766,Vision Apparels (Pvt.) Ltd.,23-06-2022,3500,1574,,,ahagaffar@vission-bd.com,,,,,,100.0,confirmed
Ba: Bo:,11768,M N Fashions Ltd.,23-06-2022,2500,6545,,,nkil@dhaka.net,,,,,,96.96969696969697,confirmed
Ba: Bo:,11770,Mithela Textile Industries Ltd.,24-07-2022,6500,5148,,,mithelatex@intrepidbd.net,,,,,,83.63636363636364,confirmed
Ba: Bo:,11776,Garments Park (BD) Ltd.,14-07-2022,2500/-,348,,,mgm@abnetbd.com,,,,,,79.16666666666666,low
Ba: Bo:,11777,J.K Shirt & Fabrics Ltd.,09-07-2022,2500/-,5256,,,,,,,,,93.87755102040816,confirmed
Ba: Bo:,11779,Paban Textile Mills Ltd.,24-08-2022,5500/-,3985,,,info@sattartextile.com,,,,,,85.71428571428572,confirmed
Ba: Bo:,11781,Riviera Composite Industries Ltd.,13-07-2022,2500,6647,,,sadek.haidory@gmail.com,,,,,,81.15942028985508,confirmed
Ba: Bo:,11783,Akij Textile Mills Ltd.,05-08-2022,6500,2154,,,arefin@arefingroupbd.com,,,,,,87.5,confirmed
Ba: Bo:,11784,Noor-A-Madina Dying & Printing Industries,04-07-2022,3500,6790,,,mohabbatgarments78@gmail.com,,,,,,61.53846153846154,low
Ba: Bo:,11786,Nobinagor Textile Ltd.,21-07-2021,5500,4570,,,,,,,,,83.72093023255813,confirmed
Ba: Bo:,11785,Nobinagor Textile Ltd.,21-07-2021,5000,4570,,,,,,,,,83.72093023255813,confirmed
Ba: Bo:,11788,LZ Fashion Wear Ltd.,21-09-2022,2500,5858,,,info@shagore.com,,,,,,100.0,confirmed
Ba: Bo:,11787,Nobinagor Textile Ltd.,21-07-2020,7000,4570,,,,,,,,,83.72093023255813,confirmed
Ba: Bo:,11789,Armana Apparels Ltd.,24-07-2022,2500,3588,,,zaman@armanagroup.com,,,,,,100.0,confirmed
Ba: Bo:,11791,"M/S. M.M.K. Dyeing, Printing, Finishing & Calandering Industry",17-07-2022,6500/-,5915,,,navyhosiery@gmail.com,,,,,,68.68686868686868,low
Ba: Bo:,11793,Sonargaon Textile Industries,16-07-2022,4500,6015,,,info@sonnettex.com,,,,,,79.3103448275862,low
Ba: Bo:,11794,Fab-con Textile Mills Limited,22-07-2022,6500,6690,,,fairtextilemills@yahoo.com,,,,,,76.92307692307692,low
Ba: Bo:,11795,Tru Fabrics Limited,17-11-2021,7000,4593,,,shahid@rupagroup.net,,,,,,72.22222222222221,low
Ba: Bo:,11801,"M.N Dyeing, Printing & Washing Mills Ltd.",22-08-2022,7000,6833,,,info@mosharafgroup.com,,,,,,93.02325581395348,confirmed
Ba: Bo:,11802,"M.N Dyeing, Printing & Washing Mills Ltd.",22-08-2022,7000,6833,,,info@mosharafgroup.com,,,,,,93.02325581395348,confirmed
Ba: Bo:,11803,"M.N Dyeing, Printing & Washing Mills Ltd.",22-08-2022,7000,6833,,,info@mosharafgroup.com,,,,,,93.02325581395348,confirmed
Ba: Bo:,11806,International Classic Composite Ltd.,07-08-2022,5000,4519,,,icc@classic-match.com,,,,,,100.0,confirmed
Ba: Bo:,11807,Seaview Dresses Ltd.,22-08-2022,2500,6243,,,parkscen@bangla.net,,,,,,100.0,confirmed
Ba: Bo:,11810,M.M Knitwear Ltd.,15-08-2022,6000,3468,,,info@mmknitwear.com,,,,,,97.14285714285714,confirmed
Ba: Bo:,11809,Pabna Garments Ltd.,22-08-2022,2500,6584,,,compliance@pabnagarmentsltd.com,,,,,,100.0,confirmed
Ba: Bo:,11817,IFS Texwear (Pvt.) Ltd.,24-08-2022,2500,3210,,,ifstex@seriousbroadband.com,,,,,,97.77777777777777,confirmed
Ba: Bo:,11818,New Resuli Apparels,21-08-2022,2500,5390,,,aumollah@osmangroupbd.com,,,,,,70.58823529411764,low
Ba: Bo:,11820,Comfit Composite Knit Ltd.,27-08-2022,7000,4178,,,Munna@youthbd.com,,,,,,100.0,confirmed
Ba: Bo:,11816,Moonlux Composite Knit Garments Ltd.,05-08-2022,2500,4095,,,moheuddin@moonluxbd.com,,,,,,100.0,confirmed
Ba: Bo:,11822,Chistytex & Apparels Limited,15-08-2022,2500,6869,,,shmamun@yahoo.com,,,,,,78.43137254901961,low
Ba: Bo:,11829,SoortyTextiles (BD) Ltd.,24-08-2022,6000/-,5979,,,shahid@soorty.com,,,,,,97.95918367346938,confirmed
Ba: Bo:,11831,Fashion Watch Ltd.,24-08-2022,2500/-,3773,,,sakeef@asianapparels.com,,,,,,100.0,confirmed
Ba: Bo:,11840,TEB Fashion Internationl Ltd.,23-08-2021,13500,3689,,,info@classicbd.com,,,,,,80.76923076923077,confirmed
Ba: Bo:,11841,Mascot Knits Ltd.,23-08-2022,5000,4184,,,khaiyam@mascotgroup.com,,,,,,100.0,confirmed
Ba: Bo:,11842,Iris Fashions Ltd.,21-08-2022,4500,3841,,,alam@irisgroupbd.com,,,,,,100.0,confirmed
Ba: Bo:,11850,M/S. Innovative Knitex Limited,13-09-2022,2500,5913,,,,,,,,,84.61538461538461,confirmed
Ba: Bo:,11851,Unicom Textile Mills Ltd.,02-09-2022,6500,5359,,,eftakher@uniformtextile.com,,,,,,80.0,confirmed
Ba: Bo:,11853,Onib Textile Mills (Pvt.) Ltd,22-09-2022,4500/-,3587,,,saad_milaco@yahoo.com,,,,,,76.66666666666666,low
Ba: Bo:,11855,Farnoor Garments Limited,10-09-2021,7500,2254,,,farnoor@citechco.net,,,,,,88.88888888888889,confirmed
Ba: Bo:,11854,Pantex Accessories (Pvt) Ltd.,07-09-2022,2500,3850,,,bhabesh@pantexbd.com,,,,,,70.83333333333333,low
Ba: Bo:,11857,Bonafide Knitting Mills Ltd.,13-09-2021,19500,6044,,,,,,,,,73.07692307692308,low
Ba: Bo:,11860,M/S. Amena Textile,16-09-2022,5500/-,5936,,,,,,,,,77.41935483870968,low
Ba: Bo:,11859,Hamid Weaving Mills Ltd.,13-09-2021,21000,6690,,,fairtextilemills@yahoo.com,,,,,,68.08510638297872,low
Ba: Bo:,11862,M/S. Mahid Apparels Limited,10-09-2022,6500/-,5628,,,,,,,,,80.0,confirmed
Ba: Bo:,11868,M/S SAFDRESS,21-09-2021,2500,,,,,,,,,,0,none
Ba: Bo:,11876,M O F Fashions Ltd.,20-09-2022,2500,5671,,,newlimit@global-bd.net,,,,,,86.48648648648648,confirmed
Ba: Bo:,11878,Karooni Knit Composite Ltd.,07-09-2022,19500,5165,,,mesbahrk@karooni.com,,,,,,100.0,confirmed
Ba: Bo:,11881,Arkay Knit Dyeing Mills Liited,26-09-2022,15000,6668,,,palmalexport@palmalgarments.com,,,,,,93.10344827586206,confirmed
Ba: Bo:,11882,Karooni Knit Composite Ltd.,07-09-2022,19500,5165,,,mesbahrk@karooni.com,,,,,,100.0,confirmed
Ba: Bo:,11883,Mark Sweater Ltd.,10-09-2022,10500,3524,,,commercial@mondol.net,,,,,,100.0,confirmed
Ba: Bo:,11884,Bengal Knittex Ltd.,06-09-2022,7500,852,,,info@bengal-knittex.com,,,,,,100.0,confirmed
Ba: Bo:,11886,Rocky Textile Mills (Pvt) Ltd.,28-09-2022,4500,3587,,,saad_milaco@yahoo.com,,,,,,78.68852459016394,low
Ba: Bo:,11893,Poshak Knitwears Limited,28-09-2021,7500,5146,,,ishtiaque@knitplusltd.com,,,,,,73.17073170731707,low
Ba: Bo:,11895,M.M (Multi Mind) Knit Garments Ltd.,04-09-2022,2500,5101,,,alom@moonluxknitbd.com,,,,,,68.85245901639344,low
Ba: Bo:,11897,Piangka Fashion Ltd.,02-10-2022,3500,5758,,,waliullah.piangkafashion@gmail.com,,,,,,100.0,confirmed
Ba: Bo:,11900,Shristy Fashion Ltd.,04-09-2022,2500,5928,,,,,,,,,100.0,confirmed
Ba: Bo:,11904,Orbid Apparels Ltd.,05-10-2021,2500,5490,,,,,,,,,100.0,confirmed
Ba: Bo:,11906,Knit Plus Limited,19-10-2022,6500,5146,,,ishtiaque@knitplusltd.com,,,,,,100.0,confirmed
Ba: Bo:,11907,Kazi Abedin textile Ltd.,10-10-2022,3500,4552,,,mumon2001@yahoo.com,,,,,,73.17073170731707,low
Ba: Bo:,11914,Prime Washing  Plant,24-10-2022,5500,7012,,,mizanmahid7@gmail.com,,,,,,68.42105263157895,low
Ba: Bo:,11915,N Z textile Ltd.,04-10-2022,7000,5678,,,,,,,,,78.78787878787878,low
Ba: Bo:,11917,Glory Textile & Apparels Limited,19-10-2022,7000,6633,,,jabbar@dbl-group.com,,,,,,91.80327868852459,confirmed
Ba: Bo:,11918,Glory Textile & Apparels Limited,19-10-2022,7000,6633,,,jabbar@dbl-group.com,,,,,,91.80327868852459,confirmed
Ba: Bo:,11920,Apex Fashion Wear Limited,06-10-2022,7000,6231,,,gopesh@apexholdings.com,,,,,,89.36170212765957,confirmed
Ba: Bo:,11921,M. M Knitwear Ltd.,20-09-2022,4500,3468,,,info@mmknitwear.com,,,,,,94.44444444444444,confirmed
Ba: Bo:,11922,Messars Amena Dying & Printing,17-10-2022,4500/-,,,,,,,,,,0,none
Ba: Bo:,11923,M/s Parvin Textile,22-10-2022,4500,2396,,,pinery@spctnet.com,,,,,,64.86486486486487,low
Ba: Bo:,11924,Messars Hossain Calendaring & Finishing Mills,07-10-2021,15000,4725,,,mahtab@falcongroupbd.com,,,,,,62.65060240963856,low
Ba: Bo:,11925,Jamuna Denims Weaving Limited,26-09-2022,7000,4356,,,info@jamunagroup-bd.com,,,,,,72.34042553191489,low
Ba: Bo:,11927,Deah Bandhu Textile Mills Ltd.,20-10-2022,2500,6508,,,dtml@dbg.com.bd,,,,,,81.35593220338984,confirmed
Ba: Bo:,11928,Colour & Fashion Industries Ltd.,24-10-2022,3500,5416,,,shymol@colournfashion.com,,,,,,88.13559322033898,confirmed
Ba: Bo:,11930,C&R Sweater Ltd.,13-10-2022,2500,6024,,,md@asrgroupbd.com,,,,,,87.5,confirmed
Ba: Bo:,11929,Mayesha Knit Composite Ltd,18-10-2021,6500,4265,,,pinto@meghnaknit.com.bd,,,,,,88.46153846153845,confirmed
Ba: Bo:,11933,SHAMS STYLING WEARS LIMITED,25-10-2022,5000,,,,,,,,,,0,none
Ba: Bo:,11932,Mrs M S S daying printing And Frinishing Ltd.,12-10-2022,7500,5915,,,navyhosiery@gmail.com,,,,,,65.85365853658536,low
Ba: Bo:,11934,SHAMS STYLING WEARS LIMITED,16-10-2021,13500,,,,,,,,,,0,none
Ba: Bo:,11935,4A YARN DYEING LTD,08-10-2022,13500,6417,,,mostofa@mnrgroupbd.com,,,,,,60.60606060606061,low
Ba: Bo:,11939,Aidial Textile Mills Ltd.,25-10-2022,7000,2154,,,arefin@arefingroupbd.com,,,,,,84.0,confirmed
Ba: Bo:,11940,Aidial Textile Mills Ltd.,25-10-2022,6500,2154,,,arefin@arefingroupbd.com,,,,,,84.0,confirmed
Ba: Bo:,11941,Aidial Textile Mills Ltd.,25-10-2022,6500,2154,,,arefin@arefingroupbd.com,,,,,,84.0,confirmed
Ba: Bo:,11943,Faruque Fabrics,17-10-2022,3500/-,6768,,,fatullah@gmail.com,,,,,,61.111111111111114,low
Ba: Bo:,11946,Mrs Abid Textile Mills Ltd.,17-10-2022,4500/-,4776,,,mebtex@colbd.com,,,,,,82.14285714285714,confirmed
Ba: Bo:,11948,Pacific knitex Ltd,11-10-2022,7000/-,3787,,,pacific-impax@bdcom.com,,,,,,73.17073170731707,low
Ba: Bo:,11953,Messars Shitol saha Textile Dyeing & Printing,26-10-2021,10500,,,,,,,,,,0,none
Ba: Bo:,11954,Utah Knitting & Dyeing Ltd.,19-10-2022,6500,3795,,,psrazzak@utahgroup.net,,,,,,90.0,confirmed
Ba: Bo:,11965,Ajax Sweater Limited.,22-10-2022,2500,2956,,,avij@floreal.intnet.mu,,,,,,89.47368421052632,confirmed
Ba: Bo:,11964,Ajax Sweater Limited.,22-10-2022,2500,2956,,,avij@floreal.intnet.mu,,,,,,89.47368421052632,confirmed
Ba: Bo:,11971,Mrs Abid Textile Mills Ltd.,20-10-2022,4500/-,4776,,,mebtex@colbd.com,,,,,,82.14285714285714,confirmed
Ba: Bo:,11972,Saaf Sweaters Ltd.,01-11-2022,2500,4414,,,info@palmalgarments.com,,,,,,91.89189189189189,confirmed
Ba: Bo:,11974,Messures Anwar Textile And Sizing Fabrics,16-11-2022,5000/-,,,,,,,,,,0,none
Ba: Bo:,11977,FGS Denim Wears Ltd,25-11-2022,3500,4436,,,commercial@fashionglobe-bd.com,,,,,,94.73684210526316,confirmed
Ba: Bo:,11979,IVY Textile Mills Ltd.,16-11-2021,16500,3763,,,garment@kdsgroup.net,,,,,,86.36363636363636,confirmed
Ba: Bo:,11983,Prostar Apparels LTD,27-11-2022,7500,924,,,info@jnjdhaka.com,,,,,,87.8048780487805,confirmed
Ba: Bo:,11986,Century Apparels Ltd.,22-11-2021,2500,878,,,info@abanti.net,,,,,,85.0,confirmed
Ba: Bo:,11988,Parul Josna Fabrics,16-11-2022,4500/-,4081,,,shiplu@ratulgroup.com,,,,,,64.86486486486487,low
Ba: Bo:,11989,M/s Selim Textile & Sizing.,23-11-2022,4500/-,4409,,,,,,,,,61.81818181818181,low
Ba: Bo:,11996,KDS Textiles Mills  Ltd.,21-11-2022,6500/-,3763,,,garment@kdsgroup.net,,,,,,97.77777777777777,confirmed
Ba: Bo:,11999,larin apparels limited,24-11-2022,7000,2235,,,emran.farminbd@hotmail.com,,,,,,84.44444444444444,confirmed
Ba: Bo:,12000,Xintai Apparels Ltd.,19-11-2022,2500,2804,,,vintage@zipbd.com,,,,,,87.8048780487805,confirmed
Ba: Bo:,12003,Thermex Yarn Dyeing Ltd.,06-11-2022,6000/-,4121,,,rakib@team.com.bd,,,,,,74.4186046511628,low
Ba: Bo:,12004,M/s Vai Vai Textile,23-11-2022,3500/-,3442,,,vintagegroup2@gmail.com,,,,,,61.53846153846154,low
Ba: Bo:,12005,M/s Vai Vai Textile,23-11-2022,3500/-,3442,,,vintagegroup2@gmail.com,,,,,,61.53846153846154,low
Ba: Bo:,12006,Ma Sizing  & Textile Mills.,25-11-2021,3500/-,4143,,,gopesh@apexholdings.com,,,,,,68.96551724137932,low
Ba: Bo:,12010,Isa Washing Ltd.,10-11-2022,7000,4220,,,fifltd@citechco.net,,,,,,84.84848484848484,confirmed
Ba: Bo:,12011,Isa Washing Ltd.,10-11-2022,7000,4220,,,fifltd@citechco.net,,,,,,84.84848484848484,confirmed
Ba: Bo:,12016,Oxford knit Composite Ltd.,02-12-2021,2500,6573,,,piash@prettygroupbd.com,,,,,,80.76923076923077,confirmed
Ba: Bo:,12014,Noman Knit Composite Mills Ltd.,03-11-2022,21000,5947,,,,,,,,,84.7457627118644,confirmed
Ba: Bo:,12015,Zaber And Zubair Fabrics Ltd.,03-12-2022,6500,4934,,,noman@znzfab.com,,,,,,92.85714285714286,confirmed
Ba: Bo:,12023,K A W Garments Industries Ltd,16-11-2022,2500,40,,,garment@kdsgroup.net,,,,,,83.33333333333334,confirmed
Ba: Bo:,12028,Cosmo Sweaters Ltd.,23-12-2022,2500,3738,,,cosmosweater@gmail.com,,,,,,100.0,confirmed
Ba: Bo:,12026,BKC Sweater Ltd.,21-12-2022,4500,3631,,,zakir.bkc@bracnet.net,,,,,,100.0,confirmed
Ba: Bo:,12027,BASIC KNITWEAR LIMITED,25-12-2022,3500,6394,,,mohiuddin@cliftongroupbd.com,,,,,,69.76744186046511,low
Ba: Bo:,12029,Islam Textile Mills,08-12-2022,4500/-,6130,,,,,,,,,75.0,low
Ba: Bo:,12031,Garnish Sweaters Ltd,16-12-2021,2500,5883,,,,,,,,,82.05128205128204,confirmed
Ba: Bo:,12032,Nur-A-Madina Dyeing And Finishing Mills Ltd.,18-12-2021,6500,2016,,,cotton@cottongroupbd.com.bd,,,,,,72.5,low
Ba: Bo:,12035,ABF Knitwear Ltd.,16-12-2021,2500,2144,,,asian@spenectg.com,,,,,,91.42857142857143,confirmed
Ba: Bo:,12036,M/S Ali Fabrics And Dyeing,18-12-2021,3500,2955,,,,,,,,,60.0,low
Ba: Bo:,12037,M/S Ali Dyeing,18-12-2021,5000,,,,,,,,,,0,none
Ba: Bo:,12038,Madhabdi Dyeing Finishing Mills Ltd.,18-12-2021,5500,2016,,,cotton@cottongroupbd.com.bd,,,,,,75.0,low
Ba: Bo:,12041,M/S Hazi Dyeing And Printing Mills,16-12-2021,5500,6833,,,info@mosharafgroup.com,,,,,,65.82278481012658,low
Ba: Bo:,12055,M/S. Bhuiyan Textile & Sizing Mills,26-12-2022,6500,4143,,,gopesh@apexholdings.com,,,,,,62.68656716417911,low
Ba: Bo:,12057,M/S. NASIR TEXTILE,25-12-2021,4500,,,,,,,,,,0,none
Ba: Bo:,12058,Aparupa Textile Mills Limited,25-12-2021,5000,6690,,,fairtextilemills@yahoo.com,,,,,,76.92307692307692,low
Ba: Bo:,12059,Shafiullah Dyeing & Printing Mills.,25-12-2021,4500,6833,,,info@mosharafgroup.com,,,,,,65.0,low
Ba: Bo:,12062,G.M. Dyeing And Printing Mills,25-12-2021,6500,6833,,,info@mosharafgroup.com,,,,,,66.66666666666667,low
Ba: Bo:,12063,M/S R4 Fashion Wear Pvt. Ltd.,19-12-2022,2500,3801,,,mgm@sfdenim.com,,,,,,76.92307692307692,low
Ba: Bo:,12064,M/S. Quetex Apparels Industries,22-12-2021,2500,507,,,choice@globalctg.net,,,,,,70.17543859649122,low
Ba: Bo:,12065,Acelon Knit Fashion Ltd.,22-12-2021,2500,4391,,,bonianbd@hotmail.com,,,,,,81.63265306122449,confirmed
Ba: Bo:,12066,Rahman Knit Garments Ltd,22-12-2021,5000,2613,,,rkgl@dandylink.com,,,,,,82.75862068965517,confirmed
Ba: Bo:,12084,Four H Fashion  Ltd.,26-12-2022,2500/-,3906,,,jamil@fourhgroup.com,,,,,,97.43589743589743,confirmed
Ba: Bo:,12086,Eastern Knitwear Ltd.,20-12-2021,2500/-,4447,,,,,,,,,85.0,confirmed
Ba: Bo:,12085,Zakmars Fashion  Ltd.,11-12-2022,2500/-,1535,,,sakeef@asianapparels.com,,,,,,100.0,confirmed
Ba: Bo:,12087,Hansin Textile Co. BD Ltd.,14-12-2022,5500/-,6897,,,md@hasnattex.com,,,,,,75.55555555555556,low
Ba: Bo:,12098,Mileniam Knit Limited,28-12-2021,3500,5146,,,ishtiaque@knitplusltd.com,,,,,,73.6842105263158,low
Ba: Bo:,12101,Abacus Textile Ltd,27-12-2021,4500,5992,,,,,,,,,81.08108108108108,confirmed
Ba: Bo:,12102,Sunlight Dyeing & Processing Industries,28-12-2021,6000,,,,,,,,,,0,none
Ba: Bo:,12103,M/S Robbani Washing,17-12-2022,10500,7012,,,mizanmahid7@gmail.com,,,,,,63.1578947368421,low
Ba: Bo:,12104,Digital DesignFashion,06-01-2022,10500,1496,,,design.excom@gmail.com,,,,,,71.42857142857143,low
Ba: Bo:,12107,knit garden (ptv) ltd,11-01-2022,2500,380,,,shahabuddin@kentbd.com,,,,,,60.86956521739131,low
Ba: Bo:,12106,Axis Knitwears Ltd,24-01-2023,3500,6643,,,kamrool@axisknit.com,,,,,,97.2972972972973,confirmed
Ba: Bo:,12100,Ashik Interlining Standar $ Finishing Mills Ltd.,29-12-2021,4500,4725,,,mahtab@falcongroupbd.com,,,,,,62.7906976744186,low
Ba: Bo:,12109,Torque Apparels Limited,15-01-2022,6500,6851,,,soultex.apparels@gmail.com,,,,,,85.1063829787234,confirmed
Ba: Bo:,12111,Voyager Apparels Limited,10-01-2023,2500,3634,,,taher@shangugroup.com,,,,,,88.88888888888889,confirmed
Ba: Bo:,12114,Sadma Fashion Wear Ltd,16-01-2022,10500,3517,,,nasir@sadmafashion.com,,,,,,97.77777777777777,confirmed
Ba: Bo:,12117,Golesa Design & Laundry Wash,17-01-2022,7500,4059,,,goldstar.design781@gmail.com,,,,,,61.224489795918366,low
Ba: Bo:,12119,P.N. Composite Ltd,10-01-2023,21000,4236,,,tapan@pncomposite.com,,,,,,97.2972972972973,confirmed
Ba: Bo:,12123,Ha-Meem Textiless Ltd,03-01-2023,21000,3628,,,,,,,,,76.92307692307692,low
Ba: Bo:,12124,Ha-Meem Textiless Ltd,03-01-2023,21000,3628,,,,,,,,,76.92307692307692,low
Ba: Bo:,12125,Mark Wear Limited,21-01-2023,7500,5861,,,ejaz@markdesignersltd.com,,,,,,83.87096774193549,confirmed
Ba: Bo:,12127,Dressmen Fashionwear Limited,24-01-2022,7500,951,,,dorensgi@bangla.net,,,,,,84.0,confirmed
Ba: Bo:,12128,Ritu Knitwear Ltd,24-01-2022,7500,6421,,,rafiknitwearltd@gmail.com,,,,,,85.71428571428572,confirmed
Ba: Bo:,12132,Texpro Eco Apparel,23-01-2022,2500,6459,,,tareqsm@texprousa.com,,,,,,87.8048780487805,confirmed
Ba: Bo:,12141,Delicate Garments Ltd.,09-01-2023,6000,5601,,,delowar@delicate-bd.com,,,,,,100.0,confirmed
Ba: Bo:,12144,A B Apparels Ltd,16-01-2023,6500,6077,,,jalil@ab-group.co,,,,,,87.5,confirmed
Ba: Bo:,12145,Din Sweaters Ltd.,23-01-2022,2500,4187,,,cosmos@cosmosdiganta.com,,,,,,89.47368421052632,confirmed
Ba: Bo:,12146,Roar Fashion Limited,12-01-2022,6000,5428,,,royalbd1971@gmail.com,,,,,,90.47619047619048,confirmed
Ba: Bo:,12147,SM Knitwears Limited,11-01-2023,19500,3532,,,smgroup@smknitwear.com,,,,,,86.48648648648648,confirmed
Ba: Bo:,12148,Confidence Texwear Ltd,23-01-2023,7500,6384,,,sohel@alienstexwear.com,,,,,,73.17073170731707,low
Ba: Bo:,12149,Confidence Knitwear Ltd,01-02-2023,7500,4716,,,mazidtalukdar@yahoo.com,,,,,,76.19047619047619,low
Ba: Bo:,12150,Sajid Washing & Dyeing Ltd,09-01-2023,7000,6058,,,info@mmfcl.ad.com,,,,,,64.28571428571428,low
Ba: Bo:,12151,Unimas Sportswear Ltd,01-02-2022,10500,5371,,,shah@mainland-bd.com,,,,,,97.67441860465115,confirmed
Ba: Bo:,12154,M. R. Textile LTD,07-02-2022,5000,3952,,,zahid@dkgbd.com,,,,,,70.58823529411764,low
Ba: Bo:,12155,Ahasan Textile Mills,07-02-2022,4500,6130,,,,,,,,,73.17073170731707,low
Ba: Bo:,12156,"M/s Himel  Textile and sizing, deying & printing",07-02-2022,6000,,,,,,,,,,0,none
Ba: Bo:,12159,Unisense Apparels Ltd,14-02-2023,7500,5563,,,unisense.rmg@gmail.com,,,,,,97.67441860465115,confirmed
Ba: Bo:,12158,Ahmed Specialised Textile Mills Ltd,25-12-2022,4500,6543,,,mujib@smartjeansctg.com,,,,,,77.77777777777779,low
Ba: Bo:,12162,Dhaka Washing Plant (Unit-2),13-02-2023,2500,7012,,,mizanmahid7@gmail.com,,,,,,63.829787234042556,low
Ba: Bo:,12163,Navid Knit Fabrics Ltd,02-02-2023,2500,6010,,,,,,,,,97.77777777777777,confirmed
Ba: Bo:,12164,Sparkle Knit Composite Limited,10-02-2022,7000,5104,,,info@skcl-bd.com,,,,,,91.22807017543859,confirmed
Ba: Bo:,12165,Green Arrow Sweater Ind. Ltd.,10-02-2022,2500,3820,,,faysol@skylark-bd.com,,,,,,98.30508474576271,confirmed
Ba: Bo:,12169,Alps Apparels Ltd.,10-02-2022,2500,970,,,,,,,,,100.0,confirmed
Ba: Bo:,12175,Laundry Asia Wet & Dry Process,07-01-2023,2500,,,,,,,,,,0,none
Ba: Bo:,12176,Square Textiles Limited,26-01-2023,7500,1041,,,rwd_int@yahoo.com,,,,,,81.81818181818181,confirmed
Ba: Bo:,12177,KAC Fashion Wear Ltd.,17-02-2022,5000,2983,,,abid@kacfwl.com,,,,,,100.0,confirmed
Ba: Bo:,12180,Axis Knitwears Ltd,23-02-2022,3500,6643,,,kamrool@axisknit.com,,,,,,97.2972972972973,confirmed
Ba: Bo:,12185,Fashion Composite Products Ltd,27-02-2022,2500,6625,,,info@fashionmakers.net,,,,,,98.36065573770492,confirmed
Ba: Bo:,12186,J L Sweater Ltd.,22-02-2023,4500,4620,,,kabir@jlfashionltd.com,,,,,,88.23529411764706,confirmed
Ba: Bo:,12188,Roba Fashions Limited,02-02-2023,2500,5428,,,royalbd1971@gmail.com,,,,,,93.02325581395348,confirmed
Ba: Bo:,12189,Sunny Sweater Ltd.,02-02-2023,3500,6512,,,xuyanghome2002@gmail.com,,,,,,100.0,confirmed
Ba: Bo:,12190,Sung Kwang Apparels Ltd,01-03-2023,6500,4216,,,cfo.kt@kwuntongapparels.com,,,,,,82.6086956521739,confirmed
Ba: Bo:,12195,Sadia Textile Mills Ltd.,02-03-2022,6500,3985,,,info@sattartextile.com,,,,,,89.79591836734694,confirmed
Ba: Bo:,12198,fine tex knit wear ltd,02-03-2022,2500,6384,,,sohel@alienstexwear.com,,,,,,63.41463414634146,low
Ba: Bo:,12199,J.L. Fashions Ltd.,09-03-2023,6000,3664,,,kabir@jlfashionltd.com,,,,,,100.0,confirmed
Ba: Bo:,12200,J.L. Fashions Ltd.,09-03-2023,6000,3664,,,kabir@jlfashionltd.com,,,,,,100.0,confirmed
Ba: Bo:,12204,M/S Knittex Industries Limited,02-02-2023,6500,1908,,,asad@fuljhury.com,,,,,,83.01886792452831,confirmed
Ba: Bo:,12205,M/S Knittex Industries Limited,02-02-2023,6500,1908,,,asad@fuljhury.com,,,,,,83.01886792452831,confirmed
Ba: Bo:,12208,Far East Knitting & Dyeing Industries Ltd,13-03-2023,5000,1944,,,mazharul@fareastknit.com,,,,,,88.31168831168831,confirmed
Ba: Bo:,12210,Virtual Knitwear Limited,14-03-2022,2500,4308,,,info@dsl-bd.com,,,,,,88.88888888888889,confirmed
Ba: Bo:,12219,M/S Ali Fabrics & Dyeing,20-03-2022,2500/-,2955,,,,,,,,,66.66666666666667,low
Ba: Bo:,12220,M/S Arko Textile .,20-03-2022,6000/-,5903,,,,,,,,,64.51612903225806,low
Ba: Bo:,12221,M/S Amena Textile.,20-03-2022,5000/-,5936,,,,,,,,,77.41935483870968,low
Ba: Bo:,12223,Faith Sizing & Textile.,20-03-2022,5000/-,3835,,,info@sunman.net,,,,,,62.96296296296296,low
Ba: Bo:,12222,M/S Amena Textile.,20-03-2022,3500/-,5936,,,,,,,,,77.41935483870968,low
Ba: Bo:,12233,Visual knit wares Ltd,27-03-2023,2500/-,,,,,,,,,,0,none
Ba: Bo:,12232,Dragoni Fashion Ltd,19-03-2023,2500/-,1111,,,info@crowngroupbd.com,,,,,,95.0,confirmed
Ba: Bo:,12239,Fahad Finishing Centre,28-03-2022,2500,,,,,,,,,,0,none
Ba: Bo:,12238,M/S Bollywood Deying Printing Finishing Mills,28-03-2022,2500,5915,,,navyhosiery@gmail.com,,,,,,68.29268292682926,low
Ba: Bo:,12240,Oli Kniting Fabrics Ltd.,28-03-2022,,2283,,,kazihossain@oliknitting.com,,,,,,97.95918367346938,confirmed
Ba: Bo:,12242,Mayer Doa Washing Plant,28-03-2022,3500,7012,,,mizanmahid7@gmail.com,,,,,,76.19047619047619,low
Ba: Bo:,12247,Aman Knittings Limited,05-04-2023,6500,2978,,,amanknit@gnbd.net,,,,,,87.8048780487805,confirmed
Ba: Bo:,12248,Windy Washing Ltd.,07-04-2022,6500,4220,,,fifltd@citechco.net,,,,,,68.57142857142857,low
Ba: Bo:,12250,Islam Knit Designs Ltd.,06-03-2023,7000,4472,,,,,,,,,100.0,confirmed
Ba: Bo:,12255,Yagi Bangladesh Garments Limited,26-04-2022,2500,5268,,,mohit@odell.com.bd,,,,,,91.80327868852459,confirmed
Ba: Bo:,12257,Monira Knit Apparels Ltd,27-04-2022,2500,4705,,,showkat-rka@yahoo.com,,,,,,79.16666666666666,low
Ba: Bo:,12256,Ayesha knit wear,27-04-2022,2500,6701,,,info.ashyasweaterltd@gmail.com,,,,,,64.70588235294117,low
Ba: Bo:,12265,Roddur Apparels Limited,04-05-2022,2500,6254,,,mostafa@ratoolapparels.com,,,,,,88.37209302325581,confirmed
Ba: Bo:,12266,Comoda Garments Limited,04-05-2022,7500,6442,,,lisa@coco-bd.com,,,,,,88.37209302325581,confirmed
Ba: Bo:,12268,Flamingo Fashions Limited,04-05-2022,5000,3702,,,jabbar@dbl-group.com,,,,,,89.36170212765957,confirmed
Ba: Bo:,12269,Flamingo Fashions Limited,04-05-2022,5000,3702,,,jabbar@dbl-group.com,,,,,,89.36170212765957,confirmed
Ba: Bo:,12270,Alliance Knit Composite Limited,08-05-2022,6500,5838,,,chairman@akclbd.com,,,,,,91.52542372881356,confirmed
Ba: Bo:,12271,S.B. Knitting Ltd.,08-05-2022,2500,4742,,,,,,,,,94.44444444444444,confirmed
Ba: Bo:,12274,TMSS APPARELS LTD.,22-05-2022,2500,6334,,,munir@purbaapparels.com,,,,,,65.0,low
Ba: Bo:,12275,TMSS APPARELS LTD.,22-05-2022,2500,6334,,,munir@purbaapparels.com,,,,,,65.0,low
Ba: Bo:,12278,Kumudini washing (A unit ob kumudini) (trast ob bengal BD Ltd),27-03-2023,2500,,,,,,,,,,0,none
Ba: Bo:,12282,Techno Spinning Mills Ltd.,30-05-2022,4500,3772,,,quddus@dragon-sweater.net,,,,,,79.16666666666666,low
Ba: Bo:,12283,Salman Washing & Dyeing Ltd.,30-05-2022,5000,6833,,,info@mosharafgroup.com,,,,,,65.75342465753424,low
Ba: Bo:,12284,Texnel Fashions Ltd.,30-05-2022,2500,2798,,,textile2@speedbd.com,,,,,,90.0,confirmed
Ba: Bo:,12286,Tangon Garments Ltd.,30-05-2022,2500,4658,,,kayes@cyanbd.com,,,,,,100.0,confirmed
Ba: Bo:,12292,Friends Knittings Limited,07-06-2022,3500,830,,,md@debonairgroupbd.com,,,,,,89.36170212765957,confirmed
Ba: Bo:,12295,Astro Knitwear Ltd.,07-06-2022,2500,4447,,,,,,,,,100.0,confirmed
Ba: Bo:,12294,Scandex Textile Industries Ltd.,07-06-2022,7000,7125,,,amal.podder@metrokd.com,,,,,,100.0,confirmed
Ba: Bo:,12293,Khantex Fashions Limited,07-06-2022,2500,6393,,,hksalim@khantex.net,,,,,,88.88888888888889,confirmed
Ba: Bo:,12297,Rose Sweaters Ltd. (Unit-2),13-06-2022,4500,4885,,,sahakhan@sparkbd.com,,,,,,94.11764705882352,confirmed
Ba: Bo:,12296,Oxford Shirts Ltd.,12-06-2022,3500,6184,,,piash@prettygroupbd.com,,,,,,100.0,confirmed
Ba: Bo:,12299,Tejgaon Washing Plant,16-06-2022,2500,7012,,,mizanmahid7@gmail.com,,,,,,65.0,low
Ba: Bo:,12301,Messrs Vai Vai Textile,19-06-2022,"4,500/-",,,,,,,,,,0,none
Ba: Bo:,12302,Amanat Shah Fabrics Ltd.,19-06-2022,"7,000/-",2524,,,ameenfa@gmail.com,,,,,,76.19047619047619,low
Ba: Bo:,12304,Eva Dyeing & Printing,19-06-2022,"4,500/-",1910,,,nrgroup@global-bd.net,,,,,,64.40677966101696,low
Ba: Bo:,12305,Knit Radix Limited,20-05-2022,2500,5920,,,masud@knitradix.com,,,,,,84.84848484848484,confirmed
Ba: Bo:,12308,Mosharaf Composite Textile Mills Ltd.,21-06-2022,19500,5703,,,info@silverlinebd.com,,,,,,80.55555555555556,confirmed
Ba: Bo:,12311,Shishir Knitting & Dyeing Ltd.,21-06-2022,19500,6058,,,info@mmfcl.ad.com,,,,,,100.0,confirmed
Ba: Bo:,12312,Disari Washing Plant Ltd.,21-06-2022,13500,7012,,,mizanmahid7@gmail.com,,,,,,77.27272727272727,low
Ba: Bo:,12313,Designtex Knitwear Ltd,21-06-2022,4500,6167,,,rafiq@designtexbd.com,,,,,,97.77777777777777,confirmed
Ba: Bo:,12307,Epyllion knitwears Ltd,19-06-2022,5000,3797,,,esl@epylliongroup.com,,,,,,75.55555555555556,low
Ba: Bo:,12322,Zeisa Fashion ware Ltd..,25-06-2022,2500,3334,,,nazrulislam_1972@yahoo.com,,,,,,79.06976744186046,low
Ba: Bo:,12323,knit plus limited.,25-06-2022,7000,5146,,,ishtiaque@knitplusltd.com,,,,,,80.0,confirmed
Ba: Bo:,12327,Abran Fashion Ltd,27-06-2022,2500,6411,,,alamgir@santexknit.com,,,,,,86.48648648648648,confirmed
Ba: Bo:,12330,Fakir Knitwears Ltd,27-06-2022,6500,3979,,,fazaman@fakirgroup.com,,,,,,97.43589743589743,confirmed
Ba: Bo:,12329,Fakir Knitwears Ltd,27-06-2022,6500,3979,,,fazaman@fakirgroup.com,,,,,,97.43589743589743,confirmed
Ba: Bo:,12337,Sara Fashionwear Ltd.,07-07-2022,7500,6541,,,alom@moonluxknitbd.com,,,,,,95.23809523809523,confirmed
Ba: Bo:,12338,Lamia Garments Accessories,07-07-2022,7500,412,,,info@princegroupbd.com,,,,,,69.38775510204081,low
Ba: Bo:,12339,Bea-Con Knit Wear Limited (Factory-2),07-07-2022,13500,4655,,,beacon2sanjoy@metrokd.com,,,,,,71.1864406779661,low
Ba: Bo:,12341,Paramount Textile Limited,07-07-2022,16500,2638,,,info@portexbd.com,,,,,,81.63265306122449,confirmed
Ba: Bo:,12342,Sweatertech Ltd,07-07-2021,10500,4531,,,babul@sweatertech.com,,,,,,96.7741935483871,confirmed
Ba: Bo:,12344,Dishang Sweaters Ltd.,28-07-2022,2500,5441,,,shenglinguang@dishang.com,,,,,,97.5609756097561,confirmed
Ba: Bo:,12345,Ayesha Washing Ltd,28-07-2022,6500,4220,,,fifltd@citechco.net,,,,,,74.28571428571429,low
Ba: Bo:,12353,G.S Textile Industries,18-07-2022,6000/-,6772,,,yeakingtextileindustries@gmail.com,,,,,,76.59574468085107,low
Ba: Bo:,12352,M/s Seba Textile & Sizing,18-07-2022,3500/-,6543,,,mujib@smartjeansctg.com,,,,,,61.29032258064516,low
Ba: Bo:,12354,M/S Bismillah Dyeing & Printing.,18-07-2022,5000/-,,,,,,,,,,0,none
Ba: Bo:,12357,Hossain Dyeing & Printing Mills Ltd (Unit-2),07-08-2022,21000,5915,,,navyhosiery@gmail.com,,,,,,66.66666666666667,low
Ba: Bo:,12361,Ssain Apparels Ltd.,10-08-2022,3500,6479,,,info@ssaingroup.com,,,,,,100.0,confirmed
Ba: Bo:,12362,Brannerson Apparel Ltd,11-08-2022,7500,6200,,,ansar@brannersonapparel.com,,,,,,97.77777777777777,confirmed
Ba: Bo:,12368,Shepherd Textile (BD) Ltd,23-05-2022,7000,5979,,,shahid@soorty.com,,,,,,76.0,low
Ba: Bo:,12369,Square Textiles Ltd.,17-08-2022,7000,2148,,,log@savartex.com,,,,,,87.17948717948718,confirmed
Ba: Bo:,12372,SAG Fashion Limited,22-08-2022,10500,2686,,,dilipsaha@sazfashion.com,,,,,,89.47368421052632,confirmed
Ba: Bo:,12371,Pakiza Apparels Ltd.,18-08-2022,7000/-,6681,,,mijan.r@fpg.com.bd,,,,,,90.0,confirmed
Ba: Bo:,12373,Liz Fashion Industry Limited,22-08-2022,10500,2486,,,hasan@lizfashion.com,,,,,,79.24528301886792,low
Ba: Bo:,12374,Urmi Garments Ltd.,28-08-2022,4500,571,,,asif@urmigroup.net,,,,,,100.0,confirmed
Ba: Bo:,12377,P R S Textile,24-08-2022,2500,5903,,,,,,,,,69.23076923076923,low
Ba: Bo:,12378,Rahman Sports wear Ltd,22-06-2022,2500,5965,,,rsw@dhaka.net,,,,,,85.0,confirmed
Ba: Bo:,12380,M P Sweaters Ltd,05-09-2022,7500,1694,,,mazidtalukdar@yahoo.com,,,,,,90.9090909090909,confirmed
Ba: Bo:,12382,Rupali Dyeing & Processing Mills Ltd.,11-09-2022,6500/-,6833,,,info@mosharafgroup.com,,,,,,68.29268292682926,low
Ba: Bo:,12381,RGR Sweater Limited,05-09-2022,10500,7184,,,reo.sewaters@gmail.com,,,,,,87.17948717948718,confirmed
Ba: Bo:,12385,Robust Knit Fashion Ltd,18-09-2022,2500,3301,,,mia@bangla.net,,,,,,80.85106382978724,confirmed
Ba: Bo:,12386,Alliance Knit Composite Ltd,26-09-2022,6500,5838,,,chairman@akclbd.com,,,,,,98.18181818181819,confirmed
Ba: Bo:,12387,R K Knit Dyeing Ltd,26-09-2022,3500,6122,,,msknitdesign@gmail.com,,,,,,73.6842105263158,low
Ba: Bo:,12389,Rishal Garments Ltd,26-09-2022,2500,177,,,shakawat.hossain@rishalgroup.com.bd,,,,,,97.43589743589743,confirmed
Ba: Bo:,12404,Mavin Fashion Ltd,24-09-2022,2500,5976,,,,,,,,,85.71428571428572,confirmed
Ba: Bo:,12406,Ayesha Fashion Ltd,21-09-2022,3500,4193,,,palmalexport@palmalgarments.com,,,,,,97.2972972972973,confirmed
Ba: Bo:,12407,Jony Textile mills Ltd,24-09-2022,6500,1411,,,unity@abnetbd.com,,,,,,76.19047619047619,low
Ba: Bo:,12412,Dong Bang Dyeing Limited,16-01-2023,3500,4166,,,imran@bandodesign.com,,,,,,63.41463414634146,low
Ba: Bo:,12414,Dong Bang Dyeing Limited,16-01-2023,3500,4166,,,imran@bandodesign.com,,,,,,63.41463414634146,low
Ba: Bo:,12413,Dong Bang Dyeing Limited,16-01-2023,3500,4166,,,imran@bandodesign.com,,,,,,63.41463414634146,low
Ba: Bo:,12415,Dong Bang Dyeing Limited,16-01-2023,3500,4166,,,imran@bandodesign.com,,,,,,63.41463414634146,low
Ba: Bo:,12417,Dong Bang Dyeing Limited,16-01-2023,3500,4166,,,imran@bandodesign.com,,,,,,63.41463414634146,low
Ba: Bo:,12416,Dong Bang Dyeing Limited,16-01-2023,3500,4166,,,imran@bandodesign.com,,,,,,63.41463414634146,low
Ba: Bo:,12424,Epyllion Fabrics Ltd,05-09-2022,21000,3797,,,esl@epylliongroup.com,,,,,,74.4186046511628,low
Ba: Bo:,12425,Fashion Flow Apparels Ltd,26-09-2022,7500,6342,,,shazzad@fashionflow.com.bd,,,,,,98.0392156862745,confirmed
Ba: Bo:,12426,Blue Planet Fashionwear Ltd,26-09-2022,19500,7036,,,salam@blueplanetgroup.com,,,,,,98.18181818181819,confirmed
Ba: Bo:,12429,Renaissance Apparels Ltd,26-09-2022,7500,4417,,,modasser.pasha@arafapparels.com,,,,,,97.95918367346938,confirmed
Ba: Bo:,12430,N.K Sweaters Ltd (Knit Division),26-09-2022,10500,3488,,,radix@bdonline.com,,,,,,69.0909090909091,low
Ba: Bo:,12432,Hamza Textiles Limited,03-10-2022,21000,6564,,,hakim@aflbd.net,,,,,,77.27272727272727,low
Ba: Bo:,12433,Hamza Textiles Limited,03-10-2022,21000,6564,,,hakim@aflbd.net,,,,,,77.27272727272727,low
Ba: Bo:,12435,Fabrica Knit Composite Ltd.,04-10-2022,7000,4827,,,mijan.r@fpg.com.bd,,,,,,100.0,confirmed
Ba: Bo:,12437,Mondol Fashion Ltd.,04-10-2022,2500,5536,,,info@mondol.net,,,,,,97.43589743589743,confirmed
Ba: Bo:,12436,Pretty Composite Textile Ltd.,04-10-2022,6500,4557,,,md@magpiegroupbd.com,,,,,,82.75862068965517,confirmed
Ba: Bo:,12438,SMCC Apparels Ltd.,04-10-2022,2500,5287,,,info@simgroup-bd.com,,,,,,91.42857142857143,confirmed
Ba: Bo:,12439,Jaj Bhuiyan Textile Mills,05-10-2022,3500/-,6130,,,,,,,,,73.91304347826086,low
Ba: Bo:,12440,Jaj Bhuiyan Textile Mills,05-10-2022,3500/-,6130,,,,,,,,,73.91304347826086,low
Ba: Bo:,12441,Chorka Textile Ltd.,05-10-2022,4500/-,6048,,,ceo@prangroup.com,,,,,,100.0,confirmed
Ba: Bo:,12442,LOGOS Apparel Ltd,09-10-2022,19500,5331,,,,,,,,,82.35294117647058,confirmed
Ba: Bo:,12452,M/s J.S Apparels,15-10-2022,3500,1890,,,mohsin@marsapparels.com,,,,,,76.47058823529412,low
Ba: Bo:,12453,Sailtex Fashion,15-10-2022,2500,6399,,,mk@motex-dk.com,,,,,,78.57142857142857,low
Ba: Bo:,12454,Arkay Knit Dyeing Mills Limited,09-10-2022,18000,6668,,,palmalexport@palmalgarments.com,,,,,,91.52542372881356,confirmed
Ba: Bo:,12456,Arco Sweater Ltd,19-10-2022,7500,3720,,,arnob@siriusbb.com,,,,,,85.71428571428572,confirmed
Ba: Bo:,12470,Tahia Pacges & Printing.,24-10-2022,2500/-,,,,,,,,,,0,none
Ba: Bo:,12472,HRONE FASHIONS LTD.,25-10-2022,7500,6519,,,selim.hronefashions@gmail.com,,,,,,97.43589743589743,confirmed
Ba: Bo:,12475,Zilani Washing,25-10-2022,7500,6218,,,taniafashion121@gmail.com,,,,,,66.66666666666667,low
Ba: Bo:,12473,Hagh Knitwear,25-10-2022,7500,4723,,,haghknit@yahoo.com,,,,,,96.2962962962963,confirmed
Ba: Bo:,12480,Glare fashions ltd,26-10-2022,2500,5652,,,,,,,,,72.22222222222221,low
Ba: Bo:,12481,epillion knit wear ltd,27-10-2022,2500,4655,,,beacon2sanjoy@metrokd.com,,,,,,63.63636363636363,low
Ba: Bo:,12485,dekko knitwears Ltd.,27-10-2022,2500,6144,,,arifmidnight@gmail.com,,,,,,65.11627906976744,low
Ba: Bo:,12487,Eva Sweater Limited,01-11-2022,7500,3622,,,saddam-islam@smugsweater.com,,,,,,85.71428571428572,confirmed
Ba: Bo:,12488,Euro Knitwear Ltd (Unit-2),25-10-2022,10500,3294,,,dkl@epylliongroup.com,,,,,,83.63636363636364,confirmed
Ba: Bo:,12490,Jinnat Knitwears Limited,01-11-2022,19500,4818,,,jabbar@dbl-group.com,,,,,,88.88888888888889,confirmed
Ba: Bo:,12489,Jinnat Knitwears Limited,01-11-2022,19500,4818,,,jabbar@dbl-group.com,,,,,,88.88888888888889,confirmed
Ba: Bo:,12491,Jinnat Knitwears Limited,01-11-2022,19500,4818,,,jabbar@dbl-group.com,,,,,,88.88888888888889,confirmed
Ba: Bo:,12492,Jinnat Knitwears Limited,01-11-2022,19500,4818,,,jabbar@dbl-group.com,,,,,,88.88888888888889,confirmed
Ba: Bo:,12493,Danys Knitwear Ltd.,07-11-2022,7500,5724,,,khasandkl@gmail.com,,,,,,100.0,confirmed
Ba: Bo:,12494,Fashion Innovation Centre,07-11-2022,7500,3689,,,info@classicbd.com,,,,,,75.0,low
Ba: Bo:,12495,Kashfi Knit Wears Limited,07-11-2022,7500,5715,,,kamal@kemsgroup.com,,,,,,86.95652173913044,confirmed
Ba: Bo:,12496,Hejaz Sweaters Limited,07-11-2022,7500,6271,,,alamgir@hejazbd.com,,,,,,87.8048780487805,confirmed
Ba: Bo:,12497,N. R. Spinning Mills Ltd.,10-11-2022,6000/-,3772,,,quddus@dragon-sweater.net,,,,,,80.85106382978724,confirmed
Ba: Bo:,12499,Aparupa Textile Mills Ltd.,10-11-2022,5000/-,6690,,,fairtextilemills@yahoo.com,,,,,,85.71428571428572,confirmed
Ba: Bo:,12500,Momin Textile Mills Ltd. (Unit-02),10-11-2022,6000/-,2329,,,tamalh@bdmail.net,,,,,,74.57627118644068,low
Ba: Bo:,12501,M/S. Tania Dyeing Printing & Finishing Mills,10-11-2022,6500/-,5915,,,navyhosiery@gmail.com,,,,,,76.54320987654322,low
Ba: Bo:,12502,Bando Eco Apparels ltd.,08-11-2022,3500,6222,,,rahman@teamtexgroup.com,,,,,,95.65217391304348,confirmed
Ba: Bo:,12509,Olympic Fashion Limited,15-11-2022,7500,6447,,,olympicfashionltd@gmail.com,,,,,,88.37209302325581,confirmed
Ba: Bo:,12510,Olympic Fashion Limited,15-11-2022,7500,6447,,,olympicfashionltd@gmail.com,,,,,,88.37209302325581,confirmed
Ba: Bo:,12511,Olympic Fashion Limited,15-11-2022,7500,6447,,,olympicfashionltd@gmail.com,,,,,,88.37209302325581,confirmed
Ba: Bo:,12519,Ronak Spinning Mills Ltd.,23-11-2022,2500,3772,,,quddus@dragon-sweater.net,,,,,,80.85106382978724,confirmed
Ba: Bo:,12520,Sandach Calendaring and Finishing Industries.,23-11-2022,6000,6557,,,rehana@standardclothingsindstries.com,,,,,,64.1025641025641,low
Ba: Bo:,12530,Vision Garments Ltd,21-11-2022,6500,4624,,,vision@vision-bd.com,,,,,,97.43589743589743,confirmed
Ba: Bo:,12532,M/S Sinha Knit Industries Limited,23-11-2022,3500,5070,,,commercial@sinhafwl.com,,,,,,70.37037037037037,low
Ba: Bo:,12533,Ris Fashion,24-11-2022,2500,3240,,,fatima@rainfashion.com,,,,,,83.33333333333334,confirmed
Ba: Bo:,12534,Hilton Apparels Ltd,21-11-2022,2500,6640,,,helal@hilton.com,,,,,,97.43589743589743,confirmed
Ba: Bo:,12535,euroasia apparels ltd,21-11-2022,2500,1657,,,manco@globalctg.net,,,,,,71.7948717948718,low
Ba: Bo:,12546,M/S A M S Apparels Ltd,20-11-2022,2500,6476,,,tmssapparelsltd27@gmail.com,,,,,,80.0,confirmed
Ba: Bo:,12548,Larij Fashion Ltd,23-11-2022,3500,3194,,,leans@globalctg.net,,,,,,85.71428571428572,confirmed
Ba: Bo:,12550,Larij Fashion Ltd,23-11-2022,3500,3194,,,leans@globalctg.net,,,,,,85.71428571428572,confirmed
Ba: Bo:,12549,Larij Fashion Ltd,23-11-2022,3500,3194,,,leans@globalctg.net,,,,,,85.71428571428572,confirmed
Ba: Bo:,12552,Rockey knitting mills Ptv ltd,23-11-2022,6500,6044,,,,,,,,,60.37735849056604,low
Ba: Bo:,12553,J & J Febrics & textile Ltd,23-11-2022,4500,2655,,,ctg@asianapparels.com,,,,,,62.22222222222222,low
Ba: Bo:,12555,M/S Amin dyeing & knitting Mills,08-11-2022,5000,,,,,,,,,,0,none
Ba: Bo:,12557,Tropical Knitex Ltd,22-11-2022,10500,3362,,,commercial@mondol.net,,,,,,97.43589743589743,confirmed
Ba: Bo:,12558,M/s Dalas Fashions Ltd.,22-11-2022,21000,6350,,,md@dalasfashions.com,,,,,,90.47619047619048,confirmed
Ba: Bo:,12560,Showan Knit Composite Limited,22-11-2022,7500,5330,,,md@saihamknit.com,,,,,,80.0,confirmed
Ba: Bo:,12561,Fardar Fashions Limited,22-11-2022,7500,6540,,,zafar@ayzexpress.com,,,,,,88.37209302325581,confirmed
Ba: Bo:,12569,Comfite Composite Knit Ltd,28-11-2022,9000,4178,,,Munna@youthbd.com,,,,,,96.15384615384616,confirmed
Ba: Bo:,12571,Pearl Garments Co. Ltd.,27-11-2022,2500,141,,,epic@epicbd.com,,,,,,88.0,confirmed
Ba: Bo:,12572,Queen south textile mills ltd,28-11-2022,7500,2154,,,arefin@arefingroupbd.com,,,,,,62.96296296296296,low
Ba: Bo:,12573,Creative Yarn Dyeing,27-11-2022,2500,4154,,,texprousa@aol.com,,,,,,65.11627906976744,low
Ba: Bo:,12576,Fortis Garments Ltd,22-11-2022,7500,5100,,,md@texfortis.com,,,,,,97.43589743589743,confirmed
Ba: Bo:,12578,TS Sweaters Limited,06-12-2022,7500,7192,,,info@shovongroup-bd.com,,,,,,82.92682926829268,confirmed
Ba: Bo:,12580,Best Wool Sweaters Ltd,06-12-2022,15000,3826,,,akabir@bestwoolbd.net,,,,,,97.77777777777777,confirmed
Ba: Bo:,12579,Gumti Textiles Limited,06-12-2022,7500,2443,,,akhter@gumtitex.com,,,,,,87.8048780487805,confirmed
Ba: Bo:,12585,Provati Apparels Ltd.,07-12-2022,2500/-,3379,,,ilias@provatiapparls.com,,,,,,100.0,confirmed
Ba: Bo:,12586,Priyam Garments Ltd,07-12-2022,2500/-,1077,,,masalam@asianapparels.com,,,,,,97.43589743589743,confirmed
Ba: Bo:,12587,Image Garments Ltd,07-12-2022,2500/-,1835,,,tahmid.anwar@imagectg.com,,,,,,97.2972972972973,confirmed
Ba: Bo:,12590,jara washing & dyeing technology ltd.,08-12-2022,2500,,,,,,,,,,0,none
Ba: Bo:,12593,Taharat Composite Ltd.,10-12-2022,3500,6357,,,mijan.r@fpg.com.bd,,,,,,100.0,confirmed
Ba: Bo:,12600,D A K Textile,07-12-2022,5500,5936,,,,,,,,,69.23076923076923,low
Ba: Bo:,12605,Fin-Bangla Apparels Ltd.,06-12-2022,7500,6189,,,mkzaman@pinakigroup.com,,,,,,100.0,confirmed
Ba: Bo:,12606,Siam Washing,06-12-2022,7500,7012,,,mizanmahid7@gmail.com,,,,,,64.51612903225806,low
Ba: Bo:,12607,Jinnat Fashions Limited,08-12-2022,19500,3929,,,jabbar@dbl-group.com,,,,,,88.37209302325581,confirmed
Ba: Bo:,12608,Jinnat Fashions Limited,08-12-2022,19500,3929,,,jabbar@dbl-group.com,,,,,,88.37209302325581,confirmed
Ba: Bo:,12609,Mawna Fashions Limited,08-12-2022,15000,7058,,,raju@suhanafashions.com,,,,,,88.88888888888889,confirmed
Ba: Bo:,12611,Tosy Knit Fabrics Ltd,06-12-2022,7500,2460,,,tosyknit@gmail.com,,,,,,97.67441860465115,confirmed
Ba: Bo:,12613,Desh bondhu Textile Mills Ltd,27-12-2022,5500/-,6508,,,dtml@dbg.com.bd,,,,,,75.86206896551724,low
Ba: Bo:,12615,River star Fashion wear Ltd,14-12-2022,2500,6299,,,showkat@riverstarfashionwearltd.com,,,,,,92.5925925925926,confirmed
Ba: Bo:,12619,A r tex Composite Ltd,19-12-2022,5000,5407,,,karim@edgeconbd.com,,,,,,80.0,confirmed
Ba: Bo:,12620,M/S Asrafi Textile Mills,26-12-2022,5500,2154,,,arefin@arefingroupbd.com,,,,,,77.55102040816327,low
Ba: Bo:,12621,M/S Taj Textile,26-12-2022,4500,6345,,,eti@gmsbd.com,,,,,,68.75,low
Ba: Bo:,12623,Joowon Global Fashion (BD) Ltd,26-12-2022,7500,7197,,,jasim@fashionsfloor.com,,,,,,70.58823529411764,low
Ba: Bo:,12625,Probridhi Apparels Ltd.,26-12-2022,7500,5948,,,info@probridhiapparels.com,,,,,,100.0,confirmed
Ba: Bo:,12626,Unimas Sportswear Ltd,21-12-2022,10500,5371,,,shah@mainland-bd.com,,,,,,97.67441860465115,confirmed
Ba: Bo:,12627,Iris Fabrics Ltd.,21-12-2022,19500,4641,,,alam@irisgroupbd.com,,,,,,100.0,confirmed
Ba: Bo:,12628,VFS Thread Dyeing Limited,21-12-2022,7500,2457,,,saka@global-bd.net,,,,,,60.46511627906976,low
Ba: Bo:,12648,Zaber & Zubair Fabrics Limited,05-01-2023,21000,4934,,,noman@znzfab.com,,,,,,91.22807017543859,confirmed
Ba: Bo:,12647,Friends Knittings Limited,05-01-2023,10500,830,,,md@debonairgroupbd.com,,,,,,89.36170212765957,confirmed
Ba: Bo:,12649,Columbia Washing Plant Ltd,05-01-2023,19500,7012,,,mizanmahid7@gmail.com,,,,,,71.11111111111111,low
Ba: Bo:,12661,Univouge Garments Company Ltd.,12-01-2023,6000/-,424,,,ashvin@uglgroup.com,,,,,,85.71428571428572,confirmed
Ba: Bo:,12741,Lablu Babul Composite Textile Ltd.,01-02-2022,6000,4233,,,ndaulah@dirdgroup.org,,,,,,74.19354838709677,low
Ba: Bo:,12819,Mitali Fashions Ltd.,23-02-2023,19500,3164,,,abdullah@mitalifashions.net,,,,,,100.0,confirmed
Ba: Bo:,12862,KDS Textile Mills Ltd,09-03-2023,7000/-,3763,,,garment@kdsgroup.net,,,,,,97.67441860465115,confirmed
Ba: Bo:,12918,Euro Washing Ltd.,04-04-2023,15000,4220,,,fifltd@citechco.net,,,,,,82.35294117647058,confirmed
Ba: Bo:,13626,Convince Apparels Ltd.,30-11--0001,"5,000/-",3744,,,cal@convincebd.biz,,,,,,100.0,confirmed
EP:,124,Dewan Textile Mills Ltd.,30-11--0001,6500,3763,,,garment@kdsgroup.net,,,,,,86.95652173913044,confirmed
EP:,142,Talukder Dying & Finishing Works,07-07-1996,3500,2016,,,cotton@cottongroupbd.com.bd,,,,,,61.76470588235294,low
EP:,156,Safari Washing Plant,20-07-2018,2500,7012,,,mizanmahid7@gmail.com,,,,,,66.66666666666667,low
EP:,167,S. R. S. Knit Dying Mills,06-01-2003,5500,1840,,,compliance@superknittingbd.com,,,,,,63.33333333333333,low
EP:,168,B. R Enterprise Dyeing & Finishing Mills,21-02-2018,4500,4725,,,mahtab@falcongroupbd.com,,,,,,66.66666666666667,low
EP:,175,Hashem Textile Mills Ltd.,26-08-2005,2500,5184,,,info@farihagroup.com,,,,,,89.79591836734694,confirmed
EP:,195,M/S: Shan Kniting & Processing Ltd.,04-12-1997,3500,2504,,,giant@giantbd.com,,,,,,67.74193548387098,low
EP:,210,M/S: Sonargaon Dying & Printing Ltd.,14-05-2001,3500,5915,,,navyhosiery@gmail.com,,,,,,65.75342465753424,low
EP:,221,Bangladesh Textile Institute,24-10-1993,5500,7091,,,acsinfo@acstextiles.com,,,,,,72.1311475409836,low
EP:,238,Textile Processing Industries Ltd.,06-05-1997,2500,6015,,,info@sonnettex.com,,,,,,81.25,confirmed
EP:,241,Zeenat Textile Mills Ltd.,12-03-1996,6000,3763,,,garment@kdsgroup.net,,,,,,76.59574468085107,low
EP:,248,Olympia Textile Mills Ltd.,16-05-2006,5500,2329,,,tamalh@bdmail.net,,,,,,82.35294117647058,confirmed
EP:,249,Chittagong Textile Mills Ltd.,23-12-2000,5000,3675,,,k2ahsan@yahoo.com,,,,,,80.0,confirmed
EP:,270,Chand Textile Mills Ltd.,02-08-2005,5000,6508,,,dtml@dbg.com.bd,,,,,,86.79245283018868,confirmed
EP:,272,M/S Pinki Textile,26-08-2018,5000,2396,,,pinery@spctnet.com,,,,,,66.66666666666667,low
EP:,278,Alauddin Taiwa Textile Mills Ltd.,01-01-1997,5500,4596,,,asif@urmigroup.net,,,,,,80.64516129032258,confirmed
EP:,286,Messures Khalek Textile Mills Ltd.,27-12-2011,5000,3763,,,garment@kdsgroup.net,,,,,,71.42857142857143,low
EP:,292,M/S Pinki Textile,05-08-2021,5000,2396,,,pinery@spctnet.com,,,,,,66.66666666666667,low
EP:,296,Saba Knit Apparels Ltd.,22-09-1999,3500,4705,,,showkat-rka@yahoo.com,,,,,,85.1063829787234,confirmed
EP:,310,Khulna Textile Mills Ltd.,24-05-1994,5000,3763,,,garment@kdsgroup.net,,,,,,85.1063829787234,confirmed
EP:,315,Al-haj Textile Mills Ltd.,14-04-1993,5500,6690,,,fairtextilemills@yahoo.com,,,,,,83.33333333333334,confirmed
EP:,322,Danish Knitware Ltd.,19-06-2017,2500,5724,,,khasandkl@gmail.com,,,,,,87.17948717948718,confirmed
EP:,334,Bangladesh Textile Mills Ltd.,16-01-1993,3500,6007,,,,,,,,,80.70175438596492,confirmed
EP:,337,Peoples Laundry,27-05-1976,2500,,,,,,,,,,0,none
EP:,340,Monno Textile Mills Ltd.,06-01-1998,3500,708,,,monotex@bdmail.net,,,,,,90.19607843137256,confirmed
EP:,343,Pahartali Textile & Hosiery Mills Ltd.,09-06-2003,6500,4776,,,mebtex@colbd.com,,,,,,71.64179104477613,low
EP:,364,New Meghna Textile Mills Ltd.,11-04-2021,5000,3233,,,regent@spnetctg.com,,,,,,74.07407407407408,low
EP:,387,Halima Textiles Ltd.,15-05-1986,5500,5035,,,mahabub@mimgroupbd.com,,,,,,87.17948717948718,confirmed
EP:,402,Akij Printing & Packeging Ltd.,24-11-2007,3500,6904,,,jibon@asiasourcing.com,,,,,,60.71428571428572,low
EP:,418,Textile Facility Centre,25-01-2023,3500,5506,,,a-hai@legendgroupleo.net,,,,,,60.86956521739131,low
EP:,432,M/S. New Millat (Maruf) Dyeing,08-04-2022,3500,,,,,,,,,,0,none
EP:,444,Hafiz Textile Mills Ltd.,26-08-1995,5000,6690,,,fairtextilemills@yahoo.com,,,,,,89.36170212765957,confirmed
EP:,481,Madina Textile Mills Ltd.,16-07-2006,5500,3587,,,saad_milaco@yahoo.com,,,,,,78.57142857142857,low
EP:,769,Safari Washing Plant,30-11--0001,2500,7012,,,mizanmahid7@gmail.com,,,,,,66.66666666666667,low
EP:,774,Safari Washing Plant,30-11--0001,2500,7012,,,mizanmahid7@gmail.com,,,,,,66.66666666666667,low
EP:,872,Safari Washing Plant,30-11--0001,2500,7012,,,mizanmahid7@gmail.com,,,,,,66.66666666666667,low
EP:,4607,Safari Washing Plant,30-11--0001,2500,7012,,,mizanmahid7@gmail.com,,,,,,66.66666666666667,low
EP:,7575,Ahmed Bawani Textile Mills Ltd.,30-11--0001,6500,5475,,,,,,,,,87.71929824561404,confirmed
EP:,10400,Ahmed Bawani Textile Mills Ltd.,30-11--0001,6500,5475,,,,,,,,,87.71929824561404,confirmed
BL:,546,Epick Garments Manufacturing Company Ltd.,30-11--0001,2500,7025,,,cosecretary@epicbd.com,,,,,,81.3953488372093,confirmed
BL:,1226,Epic Garments Manufacturing Company Ltd.,30-11--0001,2500,7025,,,cosecretary@epicbd.com,,,,,,82.35294117647058,confirmed
BL:,1531,Taikan Fashion Limited,30-11--0001,2500,7150,,,tasmiafashion007@gmail.com,,,,,,90.9090909090909,confirmed
BL:,1641,Ibrahim Textile Ltd.,30-11--0001,8000,2122,,,azizul@jerkin-group.com,,,,,,82.05128205128204,confirmed
BL:,2654,Wali Textile Mills Ltd.,13-01-1986,3500,3763,,,garment@kdsgroup.net,,,,,,80.0,confirmed
BL:,2811,Roshawa Knitwears Ltd.,30-11--0001,2500,6708,,,rafinknitwearltd@gmail.com,,,,,,80.95238095238095,confirmed
BL:,4086,O. K. Textile Mills Ltd.,30-11--0001,2500,3763,,,garment@kdsgroup.net,,,,,,86.95652173913044,confirmed
BL:,5035,Epic Garments Manufacturing Company Ltd.,30-11--0001,2500,7025,,,cosecretary@epicbd.com,,,,,,82.35294117647058,confirmed
BL:,5465,Roshawa Knitwears Ltd.,30-11--0001,2500,6708,,,rafinknitwearltd@gmail.com,,,,,,80.95238095238095,confirmed
BL:,5686,Roshawa Knitwears Ltd.,30-11--0001,2500,6708,,,rafinknitwearltd@gmail.com,,,,,,80.95238095238095,confirmed
BL:,6416,Hossain Dying & Printing Mills Ltd.,30-11--0001,5000,5915,,,navyhosiery@gmail.com,,,,,,75.0,low
BL:,6480,Doet Finishing Net Ind: (P:) Ltd.,28-12-2004,3500,5445,,,,,,,,,63.1578947368421,low
BL:,6490,Doet Finishing Net Ind: (P:) Ltd.,24-01-2000,,5445,,,,,,,,,63.1578947368421,low
BL:,6513,Hossain Calendaring & Finishing Mills,09-04-2006,3500,4725,,,mahtab@falcongroupbd.com,,,,,,66.66666666666667,low
BL:,6539,National Textile Mills,16-07-1988,3500,3985,,,info@sattartextile.com,,,,,,72.34042553191489,low
BL:,6546,Pahartali Textile & Hosiery Mills,30-11--0001,3500,2009,,,athl@citechco.net,,,,,,62.295081967213115,low
BL:,6572,Vuiyan Textile & Calendaring Mills Ltd.,10-06-2012,2500,2154,,,arefin@arefingroupbd.com,,,,,,68.75,low
BL:,6754,M/S. Shawn Kniting & Processing Ltd.,27-12-2005,4500,2504,,,giant@giantbd.com,,,,,,66.66666666666667,low
BL:,7310,Univoge Garments Co. Ltd,18-07-2021,2500,424,,,ashvin@uglgroup.com,,,,,,96.0,confirmed
BL:,7406,York Fashion Ltd,24-10-2022,2500/-,2526,,,salim@yorkbd.com,,,,,,96.96969696969697,confirmed
BL:,7407,Eastern knit wear Ltd.,12-10-2016,2500,3219,,,shaheedeg@gmail.com,,,,,,72.72727272727273,low
BL:,7477,E H Fabrics Ltd.,11-02-2020,2500,4560,,,quamar@florencebd.com,,,,,,84.84848484848484,confirmed
BL:,7533,Indigo Washing Ltd,03-07-2022,2500,4220,,,fifltd@citechco.net,,,,,,74.28571428571429,low
BL:,7589,Akij Textile Mills Ltd,26-06-2021,6500,2154,,,arefin@arefingroupbd.com,,,,,,85.1063829787234,confirmed
BL:,7699,Alema Textiles Ltd.,22-09-2022,4500,5035,,,mahabub@mimgroupbd.com,,,,,,100.0,confirmed
BL:,7770,Newage textile  Ltd.,16-11-2021,6500,5000,,,shameem@oneway-textile.com,,,,,,78.94736842105263,low
BL:,7965,A C E Apparels Limited,12-04-2023,2500,1326,,,,,,,,,83.72093023255813,confirmed
BL:,8031,Noman Knit Composite Mills Ltd.,26-09-2022,7500,5947,,,,,,,,,84.7457627118644,confirmed
BL:,8035,Genetic Fashions Ltd.,09-03-2022,2500,1369,,,tarique_ahmed@mj-group.com,,,,,,87.8048780487805,confirmed
BL:,8063,Dewan Textile Mills Ltd.,23-08-1996,5500,3763,,,garment@kdsgroup.net,,,,,,86.95652173913044,confirmed
BL:,8106,Probridhi Apparels Ltd.,24-08-2022,4500,5948,,,info@probridhiapparels.com,,,,,,100.0,confirmed
BL:,8109,Nafa Apparels Ltd.,21-06-2022,5500,3962,,,palmalexport@palmalgarments.com,,,,,,100.0,confirmed
BL:,8145,meek knit Ltd.,24-07-2021,4500,3280,,,rubel_ahmed08@yahoo.com,,,,,,64.51612903225806,low
BL:,8167,Hossain Dying & Printing Mills Ltd.,30-11--0001,5000,5915,,,navyhosiery@gmail.com,,,,,,75.0,low
BL:,8168,Taikan Fashion Limited,18-08-2016,2500,7150,,,tasmiafashion007@gmail.com,,,,,,90.9090909090909,confirmed
BL:,8169,Russel Apparels,09-08-2022,2500,5390,,,aumollah@osmangroupbd.com,,,,,,100.0,confirmed
BL:,8250,Majumder Garments Ltd.,13-08-2022,2500,155,,,sajjad@majumder.org,,,,,,100.0,confirmed
BL:,8285,Bea-Con Knitwear Ltd. (Factory-02).,29-11-2022,3500,3294,,,dkl@epylliongroup.com,,,,,,68.75,low
BL:,8349,S2L Fashions Pvt Ltd.,24-12-2022,3500,3267,,,spknit@dandylink.com,,,,,,81.08108108108108,confirmed
BL:,8375,Sanzi Textile Mills Ltd.,11-10-2022,3500/-,3985,,,info@sattartextile.com,,,,,,85.71428571428572,confirmed
BL:,8394,Fashion Support Ltd.,22-01-2022,4500,5754,,,info@shahdowlla-fashions.com,,,,,,97.5609756097561,confirmed
BL:,8448,oishi Fashion pvt Ltd,27-02-2022,6500,3198,,,enayet@fpl-bd.com,,,,,,78.94736842105263,low
BL:,8449,Stylish Garments Ltd.,16-01-2022,6500,6106,,,salauddinnsu@hotmail.com,,,,,,100.0,confirmed
BL:,8450,Stylish Garments Ltd.,16-01-2022,6500,6106,,,salauddinnsu@hotmail.com,,,,,,100.0,confirmed
BL:,8457,Hossain Dying & Printing Mills Ltd.,30-11--0001,5000,5915,,,navyhosiery@gmail.com,,,,,,75.0,low
BL:,8539,Hossain Dying & Printing Mills Ltd.,30-11--0001,5000,5915,,,navyhosiery@gmail.com,,,,,,75.0,low
BL:,8562,Aurum Sweater Ltd.,12-05-2022,3500,4692,,,amersalim@knitasia.com,,,,,,100.0,confirmed
BL:,8613,Ibrahim Textile Ltd.,30-11--0001,8000,2122,,,azizul@jerkin-group.com,,,,,,82.05128205128204,confirmed
BL:,8717,Apex Textile Printing Mills Limited,17-05-2022,2500,4143,,,gopesh@apexholdings.com,,,,,,92.53731343283582,confirmed
BL:,8764,Aurum Sweater Ltd.,30-11--0001,3500,4692,,,amersalim@knitasia.com,,,,,,100.0,confirmed
BL:,8790,Alpha Dresswear Ltd.,11-04-2022,3500,6112,,,adldrrrresswear@yahoo.com,,,,,,100.0,confirmed
BL:,8791,Knit bazzar (Pvt) Ltd.,20-09-2022,2500,4783,,,panshiknit@yahoo.com,,,,,,75.55555555555556,low
BL:,8842,Gold tex Garments Ltd.,22-10-2022,7000,4077,,,,,,,,,83.72093023255813,confirmed
BL:,8948,M N M Yearn Dyeing Ind. Ltd.,29-11-2022,5000,3741,,,infosys@landmark-grpbd.com,,,,,,71.69811320754718,low
BL:,9017,Arif Knit Spin Limited,26-12-2022,6500,6619,,,monir.sumon@gmail.com,,,,,,68.29268292682926,low
BL:,9101,Purbasha Composite Tex Ltd.,18-01-2023,2500,6262,,,arch-alih@yahoo.com,,,,,,100.0,confirmed
BL:,9162,CITADEL APPARELS LTD.,18-02-2019,2500,6334,,,munir@purbaapparels.com,,,,,,60.46511627906976,low
BL:,9196,Bengal Harican dying and printing(Pvt.) Ltd,14-03-2022,6500,,,,,,,,,,0,none
BL:,9198,Seaview Dresses Ltd.,22-03-2022,2500,6243,,,parkscen@bangla.net,,,,,,100.0,confirmed
BL:,9205,Hossain Dying & Printing Mills Ltd.,30-11--0001,5000,5915,,,navyhosiery@gmail.com,,,,,,75.0,low
BL:,9424,Khulna Textile Mills,30-11--0001,5000,6130,,,,,,,,,73.17073170731707,low
BL:,11049,Roshawa Knitwears Ltd.,30-11--0001,2500,6708,,,rafinknitwearltd@gmail.com,,,,,,80.95238095238095,confirmed
BL:,11647,Khulna Textile Mills,30-11--0001,5000,6130,,,,,,,,,73.17073170731707,low
BL:,12819,Mitali Fashions Ltd.,23-02-2023,19500,3164,,,abdullah@mitalifashions.net,,,,,,100.0,confirmed
EBL:,51,Olympia Textile Mills Ltd.,19-03-2004,5000,2329,,,tamalh@bdmail.net,,,,,,82.35294117647058,confirmed
EBL:,69,S. R. Textile Mills Ltd.,21-05-1981,2500,3233,,,regent@spnetctg.com,,,,,,81.63265306122449,confirmed
EBL:,424,Sapphire Garments Ltd.,30-11--0001,2500,57,,,nhaque@shagore.com,,,,,,83.72093023255813,confirmed
EBL:,1736,Jaber & Jobayer Fabrics Ltd.,30-11--0001,,4019,,,asean@globalctg.net,,,,,,66.66666666666667,low
EBL:,3696,"Alauddin Textile Mills (A,T,M) Pvt. Ltd.",30-11--0001,6000,4596,,,asif@urmigroup.net,,,,,,72.46376811594203,low
CP:,613,Sohagpur Textile Mills Ltd.,11-06-1998,5000,3985,,,info@sattartextile.com,,,,,,84.61538461538461,confirmed
UP:,8063,Dewan Textile Mills Ltd.,30-11--0001,5500,3763,,,garment@kdsgroup.net,,,,,,86.95652173913044,confirmed
K:,111,Khulna Textile Mills Ltd.,30-11--0001,2500,3763,,,garment@kdsgroup.net,,,,,,85.1063829787234,confirmed
A:,371,Sazzadur Textile (B:) Ltd.,17-04-2000,5000,2148,,,log@savartex.com,,,,,,75.55555555555556,low
A:,563,Al-Amin Dying & Printing Factory,13-07-2001,4500,,,,,,,,,,0,none
A:,807,Molla Fabrics Ind:,07-03-2008,3500,4002,,,commercial@mondol.net,,,,,,70.27027027027026,low
A:,873,Ellal Textile Mills,25-05-1963,5500,5952,,,,,,,,,72.22222222222221,low
A:,1195,Radiance Knitware Ltd.,29-09-2008,3500,3385,,,md@texgengroup.com,,,,,,93.33333333333333,confirmed
A:,1264,Rony Textile & Processing Mills,21-05-2001,5000,3603,,,rafique@tejgaontextile.com,,,,,,66.66666666666667,low
A:,2594,Panther Textiles Ltd.,30-11--0001,2500,2396,,,pinery@spctnet.com,,,,,,85.0,confirmed
